implementation,kernel,core,validation,ok_runs,failed_runs,mean_time_sec,mean_time_ms,mean_gops,min_gops,max_gops,mean_ipc,min_ipc,max_ipc,ipc_runs
IME,ime_kernel_8x4_zvl256b_lmul1_unroll1,0,OK,6,0,0.07902,79.020000,27.18266667,26.4796,27.5107,0.477227,0.4700396566,0.4810966606,6
IME,ime_kernel_8x4_zvl256b_lmul1_unroll1,1,OK,6,0,0.07897983333,78.979833,27.20395,25.9885,27.8482,0.477738,0.4642762359,0.4849562667,6
IME,ime_kernel_8x4_zvl256b_lmul1_unroll1,2,OK,6,0,0.07810316667,78.103167,27.49741667,27.1792,27.7372,0.481002,0.4775626279,0.4839239811,6
IME,ime_kernel_8x4_zvl256b_lmul1_unroll1,3,OK,6,0,0.07764383333,77.643833,27.65948333,27.3963,27.931,0.481979,0.4789408633,0.4854827437,6
IME,ime_kernel_8x4_zvl256b_lmul1_unroll2,0,OK,6,0,0.08131016667,81.310167,26.43865,24.9828,27.5666,0.450281,0.4345452385,0.4599888031,6
IME,ime_kernel_8x4_zvl256b_lmul1_unroll2,1,OK,6,0,0.079235,79.235000,27.10858333,26.372,27.7359,0.457157,0.4547949417,0.4633889223,6
IME,ime_kernel_8x4_zvl256b_lmul1_unroll2,2,OK,6,0,0.07874666667,78.746667,27.27485,26.6949,27.7139,0.45795,0.4512329751,0.4621167146,6
IME,ime_kernel_8x4_zvl256b_lmul1_unroll2,3,OK,6,0,0.07866933333,78.669333,27.32256667,25.7175,28.388,0.457883,0.4416885278,0.4686081918,6
IME,ime_kernel_8x4_zvl256b_lmul1_unroll4,0,OK,6,0,0.08102,81.020000,26.51231667,26.0011,27.0704,0.440105,0.4340512645,0.4506489002,6
IME,ime_kernel_8x4_zvl256b_lmul1_unroll4,1,OK,6,0,0.07875016667,78.750167,27.30203333,25.9397,29.0722,0.447554,0.4332040951,0.4652941122,6
IME,ime_kernel_8x4_zvl256b_lmul1_unroll4,2,OK,6,0,0.0784565,78.456500,27.38011667,26.7436,28.0286,0.448385,0.4421641571,0.454206862,6
IME,ime_kernel_8x4_zvl256b_lmul1_unroll4,3,OK,6,0,0.07993783333,79.937833,26.8719,26.3322,27.6385,0.445728,0.4415814376,0.4520345876,6
IME,ime_kernel_8x4_zvl256b_lmul1_unroll8,0,OK,6,0,0.08014066667,80.140667,26.8031,26.1245,27.4018,0.436379,0.4288182148,0.4431592103,6
IME,ime_kernel_8x4_zvl256b_lmul1_unroll8,1,OK,6,0,0.07849633333,78.496333,27.37495,26.0967,28.0363,0.442523,0.4300959144,0.4492860689,6
IME,ime_kernel_8x4_zvl256b_lmul1_unroll8,2,OK,6,0,0.07884066667,78.840667,27.24635,26.7983,28.1921,0.441081,0.436633262,0.4482145946,6
IME,ime_kernel_8x4_zvl256b_lmul1_unroll8,3,OK,6,0,0.07877466667,78.774667,27.26333333,26.8146,27.5922,0.441249,0.4367065963,0.4451251894,6
RVV,igemm_kernel_8x4_zvl256b_lmul1_unroll1_i8i32,4,OK,6,0,2.0906665,2090.666500,1.027166667,1.025,1.0284,0.336032,0.3353792582,0.3364200034,6
RVV,igemm_kernel_8x4_zvl256b_lmul1_unroll1_i8i32,5,OK,6,0,2.104439,2104.439000,1.02045,1.0117,1.024,0.335473,0.335139337,0.3360119267,6
RVV,igemm_kernel_8x4_zvl256b_lmul1_unroll1_i8i32,6,OK,6,0,2.0897535,2089.753500,1.027616667,1.0256,1.0284,0.336209,0.3355884331,0.3364484401,6
RVV,igemm_kernel_8x4_zvl256b_lmul1_unroll1_i8i32,7,OK,6,0,2.0911195,2091.119500,1.026966667,1.0253,1.029,0.335938,0.3354628626,0.3365401465,6
RVV,igemm_kernel_8x4_zvl256b_lmul1_unroll2_i8i32,4,OK,6,0,3.328788667,3328.788667,0.6451166667,0.6447,0.6455,0.300491,0.3003389563,0.300651315,6
RVV,igemm_kernel_8x4_zvl256b_lmul1_unroll2_i8i32,5,OK,6,0,3.341598833,3341.598833,0.64265,0.6422,0.6433,0.300281,0.3001057703,0.3005999025,6
RVV,igemm_kernel_8x4_zvl256b_lmul1_unroll2_i8i32,6,OK,6,0,3.330196833,3330.196833,0.6448333333,0.6445,0.6451,0.300372,0.3002086645,0.3005296226,6
RVV,igemm_kernel_8x4_zvl256b_lmul1_unroll2_i8i32,7,OK,6,0,3.331411833,3331.411833,0.6446166667,0.6433,0.6453,0.300322,0.3000930526,0.3005790989,6
RVV,igemm_kernel_8x4_zvl256b_lmul1_unroll4_i8i32,4,OK,6,0,3.376997333,3376.997333,0.6359166667,0.6357,0.6362,0.313139,0.313057834,0.3132794891,6
RVV,igemm_kernel_8x4_zvl256b_lmul1_unroll4_i8i32,5,OK,6,0,3.391010333,3391.010333,0.6332833333,0.6311,0.6339,0.313023,0.3127132697,0.3131730868,6
RVV,igemm_kernel_8x4_zvl256b_lmul1_unroll4_i8i32,6,OK,6,0,3.3757175,3375.717500,0.6361666667,0.6359,0.6366,0.313245,0.3131096238,0.3134339625,6
RVV,igemm_kernel_8x4_zvl256b_lmul1_unroll4_i8i32,7,OK,6,0,3.3768345,3376.834500,0.63595,0.6355,0.6364,0.313171,0.3129652355,0.3133605277,6
RVV,igemm_kernel_8x4_zvl256b_lmul1_unroll8_i8i32,4,OK,6,0,3.131594667,3131.594667,0.68575,0.6847,0.6862,0.298083,0.2978884911,0.2982295828,6
RVV,igemm_kernel_8x4_zvl256b_lmul1_unroll8_i8i32,5,OK,6,0,3.140832,3140.832000,0.6837333333,0.6833,0.684,0.298087,0.2979361171,0.2981933083,6
RVV,igemm_kernel_8x4_zvl256b_lmul1_unroll8_i8i32,6,OK,6,0,3.131757,3131.757000,0.6857166667,0.6844,0.6865,0.298092,0.2978471738,0.2983702403,6
RVV,igemm_kernel_8x4_zvl256b_lmul1_unroll8_i8i32,7,OK,6,0,3.130901833,3130.901833,0.6858833333,0.6854,0.6865,0.298097,0.2979041664,0.2983441841,6
