implementation,kernel,core,run,status,time_sec,gops,validation,return_code,matrix,output_dir,ipc,perf_log
RVV,igemm_kernel_8x4_zvl256b_lmul1_unroll1_i8i32,4,1,OK,2.095178,1.0250,OK,0,1024x1024x1024,/home/bananapi/MAT/kernels riscv rvv 1.0/FINAL/riscv-rvv-ime-gemm-microkernels-updated/k1_standalone_int8_results_1024_20260906_234746,0.3353889652,/home/bananapi/MAT/kernels riscv rvv 1.0/FINAL/riscv-rvv-ime-gemm-microkernels-updated/k1_standalone_int8_results_1024_20260906_234746/perf_logs/RVV_igemm_kernel_8x4_zvl256b_lmul1_unroll1_i8i32_core4_run1.perf.csv
RVV,igemm_kernel_8x4_zvl256b_lmul1_unroll1_i8i32,4,2,OK,2.088916,1.0280,OK,0,1024x1024x1024,/home/bananapi/MAT/kernels riscv rvv 1.0/FINAL/riscv-rvv-ime-gemm-microkernels-updated/k1_standalone_int8_results_1024_20260906_234746,0.3362437224,/home/bananapi/MAT/kernels riscv rvv 1.0/FINAL/riscv-rvv-ime-gemm-microkernels-updated/k1_standalone_int8_results_1024_20260906_234746/perf_logs/RVV_igemm_kernel_8x4_zvl256b_lmul1_unroll1_i8i32_core4_run2.perf.csv
RVV,igemm_kernel_8x4_zvl256b_lmul1_unroll1_i8i32,4,3,OK,2.088325,1.0283,OK,0,1024x1024x1024,/home/bananapi/MAT/kernels riscv rvv 1.0/FINAL/riscv-rvv-ime-gemm-microkernels-updated/k1_standalone_int8_results_1024_20260906_234746,0.3364200034,/home/bananapi/MAT/kernels riscv rvv 1.0/FINAL/riscv-rvv-ime-gemm-microkernels-updated/k1_standalone_int8_results_1024_20260906_234746/perf_logs/RVV_igemm_kernel_8x4_zvl256b_lmul1_unroll1_i8i32_core4_run3.perf.csv
RVV,igemm_kernel_8x4_zvl256b_lmul1_unroll1_i8i32,4,4,OK,2.088114,1.0284,OK,0,1024x1024x1024,/home/bananapi/MAT/kernels riscv rvv 1.0/FINAL/riscv-rvv-ime-gemm-microkernels-updated/k1_standalone_int8_results_1024_20260906_234746,0.3364065125,/home/bananapi/MAT/kernels riscv rvv 1.0/FINAL/riscv-rvv-ime-gemm-microkernels-updated/k1_standalone_int8_results_1024_20260906_234746/perf_logs/RVV_igemm_kernel_8x4_zvl256b_lmul1_unroll1_i8i32_core4_run4.perf.csv
RVV,igemm_kernel_8x4_zvl256b_lmul1_unroll1_i8i32,4,5,OK,2.094646,1.0252,OK,0,1024x1024x1024,/home/bananapi/MAT/kernels riscv rvv 1.0/FINAL/riscv-rvv-ime-gemm-microkernels-updated/k1_standalone_int8_results_1024_20260906_234746,0.3353792582,/home/bananapi/MAT/kernels riscv rvv 1.0/FINAL/riscv-rvv-ime-gemm-microkernels-updated/k1_standalone_int8_results_1024_20260906_234746/perf_logs/RVV_igemm_kernel_8x4_zvl256b_lmul1_unroll1_i8i32_core4_run5.perf.csv
RVV,igemm_kernel_8x4_zvl256b_lmul1_unroll1_i8i32,4,6,OK,2.088820,1.0281,OK,0,1024x1024x1024,/home/bananapi/MAT/kernels riscv rvv 1.0/FINAL/riscv-rvv-ime-gemm-microkernels-updated/k1_standalone_int8_results_1024_20260906_234746,0.3363544178,/home/bananapi/MAT/kernels riscv rvv 1.0/FINAL/riscv-rvv-ime-gemm-microkernels-updated/k1_standalone_int8_results_1024_20260906_234746/perf_logs/RVV_igemm_kernel_8x4_zvl256b_lmul1_unroll1_i8i32_core4_run6.perf.csv
RVV,igemm_kernel_8x4_zvl256b_lmul1_unroll1_i8i32,5,1,OK,2.097955,1.0236,OK,0,1024x1024x1024,/home/bananapi/MAT/kernels riscv rvv 1.0/FINAL/riscv-rvv-ime-gemm-microkernels-updated/k1_standalone_int8_results_1024_20260906_234746,0.3359241227,/home/bananapi/MAT/kernels riscv rvv 1.0/FINAL/riscv-rvv-ime-gemm-microkernels-updated/k1_standalone_int8_results_1024_20260906_234746/perf_logs/RVV_igemm_kernel_8x4_zvl256b_lmul1_unroll1_i8i32_core5_run1.perf.csv
RVV,igemm_kernel_8x4_zvl256b_lmul1_unroll1_i8i32,5,2,OK,2.103245,1.0210,OK,0,1024x1024x1024,/home/bananapi/MAT/kernels riscv rvv 1.0/FINAL/riscv-rvv-ime-gemm-microkernels-updated/k1_standalone_int8_results_1024_20260906_234746,0.335139337,/home/bananapi/MAT/kernels riscv rvv 1.0/FINAL/riscv-rvv-ime-gemm-microkernels-updated/k1_standalone_int8_results_1024_20260906_234746/perf_logs/RVV_igemm_kernel_8x4_zvl256b_lmul1_unroll1_i8i32_core5_run2.perf.csv
RVV,igemm_kernel_8x4_zvl256b_lmul1_unroll1_i8i32,5,3,OK,2.122554,1.0117,OK,0,1024x1024x1024,/home/bananapi/MAT/kernels riscv rvv 1.0/FINAL/riscv-rvv-ime-gemm-microkernels-updated/k1_standalone_int8_results_1024_20260906_234746,0.3353445819,/home/bananapi/MAT/kernels riscv rvv 1.0/FINAL/riscv-rvv-ime-gemm-microkernels-updated/k1_standalone_int8_results_1024_20260906_234746/perf_logs/RVV_igemm_kernel_8x4_zvl256b_lmul1_unroll1_i8i32_core5_run3.perf.csv
RVV,igemm_kernel_8x4_zvl256b_lmul1_unroll1_i8i32,5,4,OK,2.097111,1.0240,OK,0,1024x1024x1024,/home/bananapi/MAT/kernels riscv rvv 1.0/FINAL/riscv-rvv-ime-gemm-microkernels-updated/k1_standalone_int8_results_1024_20260906_234746,0.3360119267,/home/bananapi/MAT/kernels riscv rvv 1.0/FINAL/riscv-rvv-ime-gemm-microkernels-updated/k1_standalone_int8_results_1024_20260906_234746/perf_logs/RVV_igemm_kernel_8x4_zvl256b_lmul1_unroll1_i8i32_core5_run4.perf.csv
RVV,igemm_kernel_8x4_zvl256b_lmul1_unroll1_i8i32,5,5,OK,2.102331,1.0215,OK,0,1024x1024x1024,/home/bananapi/MAT/kernels riscv rvv 1.0/FINAL/riscv-rvv-ime-gemm-microkernels-updated/k1_standalone_int8_results_1024_20260906_234746,0.3352235979,/home/bananapi/MAT/kernels riscv rvv 1.0/FINAL/riscv-rvv-ime-gemm-microkernels-updated/k1_standalone_int8_results_1024_20260906_234746/perf_logs/RVV_igemm_kernel_8x4_zvl256b_lmul1_unroll1_i8i32_core5_run5.perf.csv
RVV,igemm_kernel_8x4_zvl256b_lmul1_unroll1_i8i32,5,6,OK,2.103438,1.0209,OK,0,1024x1024x1024,/home/bananapi/MAT/kernels riscv rvv 1.0/FINAL/riscv-rvv-ime-gemm-microkernels-updated/k1_standalone_int8_results_1024_20260906_234746,0.3351925859,/home/bananapi/MAT/kernels riscv rvv 1.0/FINAL/riscv-rvv-ime-gemm-microkernels-updated/k1_standalone_int8_results_1024_20260906_234746/perf_logs/RVV_igemm_kernel_8x4_zvl256b_lmul1_unroll1_i8i32_core5_run6.perf.csv
RVV,igemm_kernel_8x4_zvl256b_lmul1_unroll1_i8i32,6,1,OK,2.093889,1.0256,OK,0,1024x1024x1024,/home/bananapi/MAT/kernels riscv rvv 1.0/FINAL/riscv-rvv-ime-gemm-microkernels-updated/k1_standalone_int8_results_1024_20260906_234746,0.3355884331,/home/bananapi/MAT/kernels riscv rvv 1.0/FINAL/riscv-rvv-ime-gemm-microkernels-updated/k1_standalone_int8_results_1024_20260906_234746/perf_logs/RVV_igemm_kernel_8x4_zvl256b_lmul1_unroll1_i8i32_core6_run1.perf.csv
RVV,igemm_kernel_8x4_zvl256b_lmul1_unroll1_i8i32,6,2,OK,2.088327,1.0283,OK,0,1024x1024x1024,/home/bananapi/MAT/kernels riscv rvv 1.0/FINAL/riscv-rvv-ime-gemm-microkernels-updated/k1_standalone_int8_results_1024_20260906_234746,0.3364301766,/home/bananapi/MAT/kernels riscv rvv 1.0/FINAL/riscv-rvv-ime-gemm-microkernels-updated/k1_standalone_int8_results_1024_20260906_234746/perf_logs/RVV_igemm_kernel_8x4_zvl256b_lmul1_unroll1_i8i32_core6_run2.perf.csv
RVV,igemm_kernel_8x4_zvl256b_lmul1_unroll1_i8i32,6,3,OK,2.090122,1.0274,OK,0,1024x1024x1024,/home/bananapi/MAT/kernels riscv rvv 1.0/FINAL/riscv-rvv-ime-gemm-microkernels-updated/k1_standalone_int8_results_1024_20260906_234746,0.3361820559,/home/bananapi/MAT/kernels riscv rvv 1.0/FINAL/riscv-rvv-ime-gemm-microkernels-updated/k1_standalone_int8_results_1024_20260906_234746/perf_logs/RVV_igemm_kernel_8x4_zvl256b_lmul1_unroll1_i8i32_core6_run3.perf.csv
RVV,igemm_kernel_8x4_zvl256b_lmul1_unroll1_i8i32,6,4,OK,2.089588,1.0277,OK,0,1024x1024x1024,/home/bananapi/MAT/kernels riscv rvv 1.0/FINAL/riscv-rvv-ime-gemm-microkernels-updated/k1_standalone_int8_results_1024_20260906_234746,0.3362011406,/home/bananapi/MAT/kernels riscv rvv 1.0/FINAL/riscv-rvv-ime-gemm-microkernels-updated/k1_standalone_int8_results_1024_20260906_234746/perf_logs/RVV_igemm_kernel_8x4_zvl256b_lmul1_unroll1_i8i32_core6_run4.perf.csv
RVV,igemm_kernel_8x4_zvl256b_lmul1_unroll1_i8i32,6,5,OK,2.088222,1.0284,OK,0,1024x1024x1024,/home/bananapi/MAT/kernels riscv rvv 1.0/FINAL/riscv-rvv-ime-gemm-microkernels-updated/k1_standalone_int8_results_1024_20260906_234746,0.336401775,/home/bananapi/MAT/kernels riscv rvv 1.0/FINAL/riscv-rvv-ime-gemm-microkernels-updated/k1_standalone_int8_results_1024_20260906_234746/perf_logs/RVV_igemm_kernel_8x4_zvl256b_lmul1_unroll1_i8i32_core6_run5.perf.csv
RVV,igemm_kernel_8x4_zvl256b_lmul1_unroll1_i8i32,6,6,OK,2.088373,1.0283,OK,0,1024x1024x1024,/home/bananapi/MAT/kernels riscv rvv 1.0/FINAL/riscv-rvv-ime-gemm-microkernels-updated/k1_standalone_int8_results_1024_20260906_234746,0.3364484401,/home/bananapi/MAT/kernels riscv rvv 1.0/FINAL/riscv-rvv-ime-gemm-microkernels-updated/k1_standalone_int8_results_1024_20260906_234746/perf_logs/RVV_igemm_kernel_8x4_zvl256b_lmul1_unroll1_i8i32_core6_run6.perf.csv
RVV,igemm_kernel_8x4_zvl256b_lmul1_unroll1_i8i32,7,1,OK,2.087042,1.0290,OK,0,1024x1024x1024,/home/bananapi/MAT/kernels riscv rvv 1.0/FINAL/riscv-rvv-ime-gemm-microkernels-updated/k1_standalone_int8_results_1024_20260906_234746,0.3365401465,/home/bananapi/MAT/kernels riscv rvv 1.0/FINAL/riscv-rvv-ime-gemm-microkernels-updated/k1_standalone_int8_results_1024_20260906_234746/perf_logs/RVV_igemm_kernel_8x4_zvl256b_lmul1_unroll1_i8i32_core7_run1.perf.csv
RVV,igemm_kernel_8x4_zvl256b_lmul1_unroll1_i8i32,7,2,OK,2.093107,1.0260,OK,0,1024x1024x1024,/home/bananapi/MAT/kernels riscv rvv 1.0/FINAL/riscv-rvv-ime-gemm-microkernels-updated/k1_standalone_int8_results_1024_20260906_234746,0.3356057691,/home/bananapi/MAT/kernels riscv rvv 1.0/FINAL/riscv-rvv-ime-gemm-microkernels-updated/k1_standalone_int8_results_1024_20260906_234746/perf_logs/RVV_igemm_kernel_8x4_zvl256b_lmul1_unroll1_i8i32_core7_run2.perf.csv
RVV,igemm_kernel_8x4_zvl256b_lmul1_unroll1_i8i32,7,3,OK,2.092002,1.0265,OK,0,1024x1024x1024,/home/bananapi/MAT/kernels riscv rvv 1.0/FINAL/riscv-rvv-ime-gemm-microkernels-updated/k1_standalone_int8_results_1024_20260906_234746,0.3357764038,/home/bananapi/MAT/kernels riscv rvv 1.0/FINAL/riscv-rvv-ime-gemm-microkernels-updated/k1_standalone_int8_results_1024_20260906_234746/perf_logs/RVV_igemm_kernel_8x4_zvl256b_lmul1_unroll1_i8i32_core7_run3.perf.csv
RVV,igemm_kernel_8x4_zvl256b_lmul1_unroll1_i8i32,7,4,OK,2.094483,1.0253,OK,0,1024x1024x1024,/home/bananapi/MAT/kernels riscv rvv 1.0/FINAL/riscv-rvv-ime-gemm-microkernels-updated/k1_standalone_int8_results_1024_20260906_234746,0.3354628626,/home/bananapi/MAT/kernels riscv rvv 1.0/FINAL/riscv-rvv-ime-gemm-microkernels-updated/k1_standalone_int8_results_1024_20260906_234746/perf_logs/RVV_igemm_kernel_8x4_zvl256b_lmul1_unroll1_i8i32_core7_run4.perf.csv
RVV,igemm_kernel_8x4_zvl256b_lmul1_unroll1_i8i32,7,5,OK,2.092265,1.0264,OK,0,1024x1024x1024,/home/bananapi/MAT/kernels riscv rvv 1.0/FINAL/riscv-rvv-ime-gemm-microkernels-updated/k1_standalone_int8_results_1024_20260906_234746,0.3357815004,/home/bananapi/MAT/kernels riscv rvv 1.0/FINAL/riscv-rvv-ime-gemm-microkernels-updated/k1_standalone_int8_results_1024_20260906_234746/perf_logs/RVV_igemm_kernel_8x4_zvl256b_lmul1_unroll1_i8i32_core7_run5.perf.csv
RVV,igemm_kernel_8x4_zvl256b_lmul1_unroll1_i8i32,7,6,OK,2.087818,1.0286,OK,0,1024x1024x1024,/home/bananapi/MAT/kernels riscv rvv 1.0/FINAL/riscv-rvv-ime-gemm-microkernels-updated/k1_standalone_int8_results_1024_20260906_234746,0.3364611825,/home/bananapi/MAT/kernels riscv rvv 1.0/FINAL/riscv-rvv-ime-gemm-microkernels-updated/k1_standalone_int8_results_1024_20260906_234746/perf_logs/RVV_igemm_kernel_8x4_zvl256b_lmul1_unroll1_i8i32_core7_run6.perf.csv
IME,ime_kernel_8x4_zvl256b_lmul1_unroll1,0,1,OK,0.081100,26.4796,OK,0,1024x1024x1024,/home/bananapi/MAT/kernels riscv rvv 1.0/FINAL/riscv-rvv-ime-gemm-microkernels-updated/k1_standalone_int8_results_1024_20260906_234746,0.4700396566,/home/bananapi/MAT/kernels riscv rvv 1.0/FINAL/riscv-rvv-ime-gemm-microkernels-updated/k1_standalone_int8_results_1024_20260906_234746/perf_logs/IME_ime_kernel_8x4_zvl256b_lmul1_unroll1_core0_run1.perf.csv
IME,ime_kernel_8x4_zvl256b_lmul1_unroll1,0,2,OK,0.078060,27.5107,OK,0,1024x1024x1024,/home/bananapi/MAT/kernels riscv rvv 1.0/FINAL/riscv-rvv-ime-gemm-microkernels-updated/k1_standalone_int8_results_1024_20260906_234746,0.4810966606,/home/bananapi/MAT/kernels riscv rvv 1.0/FINAL/riscv-rvv-ime-gemm-microkernels-updated/k1_standalone_int8_results_1024_20260906_234746/perf_logs/IME_ime_kernel_8x4_zvl256b_lmul1_unroll1_core0_run2.perf.csv
IME,ime_kernel_8x4_zvl256b_lmul1_unroll1,0,3,OK,0.080226,26.7680,OK,0,1024x1024x1024,/home/bananapi/MAT/kernels riscv rvv 1.0/FINAL/riscv-rvv-ime-gemm-microkernels-updated/k1_standalone_int8_results_1024_20260906_234746,0.4735172876,/home/bananapi/MAT/kernels riscv rvv 1.0/FINAL/riscv-rvv-ime-gemm-microkernels-updated/k1_standalone_int8_results_1024_20260906_234746/perf_logs/IME_ime_kernel_8x4_zvl256b_lmul1_unroll1_core0_run3.perf.csv
IME,ime_kernel_8x4_zvl256b_lmul1_unroll1,0,4,OK,0.078141,27.4821,OK,0,1024x1024x1024,/home/bananapi/MAT/kernels riscv rvv 1.0/FINAL/riscv-rvv-ime-gemm-microkernels-updated/k1_standalone_int8_results_1024_20260906_234746,0.480631844,/home/bananapi/MAT/kernels riscv rvv 1.0/FINAL/riscv-rvv-ime-gemm-microkernels-updated/k1_standalone_int8_results_1024_20260906_234746/perf_logs/IME_ime_kernel_8x4_zvl256b_lmul1_unroll1_core0_run4.perf.csv
IME,ime_kernel_8x4_zvl256b_lmul1_unroll1,0,5,OK,0.078079,27.5039,OK,0,1024x1024x1024,/home/bananapi/MAT/kernels riscv rvv 1.0/FINAL/riscv-rvv-ime-gemm-microkernels-updated/k1_standalone_int8_results_1024_20260906_234746,0.4805277815,/home/bananapi/MAT/kernels riscv rvv 1.0/FINAL/riscv-rvv-ime-gemm-microkernels-updated/k1_standalone_int8_results_1024_20260906_234746/perf_logs/IME_ime_kernel_8x4_zvl256b_lmul1_unroll1_core0_run5.perf.csv
IME,ime_kernel_8x4_zvl256b_lmul1_unroll1,0,6,OK,0.078514,27.3517,OK,0,1024x1024x1024,/home/bananapi/MAT/kernels riscv rvv 1.0/FINAL/riscv-rvv-ime-gemm-microkernels-updated/k1_standalone_int8_results_1024_20260906_234746,0.4775459317,/home/bananapi/MAT/kernels riscv rvv 1.0/FINAL/riscv-rvv-ime-gemm-microkernels-updated/k1_standalone_int8_results_1024_20260906_234746/perf_logs/IME_ime_kernel_8x4_zvl256b_lmul1_unroll1_core0_run6.perf.csv
IME,ime_kernel_8x4_zvl256b_lmul1_unroll1,1,1,OK,0.078968,27.1943,OK,0,1024x1024x1024,/home/bananapi/MAT/kernels riscv rvv 1.0/FINAL/riscv-rvv-ime-gemm-microkernels-updated/k1_standalone_int8_results_1024_20260906_234746,0.4779866611,/home/bananapi/MAT/kernels riscv rvv 1.0/FINAL/riscv-rvv-ime-gemm-microkernels-updated/k1_standalone_int8_results_1024_20260906_234746/perf_logs/IME_ime_kernel_8x4_zvl256b_lmul1_unroll1_core1_run1.perf.csv
IME,ime_kernel_8x4_zvl256b_lmul1_unroll1,1,2,OK,0.078986,27.1881,OK,0,1024x1024x1024,/home/bananapi/MAT/kernels riscv rvv 1.0/FINAL/riscv-rvv-ime-gemm-microkernels-updated/k1_standalone_int8_results_1024_20260906_234746,0.4765794679,/home/bananapi/MAT/kernels riscv rvv 1.0/FINAL/riscv-rvv-ime-gemm-microkernels-updated/k1_standalone_int8_results_1024_20260906_234746/perf_logs/IME_ime_kernel_8x4_zvl256b_lmul1_unroll1_core1_run2.perf.csv
IME,ime_kernel_8x4_zvl256b_lmul1_unroll1,1,3,OK,0.078751,27.2693,OK,0,1024x1024x1024,/home/bananapi/MAT/kernels riscv rvv 1.0/FINAL/riscv-rvv-ime-gemm-microkernels-updated/k1_standalone_int8_results_1024_20260906_234746,0.478747638,/home/bananapi/MAT/kernels riscv rvv 1.0/FINAL/riscv-rvv-ime-gemm-microkernels-updated/k1_standalone_int8_results_1024_20260906_234746/perf_logs/IME_ime_kernel_8x4_zvl256b_lmul1_unroll1_core1_run3.perf.csv
IME,ime_kernel_8x4_zvl256b_lmul1_unroll1,1,4,OK,0.077428,27.7353,OK,0,1024x1024x1024,/home/bananapi/MAT/kernels riscv rvv 1.0/FINAL/riscv-rvv-ime-gemm-microkernels-updated/k1_standalone_int8_results_1024_20260906_234746,0.483880836,/home/bananapi/MAT/kernels riscv rvv 1.0/FINAL/riscv-rvv-ime-gemm-microkernels-updated/k1_standalone_int8_results_1024_20260906_234746/perf_logs/IME_ime_kernel_8x4_zvl256b_lmul1_unroll1_core1_run4.perf.csv
IME,ime_kernel_8x4_zvl256b_lmul1_unroll1,1,5,OK,0.077114,27.8482,OK,0,1024x1024x1024,/home/bananapi/MAT/kernels riscv rvv 1.0/FINAL/riscv-rvv-ime-gemm-microkernels-updated/k1_standalone_int8_results_1024_20260906_234746,0.4849562667,/home/bananapi/MAT/kernels riscv rvv 1.0/FINAL/riscv-rvv-ime-gemm-microkernels-updated/k1_standalone_int8_results_1024_20260906_234746/perf_logs/IME_ime_kernel_8x4_zvl256b_lmul1_unroll1_core1_run5.perf.csv
IME,ime_kernel_8x4_zvl256b_lmul1_unroll1,1,6,OK,0.082632,25.9885,OK,0,1024x1024x1024,/home/bananapi/MAT/kernels riscv rvv 1.0/FINAL/riscv-rvv-ime-gemm-microkernels-updated/k1_standalone_int8_results_1024_20260906_234746,0.4642762359,/home/bananapi/MAT/kernels riscv rvv 1.0/FINAL/riscv-rvv-ime-gemm-microkernels-updated/k1_standalone_int8_results_1024_20260906_234746/perf_logs/IME_ime_kernel_8x4_zvl256b_lmul1_unroll1_core1_run6.perf.csv
IME,ime_kernel_8x4_zvl256b_lmul1_unroll1,2,1,OK,0.079012,27.1792,OK,0,1024x1024x1024,/home/bananapi/MAT/kernels riscv rvv 1.0/FINAL/riscv-rvv-ime-gemm-microkernels-updated/k1_standalone_int8_results_1024_20260906_234746,0.4775626279,/home/bananapi/MAT/kernels riscv rvv 1.0/FINAL/riscv-rvv-ime-gemm-microkernels-updated/k1_standalone_int8_results_1024_20260906_234746/perf_logs/IME_ime_kernel_8x4_zvl256b_lmul1_unroll1_core2_run1.perf.csv
IME,ime_kernel_8x4_zvl256b_lmul1_unroll1,2,2,OK,0.077743,27.6228,OK,0,1024x1024x1024,/home/bananapi/MAT/kernels riscv rvv 1.0/FINAL/riscv-rvv-ime-gemm-microkernels-updated/k1_standalone_int8_results_1024_20260906_234746,0.4826170755,/home/bananapi/MAT/kernels riscv rvv 1.0/FINAL/riscv-rvv-ime-gemm-microkernels-updated/k1_standalone_int8_results_1024_20260906_234746/perf_logs/IME_ime_kernel_8x4_zvl256b_lmul1_unroll1_core2_run2.perf.csv
IME,ime_kernel_8x4_zvl256b_lmul1_unroll1,2,3,OK,0.079003,27.1822,OK,0,1024x1024x1024,/home/bananapi/MAT/kernels riscv rvv 1.0/FINAL/riscv-rvv-ime-gemm-microkernels-updated/k1_standalone_int8_results_1024_20260906_234746,0.4775712891,/home/bananapi/MAT/kernels riscv rvv 1.0/FINAL/riscv-rvv-ime-gemm-microkernels-updated/k1_standalone_int8_results_1024_20260906_234746/perf_logs/IME_ime_kernel_8x4_zvl256b_lmul1_unroll1_core2_run3.perf.csv
IME,ime_kernel_8x4_zvl256b_lmul1_unroll1,2,4,OK,0.077917,27.5610,OK,0,1024x1024x1024,/home/bananapi/MAT/kernels riscv rvv 1.0/FINAL/riscv-rvv-ime-gemm-microkernels-updated/k1_standalone_int8_results_1024_20260906_234746,0.481103383,/home/bananapi/MAT/kernels riscv rvv 1.0/FINAL/riscv-rvv-ime-gemm-microkernels-updated/k1_standalone_int8_results_1024_20260906_234746/perf_logs/IME_ime_kernel_8x4_zvl256b_lmul1_unroll1_core2_run4.perf.csv
IME,ime_kernel_8x4_zvl256b_lmul1_unroll1,2,5,OK,0.077521,27.7021,OK,0,1024x1024x1024,/home/bananapi/MAT/kernels riscv rvv 1.0/FINAL/riscv-rvv-ime-gemm-microkernels-updated/k1_standalone_int8_results_1024_20260906_234746,0.4832347399,/home/bananapi/MAT/kernels riscv rvv 1.0/FINAL/riscv-rvv-ime-gemm-microkernels-updated/k1_standalone_int8_results_1024_20260906_234746/perf_logs/IME_ime_kernel_8x4_zvl256b_lmul1_unroll1_core2_run5.perf.csv
IME,ime_kernel_8x4_zvl256b_lmul1_unroll1,2,6,OK,0.077423,27.7372,OK,0,1024x1024x1024,/home/bananapi/MAT/kernels riscv rvv 1.0/FINAL/riscv-rvv-ime-gemm-microkernels-updated/k1_standalone_int8_results_1024_20260906_234746,0.4839239811,/home/bananapi/MAT/kernels riscv rvv 1.0/FINAL/riscv-rvv-ime-gemm-microkernels-updated/k1_standalone_int8_results_1024_20260906_234746/perf_logs/IME_ime_kernel_8x4_zvl256b_lmul1_unroll1_core2_run6.perf.csv
IME,ime_kernel_8x4_zvl256b_lmul1_unroll1,3,1,OK,0.076885,27.9310,OK,0,1024x1024x1024,/home/bananapi/MAT/kernels riscv rvv 1.0/FINAL/riscv-rvv-ime-gemm-microkernels-updated/k1_standalone_int8_results_1024_20260906_234746,0.4854827437,/home/bananapi/MAT/kernels riscv rvv 1.0/FINAL/riscv-rvv-ime-gemm-microkernels-updated/k1_standalone_int8_results_1024_20260906_234746/perf_logs/IME_ime_kernel_8x4_zvl256b_lmul1_unroll1_core3_run1.perf.csv
IME,ime_kernel_8x4_zvl256b_lmul1_unroll1,3,2,OK,0.077193,27.8196,OK,0,1024x1024x1024,/home/bananapi/MAT/kernels riscv rvv 1.0/FINAL/riscv-rvv-ime-gemm-microkernels-updated/k1_standalone_int8_results_1024_20260906_234746,0.4830456921,/home/bananapi/MAT/kernels riscv rvv 1.0/FINAL/riscv-rvv-ime-gemm-microkernels-updated/k1_standalone_int8_results_1024_20260906_234746/perf_logs/IME_ime_kernel_8x4_zvl256b_lmul1_unroll1_core3_run2.perf.csv
IME,ime_kernel_8x4_zvl256b_lmul1_unroll1,3,3,OK,0.078386,27.3963,OK,0,1024x1024x1024,/home/bananapi/MAT/kernels riscv rvv 1.0/FINAL/riscv-rvv-ime-gemm-microkernels-updated/k1_standalone_int8_results_1024_20260906_234746,0.4789408633,/home/bananapi/MAT/kernels riscv rvv 1.0/FINAL/riscv-rvv-ime-gemm-microkernels-updated/k1_standalone_int8_results_1024_20260906_234746/perf_logs/IME_ime_kernel_8x4_zvl256b_lmul1_unroll1_core3_run3.perf.csv
IME,ime_kernel_8x4_zvl256b_lmul1_unroll1,3,4,OK,0.078320,27.4193,OK,0,1024x1024x1024,/home/bananapi/MAT/kernels riscv rvv 1.0/FINAL/riscv-rvv-ime-gemm-microkernels-updated/k1_standalone_int8_results_1024_20260906_234746,0.4795937335,/home/bananapi/MAT/kernels riscv rvv 1.0/FINAL/riscv-rvv-ime-gemm-microkernels-updated/k1_standalone_int8_results_1024_20260906_234746/perf_logs/IME_ime_kernel_8x4_zvl256b_lmul1_unroll1_core3_run4.perf.csv
IME,ime_kernel_8x4_zvl256b_lmul1_unroll1,3,5,OK,0.077600,27.6739,OK,0,1024x1024x1024,/home/bananapi/MAT/kernels riscv rvv 1.0/FINAL/riscv-rvv-ime-gemm-microkernels-updated/k1_standalone_int8_results_1024_20260906_234746,0.4815565719,/home/bananapi/MAT/kernels riscv rvv 1.0/FINAL/riscv-rvv-ime-gemm-microkernels-updated/k1_standalone_int8_results_1024_20260906_234746/perf_logs/IME_ime_kernel_8x4_zvl256b_lmul1_unroll1_core3_run5.perf.csv
IME,ime_kernel_8x4_zvl256b_lmul1_unroll1,3,6,OK,0.077479,27.7168,OK,0,1024x1024x1024,/home/bananapi/MAT/kernels riscv rvv 1.0/FINAL/riscv-rvv-ime-gemm-microkernels-updated/k1_standalone_int8_results_1024_20260906_234746,0.4832536423,/home/bananapi/MAT/kernels riscv rvv 1.0/FINAL/riscv-rvv-ime-gemm-microkernels-updated/k1_standalone_int8_results_1024_20260906_234746/perf_logs/IME_ime_kernel_8x4_zvl256b_lmul1_unroll1_core3_run6.perf.csv
RVV,igemm_kernel_8x4_zvl256b_lmul1_unroll2_i8i32,4,1,OK,3.330780,0.6447,OK,0,1024x1024x1024,/home/bananapi/MAT/kernels riscv rvv 1.0/FINAL/riscv-rvv-ime-gemm-microkernels-updated/k1_standalone_int8_results_1024_20260906_234746,0.3003662009,/home/bananapi/MAT/kernels riscv rvv 1.0/FINAL/riscv-rvv-ime-gemm-microkernels-updated/k1_standalone_int8_results_1024_20260906_234746/perf_logs/RVV_igemm_kernel_8x4_zvl256b_lmul1_unroll2_i8i32_core4_run1.perf.csv
RVV,igemm_kernel_8x4_zvl256b_lmul1_unroll2_i8i32,4,2,OK,3.330277,0.6448,OK,0,1024x1024x1024,/home/bananapi/MAT/kernels riscv rvv 1.0/FINAL/riscv-rvv-ime-gemm-microkernels-updated/k1_standalone_int8_results_1024_20260906_234746,0.3003389563,/home/bananapi/MAT/kernels riscv rvv 1.0/FINAL/riscv-rvv-ime-gemm-microkernels-updated/k1_standalone_int8_results_1024_20260906_234746/perf_logs/RVV_igemm_kernel_8x4_zvl256b_lmul1_unroll2_i8i32_core4_run2.perf.csv
RVV,igemm_kernel_8x4_zvl256b_lmul1_unroll2_i8i32,4,3,OK,3.326891,0.6455,OK,0,1024x1024x1024,/home/bananapi/MAT/kernels riscv rvv 1.0/FINAL/riscv-rvv-ime-gemm-microkernels-updated/k1_standalone_int8_results_1024_20260906_234746,0.300651315,/home/bananapi/MAT/kernels riscv rvv 1.0/FINAL/riscv-rvv-ime-gemm-microkernels-updated/k1_standalone_int8_results_1024_20260906_234746/perf_logs/RVV_igemm_kernel_8x4_zvl256b_lmul1_unroll2_i8i32_core4_run3.perf.csv
RVV,igemm_kernel_8x4_zvl256b_lmul1_unroll2_i8i32,4,4,OK,3.330087,0.6449,OK,0,1024x1024x1024,/home/bananapi/MAT/kernels riscv rvv 1.0/FINAL/riscv-rvv-ime-gemm-microkernels-updated/k1_standalone_int8_results_1024_20260906_234746,0.3003705907,/home/bananapi/MAT/kernels riscv rvv 1.0/FINAL/riscv-rvv-ime-gemm-microkernels-updated/k1_standalone_int8_results_1024_20260906_234746/perf_logs/RVV_igemm_kernel_8x4_zvl256b_lmul1_unroll2_i8i32_core4_run4.perf.csv
RVV,igemm_kernel_8x4_zvl256b_lmul1_unroll2_i8i32,4,5,OK,3.327653,0.6453,OK,0,1024x1024x1024,/home/bananapi/MAT/kernels riscv rvv 1.0/FINAL/riscv-rvv-ime-gemm-microkernels-updated/k1_standalone_int8_results_1024_20260906_234746,0.3005920557,/home/bananapi/MAT/kernels riscv rvv 1.0/FINAL/riscv-rvv-ime-gemm-microkernels-updated/k1_standalone_int8_results_1024_20260906_234746/perf_logs/RVV_igemm_kernel_8x4_zvl256b_lmul1_unroll2_i8i32_core4_run5.perf.csv
RVV,igemm_kernel_8x4_zvl256b_lmul1_unroll2_i8i32,4,6,OK,3.327044,0.6455,OK,0,1024x1024x1024,/home/bananapi/MAT/kernels riscv rvv 1.0/FINAL/riscv-rvv-ime-gemm-microkernels-updated/k1_standalone_int8_results_1024_20260906_234746,0.3006268834,/home/bananapi/MAT/kernels riscv rvv 1.0/FINAL/riscv-rvv-ime-gemm-microkernels-updated/k1_standalone_int8_results_1024_20260906_234746/perf_logs/RVV_igemm_kernel_8x4_zvl256b_lmul1_unroll2_i8i32_core4_run6.perf.csv
RVV,igemm_kernel_8x4_zvl256b_lmul1_unroll2_i8i32,5,1,OK,3.342165,0.6425,OK,0,1024x1024x1024,/home/bananapi/MAT/kernels riscv rvv 1.0/FINAL/riscv-rvv-ime-gemm-microkernels-updated/k1_standalone_int8_results_1024_20260906_234746,0.3001415352,/home/bananapi/MAT/kernels riscv rvv 1.0/FINAL/riscv-rvv-ime-gemm-microkernels-updated/k1_standalone_int8_results_1024_20260906_234746/perf_logs/RVV_igemm_kernel_8x4_zvl256b_lmul1_unroll2_i8i32_core5_run1.perf.csv
RVV,igemm_kernel_8x4_zvl256b_lmul1_unroll2_i8i32,5,2,OK,3.343543,0.6423,OK,0,1024x1024x1024,/home/bananapi/MAT/kernels riscv rvv 1.0/FINAL/riscv-rvv-ime-gemm-microkernels-updated/k1_standalone_int8_results_1024_20260906_234746,0.3001057703,/home/bananapi/MAT/kernels riscv rvv 1.0/FINAL/riscv-rvv-ime-gemm-microkernels-updated/k1_standalone_int8_results_1024_20260906_234746/perf_logs/RVV_igemm_kernel_8x4_zvl256b_lmul1_unroll2_i8i32_core5_run2.perf.csv
RVV,igemm_kernel_8x4_zvl256b_lmul1_unroll2_i8i32,5,3,OK,3.338449,0.6433,OK,0,1024x1024x1024,/home/bananapi/MAT/kernels riscv rvv 1.0/FINAL/riscv-rvv-ime-gemm-microkernels-updated/k1_standalone_int8_results_1024_20260906_234746,0.3005999025,/home/bananapi/MAT/kernels riscv rvv 1.0/FINAL/riscv-rvv-ime-gemm-microkernels-updated/k1_standalone_int8_results_1024_20260906_234746/perf_logs/RVV_igemm_kernel_8x4_zvl256b_lmul1_unroll2_i8i32_core5_run3.perf.csv
RVV,igemm_kernel_8x4_zvl256b_lmul1_unroll2_i8i32,5,4,OK,3.339533,0.6430,OK,0,1024x1024x1024,/home/bananapi/MAT/kernels riscv rvv 1.0/FINAL/riscv-rvv-ime-gemm-microkernels-updated/k1_standalone_int8_results_1024_20260906_234746,0.3004788502,/home/bananapi/MAT/kernels riscv rvv 1.0/FINAL/riscv-rvv-ime-gemm-microkernels-updated/k1_standalone_int8_results_1024_20260906_234746/perf_logs/RVV_igemm_kernel_8x4_zvl256b_lmul1_unroll2_i8i32_core5_run4.perf.csv
RVV,igemm_kernel_8x4_zvl256b_lmul1_unroll2_i8i32,5,5,OK,3.343923,0.6422,OK,0,1024x1024x1024,/home/bananapi/MAT/kernels riscv rvv 1.0/FINAL/riscv-rvv-ime-gemm-microkernels-updated/k1_standalone_int8_results_1024_20260906_234746,0.3001335652,/home/bananapi/MAT/kernels riscv rvv 1.0/FINAL/riscv-rvv-ime-gemm-microkernels-updated/k1_standalone_int8_results_1024_20260906_234746/perf_logs/RVV_igemm_kernel_8x4_zvl256b_lmul1_unroll2_i8i32_core5_run5.perf.csv
RVV,igemm_kernel_8x4_zvl256b_lmul1_unroll2_i8i32,5,6,OK,3.341980,0.6426,OK,0,1024x1024x1024,/home/bananapi/MAT/kernels riscv rvv 1.0/FINAL/riscv-rvv-ime-gemm-microkernels-updated/k1_standalone_int8_results_1024_20260906_234746,0.3002284781,/home/bananapi/MAT/kernels riscv rvv 1.0/FINAL/riscv-rvv-ime-gemm-microkernels-updated/k1_standalone_int8_results_1024_20260906_234746/perf_logs/RVV_igemm_kernel_8x4_zvl256b_lmul1_unroll2_i8i32_core5_run6.perf.csv
RVV,igemm_kernel_8x4_zvl256b_lmul1_unroll2_i8i32,6,1,OK,3.328663,0.6451,OK,0,1024x1024x1024,/home/bananapi/MAT/kernels riscv rvv 1.0/FINAL/riscv-rvv-ime-gemm-microkernels-updated/k1_standalone_int8_results_1024_20260906_234746,0.3004832223,/home/bananapi/MAT/kernels riscv rvv 1.0/FINAL/riscv-rvv-ime-gemm-microkernels-updated/k1_standalone_int8_results_1024_20260906_234746/perf_logs/RVV_igemm_kernel_8x4_zvl256b_lmul1_unroll2_i8i32_core6_run1.perf.csv
RVV,igemm_kernel_8x4_zvl256b_lmul1_unroll2_i8i32,6,2,OK,3.332037,0.6445,OK,0,1024x1024x1024,/home/bananapi/MAT/kernels riscv rvv 1.0/FINAL/riscv-rvv-ime-gemm-microkernels-updated/k1_standalone_int8_results_1024_20260906_234746,0.3002086645,/home/bananapi/MAT/kernels riscv rvv 1.0/FINAL/riscv-rvv-ime-gemm-microkernels-updated/k1_standalone_int8_results_1024_20260906_234746/perf_logs/RVV_igemm_kernel_8x4_zvl256b_lmul1_unroll2_i8i32_core6_run2.perf.csv
RVV,igemm_kernel_8x4_zvl256b_lmul1_unroll2_i8i32,6,3,OK,3.330677,0.6448,OK,0,1024x1024x1024,/home/bananapi/MAT/kernels riscv rvv 1.0/FINAL/riscv-rvv-ime-gemm-microkernels-updated/k1_standalone_int8_results_1024_20260906_234746,0.300289077,/home/bananapi/MAT/kernels riscv rvv 1.0/FINAL/riscv-rvv-ime-gemm-microkernels-updated/k1_standalone_int8_results_1024_20260906_234746/perf_logs/RVV_igemm_kernel_8x4_zvl256b_lmul1_unroll2_i8i32_core6_run3.perf.csv
RVV,igemm_kernel_8x4_zvl256b_lmul1_unroll2_i8i32,6,4,OK,3.329712,0.6449,OK,0,1024x1024x1024,/home/bananapi/MAT/kernels riscv rvv 1.0/FINAL/riscv-rvv-ime-gemm-microkernels-updated/k1_standalone_int8_results_1024_20260906_234746,0.3005296226,/home/bananapi/MAT/kernels riscv rvv 1.0/FINAL/riscv-rvv-ime-gemm-microkernels-updated/k1_standalone_int8_results_1024_20260906_234746/perf_logs/RVV_igemm_kernel_8x4_zvl256b_lmul1_unroll2_i8i32_core6_run4.perf.csv
RVV,igemm_kernel_8x4_zvl256b_lmul1_unroll2_i8i32,6,5,OK,3.330395,0.6448,OK,0,1024x1024x1024,/home/bananapi/MAT/kernels riscv rvv 1.0/FINAL/riscv-rvv-ime-gemm-microkernels-updated/k1_standalone_int8_results_1024_20260906_234746,0.3003412759,/home/bananapi/MAT/kernels riscv rvv 1.0/FINAL/riscv-rvv-ime-gemm-microkernels-updated/k1_standalone_int8_results_1024_20260906_234746/perf_logs/RVV_igemm_kernel_8x4_zvl256b_lmul1_unroll2_i8i32_core6_run5.perf.csv
RVV,igemm_kernel_8x4_zvl256b_lmul1_unroll2_i8i32,6,6,OK,3.329697,0.6449,OK,0,1024x1024x1024,/home/bananapi/MAT/kernels riscv rvv 1.0/FINAL/riscv-rvv-ime-gemm-microkernels-updated/k1_standalone_int8_results_1024_20260906_234746,0.3003814136,/home/bananapi/MAT/kernels riscv rvv 1.0/FINAL/riscv-rvv-ime-gemm-microkernels-updated/k1_standalone_int8_results_1024_20260906_234746/perf_logs/RVV_igemm_kernel_8x4_zvl256b_lmul1_unroll2_i8i32_core6_run6.perf.csv
RVV,igemm_kernel_8x4_zvl256b_lmul1_unroll2_i8i32,7,1,OK,3.330822,0.6447,OK,0,1024x1024x1024,/home/bananapi/MAT/kernels riscv rvv 1.0/FINAL/riscv-rvv-ime-gemm-microkernels-updated/k1_standalone_int8_results_1024_20260906_234746,0.3003338095,/home/bananapi/MAT/kernels riscv rvv 1.0/FINAL/riscv-rvv-ime-gemm-microkernels-updated/k1_standalone_int8_results_1024_20260906_234746/perf_logs/RVV_igemm_kernel_8x4_zvl256b_lmul1_unroll2_i8i32_core7_run1.perf.csv
RVV,igemm_kernel_8x4_zvl256b_lmul1_unroll2_i8i32,7,2,OK,3.338174,0.6433,OK,0,1024x1024x1024,/home/bananapi/MAT/kernels riscv rvv 1.0/FINAL/riscv-rvv-ime-gemm-microkernels-updated/k1_standalone_int8_results_1024_20260906_234746,0.3000930526,/home/bananapi/MAT/kernels riscv rvv 1.0/FINAL/riscv-rvv-ime-gemm-microkernels-updated/k1_standalone_int8_results_1024_20260906_234746/perf_logs/RVV_igemm_kernel_8x4_zvl256b_lmul1_unroll2_i8i32_core7_run2.perf.csv
RVV,igemm_kernel_8x4_zvl256b_lmul1_unroll2_i8i32,7,3,OK,3.330641,0.6448,OK,0,1024x1024x1024,/home/bananapi/MAT/kernels riscv rvv 1.0/FINAL/riscv-rvv-ime-gemm-microkernels-updated/k1_standalone_int8_results_1024_20260906_234746,0.300311084,/home/bananapi/MAT/kernels riscv rvv 1.0/FINAL/riscv-rvv-ime-gemm-microkernels-updated/k1_standalone_int8_results_1024_20260906_234746/perf_logs/RVV_igemm_kernel_8x4_zvl256b_lmul1_unroll2_i8i32_core7_run3.perf.csv
RVV,igemm_kernel_8x4_zvl256b_lmul1_unroll2_i8i32,7,4,OK,3.328032,0.6453,OK,0,1024x1024x1024,/home/bananapi/MAT/kernels riscv rvv 1.0/FINAL/riscv-rvv-ime-gemm-microkernels-updated/k1_standalone_int8_results_1024_20260906_234746,0.3005790989,/home/bananapi/MAT/kernels riscv rvv 1.0/FINAL/riscv-rvv-ime-gemm-microkernels-updated/k1_standalone_int8_results_1024_20260906_234746/perf_logs/RVV_igemm_kernel_8x4_zvl256b_lmul1_unroll2_i8i32_core7_run4.perf.csv
RVV,igemm_kernel_8x4_zvl256b_lmul1_unroll2_i8i32,7,5,OK,3.330207,0.6448,OK,0,1024x1024x1024,/home/bananapi/MAT/kernels riscv rvv 1.0/FINAL/riscv-rvv-ime-gemm-microkernels-updated/k1_standalone_int8_results_1024_20260906_234746,0.3003570755,/home/bananapi/MAT/kernels riscv rvv 1.0/FINAL/riscv-rvv-ime-gemm-microkernels-updated/k1_standalone_int8_results_1024_20260906_234746/perf_logs/RVV_igemm_kernel_8x4_zvl256b_lmul1_unroll2_i8i32_core7_run5.perf.csv
RVV,igemm_kernel_8x4_zvl256b_lmul1_unroll2_i8i32,7,6,OK,3.330595,0.6448,OK,0,1024x1024x1024,/home/bananapi/MAT/kernels riscv rvv 1.0/FINAL/riscv-rvv-ime-gemm-microkernels-updated/k1_standalone_int8_results_1024_20260906_234746,0.3002575294,/home/bananapi/MAT/kernels riscv rvv 1.0/FINAL/riscv-rvv-ime-gemm-microkernels-updated/k1_standalone_int8_results_1024_20260906_234746/perf_logs/RVV_igemm_kernel_8x4_zvl256b_lmul1_unroll2_i8i32_core7_run6.perf.csv
IME,ime_kernel_8x4_zvl256b_lmul1_unroll2,0,1,OK,0.077902,27.5666,OK,0,1024x1024x1024,/home/bananapi/MAT/kernels riscv rvv 1.0/FINAL/riscv-rvv-ime-gemm-microkernels-updated/k1_standalone_int8_results_1024_20260906_234746,0.4599888031,/home/bananapi/MAT/kernels riscv rvv 1.0/FINAL/riscv-rvv-ime-gemm-microkernels-updated/k1_standalone_int8_results_1024_20260906_234746/perf_logs/IME_ime_kernel_8x4_zvl256b_lmul1_unroll2_core0_run1.perf.csv
IME,ime_kernel_8x4_zvl256b_lmul1_unroll2,0,2,OK,0.080473,26.6857,OK,0,1024x1024x1024,/home/bananapi/MAT/kernels riscv rvv 1.0/FINAL/riscv-rvv-ime-gemm-microkernels-updated/k1_standalone_int8_results_1024_20260906_234746,0.4526834214,/home/bananapi/MAT/kernels riscv rvv 1.0/FINAL/riscv-rvv-ime-gemm-microkernels-updated/k1_standalone_int8_results_1024_20260906_234746/perf_logs/IME_ime_kernel_8x4_zvl256b_lmul1_unroll2_core0_run2.perf.csv
IME,ime_kernel_8x4_zvl256b_lmul1_unroll2,0,3,OK,0.083475,25.7261,OK,0,1024x1024x1024,/home/bananapi/MAT/kernels riscv rvv 1.0/FINAL/riscv-rvv-ime-gemm-microkernels-updated/k1_standalone_int8_results_1024_20260906_234746,0.4465073347,/home/bananapi/MAT/kernels riscv rvv 1.0/FINAL/riscv-rvv-ime-gemm-microkernels-updated/k1_standalone_int8_results_1024_20260906_234746/perf_logs/IME_ime_kernel_8x4_zvl256b_lmul1_unroll2_core0_run3.perf.csv
IME,ime_kernel_8x4_zvl256b_lmul1_unroll2,0,4,OK,0.079580,26.9851,OK,0,1024x1024x1024,/home/bananapi/MAT/kernels riscv rvv 1.0/FINAL/riscv-rvv-ime-gemm-microkernels-updated/k1_standalone_int8_results_1024_20260906_234746,0.4553561895,/home/bananapi/MAT/kernels riscv rvv 1.0/FINAL/riscv-rvv-ime-gemm-microkernels-updated/k1_standalone_int8_results_1024_20260906_234746/perf_logs/IME_ime_kernel_8x4_zvl256b_lmul1_unroll2_core0_run4.perf.csv
IME,ime_kernel_8x4_zvl256b_lmul1_unroll2,0,5,OK,0.080473,26.6856,OK,0,1024x1024x1024,/home/bananapi/MAT/kernels riscv rvv 1.0/FINAL/riscv-rvv-ime-gemm-microkernels-updated/k1_standalone_int8_results_1024_20260906_234746,0.4526028361,/home/bananapi/MAT/kernels riscv rvv 1.0/FINAL/riscv-rvv-ime-gemm-microkernels-updated/k1_standalone_int8_results_1024_20260906_234746/perf_logs/IME_ime_kernel_8x4_zvl256b_lmul1_unroll2_core0_run5.perf.csv
IME,ime_kernel_8x4_zvl256b_lmul1_unroll2,0,6,OK,0.085958,24.9828,OK,0,1024x1024x1024,/home/bananapi/MAT/kernels riscv rvv 1.0/FINAL/riscv-rvv-ime-gemm-microkernels-updated/k1_standalone_int8_results_1024_20260906_234746,0.4345452385,/home/bananapi/MAT/kernels riscv rvv 1.0/FINAL/riscv-rvv-ime-gemm-microkernels-updated/k1_standalone_int8_results_1024_20260906_234746/perf_logs/IME_ime_kernel_8x4_zvl256b_lmul1_unroll2_core0_run6.perf.csv
IME,ime_kernel_8x4_zvl256b_lmul1_unroll2,1,1,OK,0.077426,27.7359,OK,0,1024x1024x1024,/home/bananapi/MAT/kernels riscv rvv 1.0/FINAL/riscv-rvv-ime-gemm-microkernels-updated/k1_standalone_int8_results_1024_20260906_234746,0.4633889223,/home/bananapi/MAT/kernels riscv rvv 1.0/FINAL/riscv-rvv-ime-gemm-microkernels-updated/k1_standalone_int8_results_1024_20260906_234746/perf_logs/IME_ime_kernel_8x4_zvl256b_lmul1_unroll2_core1_run1.perf.csv
IME,ime_kernel_8x4_zvl256b_lmul1_unroll2,1,2,OK,0.079165,27.1267,OK,0,1024x1024x1024,/home/bananapi/MAT/kernels riscv rvv 1.0/FINAL/riscv-rvv-ime-gemm-microkernels-updated/k1_standalone_int8_results_1024_20260906_234746,0.4559730461,/home/bananapi/MAT/kernels riscv rvv 1.0/FINAL/riscv-rvv-ime-gemm-microkernels-updated/k1_standalone_int8_results_1024_20260906_234746/perf_logs/IME_ime_kernel_8x4_zvl256b_lmul1_unroll2_core1_run2.perf.csv
IME,ime_kernel_8x4_zvl256b_lmul1_unroll2,1,3,OK,0.081430,26.3720,OK,0,1024x1024x1024,/home/bananapi/MAT/kernels riscv rvv 1.0/FINAL/riscv-rvv-ime-gemm-microkernels-updated/k1_standalone_int8_results_1024_20260906_234746,0.4549358833,/home/bananapi/MAT/kernels riscv rvv 1.0/FINAL/riscv-rvv-ime-gemm-microkernels-updated/k1_standalone_int8_results_1024_20260906_234746/perf_logs/IME_ime_kernel_8x4_zvl256b_lmul1_unroll2_core1_run3.perf.csv
IME,ime_kernel_8x4_zvl256b_lmul1_unroll2,1,4,OK,0.078887,27.2223,OK,0,1024x1024x1024,/home/bananapi/MAT/kernels riscv rvv 1.0/FINAL/riscv-rvv-ime-gemm-microkernels-updated/k1_standalone_int8_results_1024_20260906_234746,0.4575469349,/home/bananapi/MAT/kernels riscv rvv 1.0/FINAL/riscv-rvv-ime-gemm-microkernels-updated/k1_standalone_int8_results_1024_20260906_234746/perf_logs/IME_ime_kernel_8x4_zvl256b_lmul1_unroll2_core1_run4.perf.csv
IME,ime_kernel_8x4_zvl256b_lmul1_unroll2,1,5,OK,0.079392,27.0491,OK,0,1024x1024x1024,/home/bananapi/MAT/kernels riscv rvv 1.0/FINAL/riscv-rvv-ime-gemm-microkernels-updated/k1_standalone_int8_results_1024_20260906_234746,0.4547949417,/home/bananapi/MAT/kernels riscv rvv 1.0/FINAL/riscv-rvv-ime-gemm-microkernels-updated/k1_standalone_int8_results_1024_20260906_234746/perf_logs/IME_ime_kernel_8x4_zvl256b_lmul1_unroll2_core1_run5.perf.csv
IME,ime_kernel_8x4_zvl256b_lmul1_unroll2,1,6,OK,0.079110,27.1455,OK,0,1024x1024x1024,/home/bananapi/MAT/kernels riscv rvv 1.0/FINAL/riscv-rvv-ime-gemm-microkernels-updated/k1_standalone_int8_results_1024_20260906_234746,0.456304074,/home/bananapi/MAT/kernels riscv rvv 1.0/FINAL/riscv-rvv-ime-gemm-microkernels-updated/k1_standalone_int8_results_1024_20260906_234746/perf_logs/IME_ime_kernel_8x4_zvl256b_lmul1_unroll2_core1_run6.perf.csv
IME,ime_kernel_8x4_zvl256b_lmul1_unroll2,2,1,OK,0.079490,27.0156,OK,0,1024x1024x1024,/home/bananapi/MAT/kernels riscv rvv 1.0/FINAL/riscv-rvv-ime-gemm-microkernels-updated/k1_standalone_int8_results_1024_20260906_234746,0.4563039807,/home/bananapi/MAT/kernels riscv rvv 1.0/FINAL/riscv-rvv-ime-gemm-microkernels-updated/k1_standalone_int8_results_1024_20260906_234746/perf_logs/IME_ime_kernel_8x4_zvl256b_lmul1_unroll2_core2_run1.perf.csv
IME,ime_kernel_8x4_zvl256b_lmul1_unroll2,2,2,OK,0.077488,27.7139,OK,0,1024x1024x1024,/home/bananapi/MAT/kernels riscv rvv 1.0/FINAL/riscv-rvv-ime-gemm-microkernels-updated/k1_standalone_int8_results_1024_20260906_234746,0.4621167146,/home/bananapi/MAT/kernels riscv rvv 1.0/FINAL/riscv-rvv-ime-gemm-microkernels-updated/k1_standalone_int8_results_1024_20260906_234746/perf_logs/IME_ime_kernel_8x4_zvl256b_lmul1_unroll2_core2_run2.perf.csv
IME,ime_kernel_8x4_zvl256b_lmul1_unroll2,2,3,OK,0.078204,27.4599,OK,0,1024x1024x1024,/home/bananapi/MAT/kernels riscv rvv 1.0/FINAL/riscv-rvv-ime-gemm-microkernels-updated/k1_standalone_int8_results_1024_20260906_234746,0.4599559299,/home/bananapi/MAT/kernels riscv rvv 1.0/FINAL/riscv-rvv-ime-gemm-microkernels-updated/k1_standalone_int8_results_1024_20260906_234746/perf_logs/IME_ime_kernel_8x4_zvl256b_lmul1_unroll2_core2_run3.perf.csv
IME,ime_kernel_8x4_zvl256b_lmul1_unroll2,2,4,OK,0.080446,26.6949,OK,0,1024x1024x1024,/home/bananapi/MAT/kernels riscv rvv 1.0/FINAL/riscv-rvv-ime-gemm-microkernels-updated/k1_standalone_int8_results_1024_20260906_234746,0.4512329751,/home/bananapi/MAT/kernels riscv rvv 1.0/FINAL/riscv-rvv-ime-gemm-microkernels-updated/k1_standalone_int8_results_1024_20260906_234746/perf_logs/IME_ime_kernel_8x4_zvl256b_lmul1_unroll2_core2_run4.perf.csv
IME,ime_kernel_8x4_zvl256b_lmul1_unroll2,2,5,OK,0.078250,27.4438,OK,0,1024x1024x1024,/home/bananapi/MAT/kernels riscv rvv 1.0/FINAL/riscv-rvv-ime-gemm-microkernels-updated/k1_standalone_int8_results_1024_20260906_234746,0.4594123644,/home/bananapi/MAT/kernels riscv rvv 1.0/FINAL/riscv-rvv-ime-gemm-microkernels-updated/k1_standalone_int8_results_1024_20260906_234746/perf_logs/IME_ime_kernel_8x4_zvl256b_lmul1_unroll2_core2_run5.perf.csv
IME,ime_kernel_8x4_zvl256b_lmul1_unroll2,2,6,OK,0.078602,27.3210,OK,0,1024x1024x1024,/home/bananapi/MAT/kernels riscv rvv 1.0/FINAL/riscv-rvv-ime-gemm-microkernels-updated/k1_standalone_int8_results_1024_20260906_234746,0.4586790934,/home/bananapi/MAT/kernels riscv rvv 1.0/FINAL/riscv-rvv-ime-gemm-microkernels-updated/k1_standalone_int8_results_1024_20260906_234746/perf_logs/IME_ime_kernel_8x4_zvl256b_lmul1_unroll2_core2_run6.perf.csv
IME,ime_kernel_8x4_zvl256b_lmul1_unroll2,3,1,OK,0.075647,28.3880,OK,0,1024x1024x1024,/home/bananapi/MAT/kernels riscv rvv 1.0/FINAL/riscv-rvv-ime-gemm-microkernels-updated/k1_standalone_int8_results_1024_20260906_234746,0.4686081918,/home/bananapi/MAT/kernels riscv rvv 1.0/FINAL/riscv-rvv-ime-gemm-microkernels-updated/k1_standalone_int8_results_1024_20260906_234746/perf_logs/IME_ime_kernel_8x4_zvl256b_lmul1_unroll2_core3_run1.perf.csv
IME,ime_kernel_8x4_zvl256b_lmul1_unroll2,3,2,OK,0.078230,27.4508,OK,0,1024x1024x1024,/home/bananapi/MAT/kernels riscv rvv 1.0/FINAL/riscv-rvv-ime-gemm-microkernels-updated/k1_standalone_int8_results_1024_20260906_234746,0.4586550243,/home/bananapi/MAT/kernels riscv rvv 1.0/FINAL/riscv-rvv-ime-gemm-microkernels-updated/k1_standalone_int8_results_1024_20260906_234746/perf_logs/IME_ime_kernel_8x4_zvl256b_lmul1_unroll2_core3_run2.perf.csv
IME,ime_kernel_8x4_zvl256b_lmul1_unroll2,3,3,OK,0.083503,25.7175,OK,0,1024x1024x1024,/home/bananapi/MAT/kernels riscv rvv 1.0/FINAL/riscv-rvv-ime-gemm-microkernels-updated/k1_standalone_int8_results_1024_20260906_234746,0.4416885278,/home/bananapi/MAT/kernels riscv rvv 1.0/FINAL/riscv-rvv-ime-gemm-microkernels-updated/k1_standalone_int8_results_1024_20260906_234746/perf_logs/IME_ime_kernel_8x4_zvl256b_lmul1_unroll2_core3_run3.perf.csv
IME,ime_kernel_8x4_zvl256b_lmul1_unroll2,3,4,OK,0.078636,27.3093,OK,0,1024x1024x1024,/home/bananapi/MAT/kernels riscv rvv 1.0/FINAL/riscv-rvv-ime-gemm-microkernels-updated/k1_standalone_int8_results_1024_20260906_234746,0.4579059932,/home/bananapi/MAT/kernels riscv rvv 1.0/FINAL/riscv-rvv-ime-gemm-microkernels-updated/k1_standalone_int8_results_1024_20260906_234746/perf_logs/IME_ime_kernel_8x4_zvl256b_lmul1_unroll2_core3_run4.perf.csv
IME,ime_kernel_8x4_zvl256b_lmul1_unroll2,3,5,OK,0.077184,27.8230,OK,0,1024x1024x1024,/home/bananapi/MAT/kernels riscv rvv 1.0/FINAL/riscv-rvv-ime-gemm-microkernels-updated/k1_standalone_int8_results_1024_20260906_234746,0.4626482929,/home/bananapi/MAT/kernels riscv rvv 1.0/FINAL/riscv-rvv-ime-gemm-microkernels-updated/k1_standalone_int8_results_1024_20260906_234746/perf_logs/IME_ime_kernel_8x4_zvl256b_lmul1_unroll2_core3_run5.perf.csv
IME,ime_kernel_8x4_zvl256b_lmul1_unroll2,3,6,OK,0.078816,27.2468,OK,0,1024x1024x1024,/home/bananapi/MAT/kernels riscv rvv 1.0/FINAL/riscv-rvv-ime-gemm-microkernels-updated/k1_standalone_int8_results_1024_20260906_234746,0.4577896057,/home/bananapi/MAT/kernels riscv rvv 1.0/FINAL/riscv-rvv-ime-gemm-microkernels-updated/k1_standalone_int8_results_1024_20260906_234746/perf_logs/IME_ime_kernel_8x4_zvl256b_lmul1_unroll2_core3_run6.perf.csv
RVV,igemm_kernel_8x4_zvl256b_lmul1_unroll4_i8i32,4,1,OK,3.377473,0.6358,OK,0,1024x1024x1024,/home/bananapi/MAT/kernels riscv rvv 1.0/FINAL/riscv-rvv-ime-gemm-microkernels-updated/k1_standalone_int8_results_1024_20260906_234746,0.3130914034,/home/bananapi/MAT/kernels riscv rvv 1.0/FINAL/riscv-rvv-ime-gemm-microkernels-updated/k1_standalone_int8_results_1024_20260906_234746/perf_logs/RVV_igemm_kernel_8x4_zvl256b_lmul1_unroll4_i8i32_core4_run1.perf.csv
RVV,igemm_kernel_8x4_zvl256b_lmul1_unroll4_i8i32,4,2,OK,3.375400,0.6362,OK,0,1024x1024x1024,/home/bananapi/MAT/kernels riscv rvv 1.0/FINAL/riscv-rvv-ime-gemm-microkernels-updated/k1_standalone_int8_results_1024_20260906_234746,0.3132536163,/home/bananapi/MAT/kernels riscv rvv 1.0/FINAL/riscv-rvv-ime-gemm-microkernels-updated/k1_standalone_int8_results_1024_20260906_234746/perf_logs/RVV_igemm_kernel_8x4_zvl256b_lmul1_unroll4_i8i32_core4_run2.perf.csv
RVV,igemm_kernel_8x4_zvl256b_lmul1_unroll4_i8i32,4,3,OK,3.377660,0.6358,OK,0,1024x1024x1024,/home/bananapi/MAT/kernels riscv rvv 1.0/FINAL/riscv-rvv-ime-gemm-microkernels-updated/k1_standalone_int8_results_1024_20260906_234746,0.3130803038,/home/bananapi/MAT/kernels riscv rvv 1.0/FINAL/riscv-rvv-ime-gemm-microkernels-updated/k1_standalone_int8_results_1024_20260906_234746/perf_logs/RVV_igemm_kernel_8x4_zvl256b_lmul1_unroll4_i8i32_core4_run3.perf.csv
RVV,igemm_kernel_8x4_zvl256b_lmul1_unroll4_i8i32,4,4,OK,3.378302,0.6357,OK,0,1024x1024x1024,/home/bananapi/MAT/kernels riscv rvv 1.0/FINAL/riscv-rvv-ime-gemm-microkernels-updated/k1_standalone_int8_results_1024_20260906_234746,0.3130714854,/home/bananapi/MAT/kernels riscv rvv 1.0/FINAL/riscv-rvv-ime-gemm-microkernels-updated/k1_standalone_int8_results_1024_20260906_234746/perf_logs/RVV_igemm_kernel_8x4_zvl256b_lmul1_unroll4_i8i32_core4_run4.perf.csv
RVV,igemm_kernel_8x4_zvl256b_lmul1_unroll4_i8i32,4,5,OK,3.375503,0.6362,OK,0,1024x1024x1024,/home/bananapi/MAT/kernels riscv rvv 1.0/FINAL/riscv-rvv-ime-gemm-microkernels-updated/k1_standalone_int8_results_1024_20260906_234746,0.3132794891,/home/bananapi/MAT/kernels riscv rvv 1.0/FINAL/riscv-rvv-ime-gemm-microkernels-updated/k1_standalone_int8_results_1024_20260906_234746/perf_logs/RVV_igemm_kernel_8x4_zvl256b_lmul1_unroll4_i8i32_core4_run5.perf.csv
RVV,igemm_kernel_8x4_zvl256b_lmul1_unroll4_i8i32,4,6,OK,3.377646,0.6358,OK,0,1024x1024x1024,/home/bananapi/MAT/kernels riscv rvv 1.0/FINAL/riscv-rvv-ime-gemm-microkernels-updated/k1_standalone_int8_results_1024_20260906_234746,0.313057834,/home/bananapi/MAT/kernels riscv rvv 1.0/FINAL/riscv-rvv-ime-gemm-microkernels-updated/k1_standalone_int8_results_1024_20260906_234746/perf_logs/RVV_igemm_kernel_8x4_zvl256b_lmul1_unroll4_i8i32_core4_run6.perf.csv
RVV,igemm_kernel_8x4_zvl256b_lmul1_unroll4_i8i32,5,1,OK,3.387661,0.6339,OK,0,1024x1024x1024,/home/bananapi/MAT/kernels riscv rvv 1.0/FINAL/riscv-rvv-ime-gemm-microkernels-updated/k1_standalone_int8_results_1024_20260906_234746,0.3130949194,/home/bananapi/MAT/kernels riscv rvv 1.0/FINAL/riscv-rvv-ime-gemm-microkernels-updated/k1_standalone_int8_results_1024_20260906_234746/perf_logs/RVV_igemm_kernel_8x4_zvl256b_lmul1_unroll4_i8i32_core5_run1.perf.csv
RVV,igemm_kernel_8x4_zvl256b_lmul1_unroll4_i8i32,5,2,OK,3.387711,0.6339,OK,0,1024x1024x1024,/home/bananapi/MAT/kernels riscv rvv 1.0/FINAL/riscv-rvv-ime-gemm-microkernels-updated/k1_standalone_int8_results_1024_20260906_234746,0.3130970163,/home/bananapi/MAT/kernels riscv rvv 1.0/FINAL/riscv-rvv-ime-gemm-microkernels-updated/k1_standalone_int8_results_1024_20260906_234746/perf_logs/RVV_igemm_kernel_8x4_zvl256b_lmul1_unroll4_i8i32_core5_run2.perf.csv
RVV,igemm_kernel_8x4_zvl256b_lmul1_unroll4_i8i32,5,3,OK,3.388133,0.6338,OK,0,1024x1024x1024,/home/bananapi/MAT/kernels riscv rvv 1.0/FINAL/riscv-rvv-ime-gemm-microkernels-updated/k1_standalone_int8_results_1024_20260906_234746,0.3130793322,/home/bananapi/MAT/kernels riscv rvv 1.0/FINAL/riscv-rvv-ime-gemm-microkernels-updated/k1_standalone_int8_results_1024_20260906_234746/perf_logs/RVV_igemm_kernel_8x4_zvl256b_lmul1_unroll4_i8i32_core5_run3.perf.csv
RVV,igemm_kernel_8x4_zvl256b_lmul1_unroll4_i8i32,5,4,OK,3.402528,0.6311,OK,0,1024x1024x1024,/home/bananapi/MAT/kernels riscv rvv 1.0/FINAL/riscv-rvv-ime-gemm-microkernels-updated/k1_standalone_int8_results_1024_20260906_234746,0.3131730868,/home/bananapi/MAT/kernels riscv rvv 1.0/FINAL/riscv-rvv-ime-gemm-microkernels-updated/k1_standalone_int8_results_1024_20260906_234746/perf_logs/RVV_igemm_kernel_8x4_zvl256b_lmul1_unroll4_i8i32_core5_run4.perf.csv
RVV,igemm_kernel_8x4_zvl256b_lmul1_unroll4_i8i32,5,5,OK,3.388424,0.6338,OK,0,1024x1024x1024,/home/bananapi/MAT/kernels riscv rvv 1.0/FINAL/riscv-rvv-ime-gemm-microkernels-updated/k1_standalone_int8_results_1024_20260906_234746,0.3129809969,/home/bananapi/MAT/kernels riscv rvv 1.0/FINAL/riscv-rvv-ime-gemm-microkernels-updated/k1_standalone_int8_results_1024_20260906_234746/perf_logs/RVV_igemm_kernel_8x4_zvl256b_lmul1_unroll4_i8i32_core5_run5.perf.csv
RVV,igemm_kernel_8x4_zvl256b_lmul1_unroll4_i8i32,5,6,OK,3.391605,0.6332,OK,0,1024x1024x1024,/home/bananapi/MAT/kernels riscv rvv 1.0/FINAL/riscv-rvv-ime-gemm-microkernels-updated/k1_standalone_int8_results_1024_20260906_234746,0.3127132697,/home/bananapi/MAT/kernels riscv rvv 1.0/FINAL/riscv-rvv-ime-gemm-microkernels-updated/k1_standalone_int8_results_1024_20260906_234746/perf_logs/RVV_igemm_kernel_8x4_zvl256b_lmul1_unroll4_i8i32_core5_run6.perf.csv
RVV,igemm_kernel_8x4_zvl256b_lmul1_unroll4_i8i32,6,1,OK,3.377267,0.6359,OK,0,1024x1024x1024,/home/bananapi/MAT/kernels riscv rvv 1.0/FINAL/riscv-rvv-ime-gemm-microkernels-updated/k1_standalone_int8_results_1024_20260906_234746,0.3131096238,/home/bananapi/MAT/kernels riscv rvv 1.0/FINAL/riscv-rvv-ime-gemm-microkernels-updated/k1_standalone_int8_results_1024_20260906_234746/perf_logs/RVV_igemm_kernel_8x4_zvl256b_lmul1_unroll4_i8i32_core6_run1.perf.csv
RVV,igemm_kernel_8x4_zvl256b_lmul1_unroll4_i8i32,6,2,OK,3.373626,0.6366,OK,0,1024x1024x1024,/home/bananapi/MAT/kernels riscv rvv 1.0/FINAL/riscv-rvv-ime-gemm-microkernels-updated/k1_standalone_int8_results_1024_20260906_234746,0.3134339625,/home/bananapi/MAT/kernels riscv rvv 1.0/FINAL/riscv-rvv-ime-gemm-microkernels-updated/k1_standalone_int8_results_1024_20260906_234746/perf_logs/RVV_igemm_kernel_8x4_zvl256b_lmul1_unroll4_i8i32_core6_run2.perf.csv
RVV,igemm_kernel_8x4_zvl256b_lmul1_unroll4_i8i32,6,3,OK,3.375932,0.6361,OK,0,1024x1024x1024,/home/bananapi/MAT/kernels riscv rvv 1.0/FINAL/riscv-rvv-ime-gemm-microkernels-updated/k1_standalone_int8_results_1024_20260906_234746,0.3132081734,/home/bananapi/MAT/kernels riscv rvv 1.0/FINAL/riscv-rvv-ime-gemm-microkernels-updated/k1_standalone_int8_results_1024_20260906_234746/perf_logs/RVV_igemm_kernel_8x4_zvl256b_lmul1_unroll4_i8i32_core6_run3.perf.csv
RVV,igemm_kernel_8x4_zvl256b_lmul1_unroll4_i8i32,6,4,OK,3.375222,0.6362,OK,0,1024x1024x1024,/home/bananapi/MAT/kernels riscv rvv 1.0/FINAL/riscv-rvv-ime-gemm-microkernels-updated/k1_standalone_int8_results_1024_20260906_234746,0.3133206185,/home/bananapi/MAT/kernels riscv rvv 1.0/FINAL/riscv-rvv-ime-gemm-microkernels-updated/k1_standalone_int8_results_1024_20260906_234746/perf_logs/RVV_igemm_kernel_8x4_zvl256b_lmul1_unroll4_i8i32_core6_run4.perf.csv
RVV,igemm_kernel_8x4_zvl256b_lmul1_unroll4_i8i32,6,5,OK,3.376142,0.6361,OK,0,1024x1024x1024,/home/bananapi/MAT/kernels riscv rvv 1.0/FINAL/riscv-rvv-ime-gemm-microkernels-updated/k1_standalone_int8_results_1024_20260906_234746,0.313209372,/home/bananapi/MAT/kernels riscv rvv 1.0/FINAL/riscv-rvv-ime-gemm-microkernels-updated/k1_standalone_int8_results_1024_20260906_234746/perf_logs/RVV_igemm_kernel_8x4_zvl256b_lmul1_unroll4_i8i32_core6_run5.perf.csv
RVV,igemm_kernel_8x4_zvl256b_lmul1_unroll4_i8i32,6,6,OK,3.376116,0.6361,OK,0,1024x1024x1024,/home/bananapi/MAT/kernels riscv rvv 1.0/FINAL/riscv-rvv-ime-gemm-microkernels-updated/k1_standalone_int8_results_1024_20260906_234746,0.3131904065,/home/bananapi/MAT/kernels riscv rvv 1.0/FINAL/riscv-rvv-ime-gemm-microkernels-updated/k1_standalone_int8_results_1024_20260906_234746/perf_logs/RVV_igemm_kernel_8x4_zvl256b_lmul1_unroll4_i8i32_core6_run6.perf.csv
RVV,igemm_kernel_8x4_zvl256b_lmul1_unroll4_i8i32,7,1,OK,3.377570,0.6358,OK,0,1024x1024x1024,/home/bananapi/MAT/kernels riscv rvv 1.0/FINAL/riscv-rvv-ime-gemm-microkernels-updated/k1_standalone_int8_results_1024_20260906_234746,0.3131389879,/home/bananapi/MAT/kernels riscv rvv 1.0/FINAL/riscv-rvv-ime-gemm-microkernels-updated/k1_standalone_int8_results_1024_20260906_234746/perf_logs/RVV_igemm_kernel_8x4_zvl256b_lmul1_unroll4_i8i32_core7_run1.perf.csv
RVV,igemm_kernel_8x4_zvl256b_lmul1_unroll4_i8i32,7,2,OK,3.378129,0.6357,OK,0,1024x1024x1024,/home/bananapi/MAT/kernels riscv rvv 1.0/FINAL/riscv-rvv-ime-gemm-microkernels-updated/k1_standalone_int8_results_1024_20260906_234746,0.3130249147,/home/bananapi/MAT/kernels riscv rvv 1.0/FINAL/riscv-rvv-ime-gemm-microkernels-updated/k1_standalone_int8_results_1024_20260906_234746/perf_logs/RVV_igemm_kernel_8x4_zvl256b_lmul1_unroll4_i8i32_core7_run2.perf.csv
RVV,igemm_kernel_8x4_zvl256b_lmul1_unroll4_i8i32,7,3,OK,3.374897,0.6363,OK,0,1024x1024x1024,/home/bananapi/MAT/kernels riscv rvv 1.0/FINAL/riscv-rvv-ime-gemm-microkernels-updated/k1_standalone_int8_results_1024_20260906_234746,0.3133296487,/home/bananapi/MAT/kernels riscv rvv 1.0/FINAL/riscv-rvv-ime-gemm-microkernels-updated/k1_standalone_int8_results_1024_20260906_234746/perf_logs/RVV_igemm_kernel_8x4_zvl256b_lmul1_unroll4_i8i32_core7_run3.perf.csv
RVV,igemm_kernel_8x4_zvl256b_lmul1_unroll4_i8i32,7,4,OK,3.376667,0.6360,OK,0,1024x1024x1024,/home/bananapi/MAT/kernels riscv rvv 1.0/FINAL/riscv-rvv-ime-gemm-microkernels-updated/k1_standalone_int8_results_1024_20260906_234746,0.3132069501,/home/bananapi/MAT/kernels riscv rvv 1.0/FINAL/riscv-rvv-ime-gemm-microkernels-updated/k1_standalone_int8_results_1024_20260906_234746/perf_logs/RVV_igemm_kernel_8x4_zvl256b_lmul1_unroll4_i8i32_core7_run4.perf.csv
RVV,igemm_kernel_8x4_zvl256b_lmul1_unroll4_i8i32,7,5,OK,3.379164,0.6355,OK,0,1024x1024x1024,/home/bananapi/MAT/kernels riscv rvv 1.0/FINAL/riscv-rvv-ime-gemm-microkernels-updated/k1_standalone_int8_results_1024_20260906_234746,0.3129652355,/home/bananapi/MAT/kernels riscv rvv 1.0/FINAL/riscv-rvv-ime-gemm-microkernels-updated/k1_standalone_int8_results_1024_20260906_234746/perf_logs/RVV_igemm_kernel_8x4_zvl256b_lmul1_unroll4_i8i32_core7_run5.perf.csv
RVV,igemm_kernel_8x4_zvl256b_lmul1_unroll4_i8i32,7,6,OK,3.374580,0.6364,OK,0,1024x1024x1024,/home/bananapi/MAT/kernels riscv rvv 1.0/FINAL/riscv-rvv-ime-gemm-microkernels-updated/k1_standalone_int8_results_1024_20260906_234746,0.3133605277,/home/bananapi/MAT/kernels riscv rvv 1.0/FINAL/riscv-rvv-ime-gemm-microkernels-updated/k1_standalone_int8_results_1024_20260906_234746/perf_logs/RVV_igemm_kernel_8x4_zvl256b_lmul1_unroll4_i8i32_core7_run6.perf.csv
IME,ime_kernel_8x4_zvl256b_lmul1_unroll4,0,1,OK,0.079330,27.0704,OK,0,1024x1024x1024,/home/bananapi/MAT/kernels riscv rvv 1.0/FINAL/riscv-rvv-ime-gemm-microkernels-updated/k1_standalone_int8_results_1024_20260906_234746,0.4506489002,/home/bananapi/MAT/kernels riscv rvv 1.0/FINAL/riscv-rvv-ime-gemm-microkernels-updated/k1_standalone_int8_results_1024_20260906_234746/perf_logs/IME_ime_kernel_8x4_zvl256b_lmul1_unroll4_core0_run1.perf.csv
IME,ime_kernel_8x4_zvl256b_lmul1_unroll4,0,2,OK,0.082082,26.1627,OK,0,1024x1024x1024,/home/bananapi/MAT/kernels riscv rvv 1.0/FINAL/riscv-rvv-ime-gemm-microkernels-updated/k1_standalone_int8_results_1024_20260906_234746,0.4340512645,/home/bananapi/MAT/kernels riscv rvv 1.0/FINAL/riscv-rvv-ime-gemm-microkernels-updated/k1_standalone_int8_results_1024_20260906_234746/perf_logs/IME_ime_kernel_8x4_zvl256b_lmul1_unroll4_core0_run2.perf.csv
IME,ime_kernel_8x4_zvl256b_lmul1_unroll4,0,3,OK,0.082592,26.0011,OK,0,1024x1024x1024,/home/bananapi/MAT/kernels riscv rvv 1.0/FINAL/riscv-rvv-ime-gemm-microkernels-updated/k1_standalone_int8_results_1024_20260906_234746,0.435829438,/home/bananapi/MAT/kernels riscv rvv 1.0/FINAL/riscv-rvv-ime-gemm-microkernels-updated/k1_standalone_int8_results_1024_20260906_234746/perf_logs/IME_ime_kernel_8x4_zvl256b_lmul1_unroll4_core0_run3.perf.csv
IME,ime_kernel_8x4_zvl256b_lmul1_unroll4,0,4,OK,0.080415,26.7049,OK,0,1024x1024x1024,/home/bananapi/MAT/kernels riscv rvv 1.0/FINAL/riscv-rvv-ime-gemm-microkernels-updated/k1_standalone_int8_results_1024_20260906_234746,0.4404200619,/home/bananapi/MAT/kernels riscv rvv 1.0/FINAL/riscv-rvv-ime-gemm-microkernels-updated/k1_standalone_int8_results_1024_20260906_234746/perf_logs/IME_ime_kernel_8x4_zvl256b_lmul1_unroll4_core0_run4.perf.csv
IME,ime_kernel_8x4_zvl256b_lmul1_unroll4,0,5,OK,0.082083,26.1623,OK,0,1024x1024x1024,/home/bananapi/MAT/kernels riscv rvv 1.0/FINAL/riscv-rvv-ime-gemm-microkernels-updated/k1_standalone_int8_results_1024_20260906_234746,0.436631916,/home/bananapi/MAT/kernels riscv rvv 1.0/FINAL/riscv-rvv-ime-gemm-microkernels-updated/k1_standalone_int8_results_1024_20260906_234746/perf_logs/IME_ime_kernel_8x4_zvl256b_lmul1_unroll4_core0_run5.perf.csv
IME,ime_kernel_8x4_zvl256b_lmul1_unroll4,0,6,OK,0.079618,26.9725,OK,0,1024x1024x1024,/home/bananapi/MAT/kernels riscv rvv 1.0/FINAL/riscv-rvv-ime-gemm-microkernels-updated/k1_standalone_int8_results_1024_20260906_234746,0.4430456026,/home/bananapi/MAT/kernels riscv rvv 1.0/FINAL/riscv-rvv-ime-gemm-microkernels-updated/k1_standalone_int8_results_1024_20260906_234746/perf_logs/IME_ime_kernel_8x4_zvl256b_lmul1_unroll4_core0_run6.perf.csv
IME,ime_kernel_8x4_zvl256b_lmul1_unroll4,1,1,OK,0.073867,29.0722,OK,0,1024x1024x1024,/home/bananapi/MAT/kernels riscv rvv 1.0/FINAL/riscv-rvv-ime-gemm-microkernels-updated/k1_standalone_int8_results_1024_20260906_234746,0.4652941122,/home/bananapi/MAT/kernels riscv rvv 1.0/FINAL/riscv-rvv-ime-gemm-microkernels-updated/k1_standalone_int8_results_1024_20260906_234746/perf_logs/IME_ime_kernel_8x4_zvl256b_lmul1_unroll4_core1_run1.perf.csv
IME,ime_kernel_8x4_zvl256b_lmul1_unroll4,1,2,OK,0.078845,27.2368,OK,0,1024x1024x1024,/home/bananapi/MAT/kernels riscv rvv 1.0/FINAL/riscv-rvv-ime-gemm-microkernels-updated/k1_standalone_int8_results_1024_20260906_234746,0.4463203824,/home/bananapi/MAT/kernels riscv rvv 1.0/FINAL/riscv-rvv-ime-gemm-microkernels-updated/k1_standalone_int8_results_1024_20260906_234746/perf_logs/IME_ime_kernel_8x4_zvl256b_lmul1_unroll4_core1_run2.perf.csv
IME,ime_kernel_8x4_zvl256b_lmul1_unroll4,1,3,OK,0.082788,25.9397,OK,0,1024x1024x1024,/home/bananapi/MAT/kernels riscv rvv 1.0/FINAL/riscv-rvv-ime-gemm-microkernels-updated/k1_standalone_int8_results_1024_20260906_234746,0.4332040951,/home/bananapi/MAT/kernels riscv rvv 1.0/FINAL/riscv-rvv-ime-gemm-microkernels-updated/k1_standalone_int8_results_1024_20260906_234746/perf_logs/IME_ime_kernel_8x4_zvl256b_lmul1_unroll4_core1_run3.perf.csv
IME,ime_kernel_8x4_zvl256b_lmul1_unroll4,1,4,OK,0.078185,27.4666,OK,0,1024x1024x1024,/home/bananapi/MAT/kernels riscv rvv 1.0/FINAL/riscv-rvv-ime-gemm-microkernels-updated/k1_standalone_int8_results_1024_20260906_234746,0.4502541394,/home/bananapi/MAT/kernels riscv rvv 1.0/FINAL/riscv-rvv-ime-gemm-microkernels-updated/k1_standalone_int8_results_1024_20260906_234746/perf_logs/IME_ime_kernel_8x4_zvl256b_lmul1_unroll4_core1_run4.perf.csv
IME,ime_kernel_8x4_zvl256b_lmul1_unroll4,1,5,OK,0.078356,27.4068,OK,0,1024x1024x1024,/home/bananapi/MAT/kernels riscv rvv 1.0/FINAL/riscv-rvv-ime-gemm-microkernels-updated/k1_standalone_int8_results_1024_20260906_234746,0.4489667982,/home/bananapi/MAT/kernels riscv rvv 1.0/FINAL/riscv-rvv-ime-gemm-microkernels-updated/k1_standalone_int8_results_1024_20260906_234746/perf_logs/IME_ime_kernel_8x4_zvl256b_lmul1_unroll4_core1_run5.perf.csv
IME,ime_kernel_8x4_zvl256b_lmul1_unroll4,1,6,OK,0.080460,26.6901,OK,0,1024x1024x1024,/home/bananapi/MAT/kernels riscv rvv 1.0/FINAL/riscv-rvv-ime-gemm-microkernels-updated/k1_standalone_int8_results_1024_20260906_234746,0.4412866277,/home/bananapi/MAT/kernels riscv rvv 1.0/FINAL/riscv-rvv-ime-gemm-microkernels-updated/k1_standalone_int8_results_1024_20260906_234746/perf_logs/IME_ime_kernel_8x4_zvl256b_lmul1_unroll4_core1_run6.perf.csv
IME,ime_kernel_8x4_zvl256b_lmul1_unroll4,2,1,OK,0.078732,27.2760,OK,0,1024x1024x1024,/home/bananapi/MAT/kernels riscv rvv 1.0/FINAL/riscv-rvv-ime-gemm-microkernels-updated/k1_standalone_int8_results_1024_20260906_234746,0.4471858357,/home/bananapi/MAT/kernels riscv rvv 1.0/FINAL/riscv-rvv-ime-gemm-microkernels-updated/k1_standalone_int8_results_1024_20260906_234746/perf_logs/IME_ime_kernel_8x4_zvl256b_lmul1_unroll4_core2_run1.perf.csv
IME,ime_kernel_8x4_zvl256b_lmul1_unroll4,2,2,OK,0.080299,26.7436,OK,0,1024x1024x1024,/home/bananapi/MAT/kernels riscv rvv 1.0/FINAL/riscv-rvv-ime-gemm-microkernels-updated/k1_standalone_int8_results_1024_20260906_234746,0.4422959412,/home/bananapi/MAT/kernels riscv rvv 1.0/FINAL/riscv-rvv-ime-gemm-microkernels-updated/k1_standalone_int8_results_1024_20260906_234746/perf_logs/IME_ime_kernel_8x4_zvl256b_lmul1_unroll4_core2_run2.perf.csv
IME,ime_kernel_8x4_zvl256b_lmul1_unroll4,2,3,OK,0.077191,27.8203,OK,0,1024x1024x1024,/home/bananapi/MAT/kernels riscv rvv 1.0/FINAL/riscv-rvv-ime-gemm-microkernels-updated/k1_standalone_int8_results_1024_20260906_234746,0.45261347,/home/bananapi/MAT/kernels riscv rvv 1.0/FINAL/riscv-rvv-ime-gemm-microkernels-updated/k1_standalone_int8_results_1024_20260906_234746/perf_logs/IME_ime_kernel_8x4_zvl256b_lmul1_unroll4_core2_run3.perf.csv
IME,ime_kernel_8x4_zvl256b_lmul1_unroll4,2,4,OK,0.077853,27.5840,OK,0,1024x1024x1024,/home/bananapi/MAT/kernels riscv rvv 1.0/FINAL/riscv-rvv-ime-gemm-microkernels-updated/k1_standalone_int8_results_1024_20260906_234746,0.4518420454,/home/bananapi/MAT/kernels riscv rvv 1.0/FINAL/riscv-rvv-ime-gemm-microkernels-updated/k1_standalone_int8_results_1024_20260906_234746/perf_logs/IME_ime_kernel_8x4_zvl256b_lmul1_unroll4_core2_run4.perf.csv
IME,ime_kernel_8x4_zvl256b_lmul1_unroll4,2,5,OK,0.076618,28.0286,OK,0,1024x1024x1024,/home/bananapi/MAT/kernels riscv rvv 1.0/FINAL/riscv-rvv-ime-gemm-microkernels-updated/k1_standalone_int8_results_1024_20260906_234746,0.454206862,/home/bananapi/MAT/kernels riscv rvv 1.0/FINAL/riscv-rvv-ime-gemm-microkernels-updated/k1_standalone_int8_results_1024_20260906_234746/perf_logs/IME_ime_kernel_8x4_zvl256b_lmul1_unroll4_core2_run5.perf.csv
IME,ime_kernel_8x4_zvl256b_lmul1_unroll4,2,6,OK,0.080046,26.8282,OK,0,1024x1024x1024,/home/bananapi/MAT/kernels riscv rvv 1.0/FINAL/riscv-rvv-ime-gemm-microkernels-updated/k1_standalone_int8_results_1024_20260906_234746,0.4421641571,/home/bananapi/MAT/kernels riscv rvv 1.0/FINAL/riscv-rvv-ime-gemm-microkernels-updated/k1_standalone_int8_results_1024_20260906_234746/perf_logs/IME_ime_kernel_8x4_zvl256b_lmul1_unroll4_core2_run6.perf.csv
IME,ime_kernel_8x4_zvl256b_lmul1_unroll4,3,1,OK,0.077699,27.6385,OK,0,1024x1024x1024,/home/bananapi/MAT/kernels riscv rvv 1.0/FINAL/riscv-rvv-ime-gemm-microkernels-updated/k1_standalone_int8_results_1024_20260906_234746,0.4520345876,/home/bananapi/MAT/kernels riscv rvv 1.0/FINAL/riscv-rvv-ime-gemm-microkernels-updated/k1_standalone_int8_results_1024_20260906_234746/perf_logs/IME_ime_kernel_8x4_zvl256b_lmul1_unroll4_core3_run1.perf.csv
IME,ime_kernel_8x4_zvl256b_lmul1_unroll4,3,2,OK,0.081553,26.3322,OK,0,1024x1024x1024,/home/bananapi/MAT/kernels riscv rvv 1.0/FINAL/riscv-rvv-ime-gemm-microkernels-updated/k1_standalone_int8_results_1024_20260906_234746,0.4425751487,/home/bananapi/MAT/kernels riscv rvv 1.0/FINAL/riscv-rvv-ime-gemm-microkernels-updated/k1_standalone_int8_results_1024_20260906_234746/perf_logs/IME_ime_kernel_8x4_zvl256b_lmul1_unroll4_core3_run2.perf.csv
IME,ime_kernel_8x4_zvl256b_lmul1_unroll4,3,3,OK,0.081490,26.3527,OK,0,1024x1024x1024,/home/bananapi/MAT/kernels riscv rvv 1.0/FINAL/riscv-rvv-ime-gemm-microkernels-updated/k1_standalone_int8_results_1024_20260906_234746,0.4433545827,/home/bananapi/MAT/kernels riscv rvv 1.0/FINAL/riscv-rvv-ime-gemm-microkernels-updated/k1_standalone_int8_results_1024_20260906_234746/perf_logs/IME_ime_kernel_8x4_zvl256b_lmul1_unroll4_core3_run3.perf.csv
IME,ime_kernel_8x4_zvl256b_lmul1_unroll4,3,4,OK,0.079456,27.0274,OK,0,1024x1024x1024,/home/bananapi/MAT/kernels riscv rvv 1.0/FINAL/riscv-rvv-ime-gemm-microkernels-updated/k1_standalone_int8_results_1024_20260906_234746,0.4510019665,/home/bananapi/MAT/kernels riscv rvv 1.0/FINAL/riscv-rvv-ime-gemm-microkernels-updated/k1_standalone_int8_results_1024_20260906_234746/perf_logs/IME_ime_kernel_8x4_zvl256b_lmul1_unroll4_core3_run4.perf.csv
IME,ime_kernel_8x4_zvl256b_lmul1_unroll4,3,5,OK,0.080058,26.8242,OK,0,1024x1024x1024,/home/bananapi/MAT/kernels riscv rvv 1.0/FINAL/riscv-rvv-ime-gemm-microkernels-updated/k1_standalone_int8_results_1024_20260906_234746,0.4415814376,/home/bananapi/MAT/kernels riscv rvv 1.0/FINAL/riscv-rvv-ime-gemm-microkernels-updated/k1_standalone_int8_results_1024_20260906_234746/perf_logs/IME_ime_kernel_8x4_zvl256b_lmul1_unroll4_core3_run5.perf.csv
IME,ime_kernel_8x4_zvl256b_lmul1_unroll4,3,6,OK,0.079371,27.0564,OK,0,1024x1024x1024,/home/bananapi/MAT/kernels riscv rvv 1.0/FINAL/riscv-rvv-ime-gemm-microkernels-updated/k1_standalone_int8_results_1024_20260906_234746,0.4438187695,/home/bananapi/MAT/kernels riscv rvv 1.0/FINAL/riscv-rvv-ime-gemm-microkernels-updated/k1_standalone_int8_results_1024_20260906_234746/perf_logs/IME_ime_kernel_8x4_zvl256b_lmul1_unroll4_core3_run6.perf.csv
RVV,igemm_kernel_8x4_zvl256b_lmul1_unroll8_i8i32,4,1,OK,3.130881,0.6859,OK,0,1024x1024x1024,/home/bananapi/MAT/kernels riscv rvv 1.0/FINAL/riscv-rvv-ime-gemm-microkernels-updated/k1_standalone_int8_results_1024_20260906_234746,0.2981074845,/home/bananapi/MAT/kernels riscv rvv 1.0/FINAL/riscv-rvv-ime-gemm-microkernels-updated/k1_standalone_int8_results_1024_20260906_234746/perf_logs/RVV_igemm_kernel_8x4_zvl256b_lmul1_unroll8_i8i32_core4_run1.perf.csv
RVV,igemm_kernel_8x4_zvl256b_lmul1_unroll8_i8i32,4,2,OK,3.129822,0.6861,OK,0,1024x1024x1024,/home/bananapi/MAT/kernels riscv rvv 1.0/FINAL/riscv-rvv-ime-gemm-microkernels-updated/k1_standalone_int8_results_1024_20260906_234746,0.2982123349,/home/bananapi/MAT/kernels riscv rvv 1.0/FINAL/riscv-rvv-ime-gemm-microkernels-updated/k1_standalone_int8_results_1024_20260906_234746/perf_logs/RVV_igemm_kernel_8x4_zvl256b_lmul1_unroll8_i8i32_core4_run2.perf.csv
RVV,igemm_kernel_8x4_zvl256b_lmul1_unroll8_i8i32,4,3,OK,3.136428,0.6847,OK,0,1024x1024x1024,/home/bananapi/MAT/kernels riscv rvv 1.0/FINAL/riscv-rvv-ime-gemm-microkernels-updated/k1_standalone_int8_results_1024_20260906_234746,0.2978884911,/home/bananapi/MAT/kernels riscv rvv 1.0/FINAL/riscv-rvv-ime-gemm-microkernels-updated/k1_standalone_int8_results_1024_20260906_234746/perf_logs/RVV_igemm_kernel_8x4_zvl256b_lmul1_unroll8_i8i32_core4_run3.perf.csv
RVV,igemm_kernel_8x4_zvl256b_lmul1_unroll8_i8i32,4,4,OK,3.132403,0.6856,OK,0,1024x1024x1024,/home/bananapi/MAT/kernels riscv rvv 1.0/FINAL/riscv-rvv-ime-gemm-microkernels-updated/k1_standalone_int8_results_1024_20260906_234746,0.2979149797,/home/bananapi/MAT/kernels riscv rvv 1.0/FINAL/riscv-rvv-ime-gemm-microkernels-updated/k1_standalone_int8_results_1024_20260906_234746/perf_logs/RVV_igemm_kernel_8x4_zvl256b_lmul1_unroll8_i8i32_core4_run4.perf.csv
RVV,igemm_kernel_8x4_zvl256b_lmul1_unroll8_i8i32,4,5,OK,3.129596,0.6862,OK,0,1024x1024x1024,/home/bananapi/MAT/kernels riscv rvv 1.0/FINAL/riscv-rvv-ime-gemm-microkernels-updated/k1_standalone_int8_results_1024_20260906_234746,0.2982295828,/home/bananapi/MAT/kernels riscv rvv 1.0/FINAL/riscv-rvv-ime-gemm-microkernels-updated/k1_standalone_int8_results_1024_20260906_234746/perf_logs/RVV_igemm_kernel_8x4_zvl256b_lmul1_unroll8_i8i32_core4_run5.perf.csv
RVV,igemm_kernel_8x4_zvl256b_lmul1_unroll8_i8i32,4,6,OK,3.130438,0.6860,OK,0,1024x1024x1024,/home/bananapi/MAT/kernels riscv rvv 1.0/FINAL/riscv-rvv-ime-gemm-microkernels-updated/k1_standalone_int8_results_1024_20260906_234746,0.2981422821,/home/bananapi/MAT/kernels riscv rvv 1.0/FINAL/riscv-rvv-ime-gemm-microkernels-updated/k1_standalone_int8_results_1024_20260906_234746/perf_logs/RVV_igemm_kernel_8x4_zvl256b_lmul1_unroll8_i8i32_core4_run6.perf.csv
RVV,igemm_kernel_8x4_zvl256b_lmul1_unroll8_i8i32,5,1,OK,3.141105,0.6837,OK,0,1024x1024x1024,/home/bananapi/MAT/kernels riscv rvv 1.0/FINAL/riscv-rvv-ime-gemm-microkernels-updated/k1_standalone_int8_results_1024_20260906_234746,0.2980464535,/home/bananapi/MAT/kernels riscv rvv 1.0/FINAL/riscv-rvv-ime-gemm-microkernels-updated/k1_standalone_int8_results_1024_20260906_234746/perf_logs/RVV_igemm_kernel_8x4_zvl256b_lmul1_unroll8_i8i32_core5_run1.perf.csv
RVV,igemm_kernel_8x4_zvl256b_lmul1_unroll8_i8i32,5,2,OK,3.140474,0.6838,OK,0,1024x1024x1024,/home/bananapi/MAT/kernels riscv rvv 1.0/FINAL/riscv-rvv-ime-gemm-microkernels-updated/k1_standalone_int8_results_1024_20260906_234746,0.298080779,/home/bananapi/MAT/kernels riscv rvv 1.0/FINAL/riscv-rvv-ime-gemm-microkernels-updated/k1_standalone_int8_results_1024_20260906_234746/perf_logs/RVV_igemm_kernel_8x4_zvl256b_lmul1_unroll8_i8i32_core5_run2.perf.csv
RVV,igemm_kernel_8x4_zvl256b_lmul1_unroll8_i8i32,5,3,OK,3.139731,0.6840,OK,0,1024x1024x1024,/home/bananapi/MAT/kernels riscv rvv 1.0/FINAL/riscv-rvv-ime-gemm-microkernels-updated/k1_standalone_int8_results_1024_20260906_234746,0.2981933083,/home/bananapi/MAT/kernels riscv rvv 1.0/FINAL/riscv-rvv-ime-gemm-microkernels-updated/k1_standalone_int8_results_1024_20260906_234746/perf_logs/RVV_igemm_kernel_8x4_zvl256b_lmul1_unroll8_i8i32_core5_run3.perf.csv
RVV,igemm_kernel_8x4_zvl256b_lmul1_unroll8_i8i32,5,4,OK,3.140466,0.6838,OK,0,1024x1024x1024,/home/bananapi/MAT/kernels riscv rvv 1.0/FINAL/riscv-rvv-ime-gemm-microkernels-updated/k1_standalone_int8_results_1024_20260906_234746,0.2981657015,/home/bananapi/MAT/kernels riscv rvv 1.0/FINAL/riscv-rvv-ime-gemm-microkernels-updated/k1_standalone_int8_results_1024_20260906_234746/perf_logs/RVV_igemm_kernel_8x4_zvl256b_lmul1_unroll8_i8i32_core5_run4.perf.csv
RVV,igemm_kernel_8x4_zvl256b_lmul1_unroll8_i8i32,5,5,OK,3.140495,0.6838,OK,0,1024x1024x1024,/home/bananapi/MAT/kernels riscv rvv 1.0/FINAL/riscv-rvv-ime-gemm-microkernels-updated/k1_standalone_int8_results_1024_20260906_234746,0.2980995059,/home/bananapi/MAT/kernels riscv rvv 1.0/FINAL/riscv-rvv-ime-gemm-microkernels-updated/k1_standalone_int8_results_1024_20260906_234746/perf_logs/RVV_igemm_kernel_8x4_zvl256b_lmul1_unroll8_i8i32_core5_run5.perf.csv
RVV,igemm_kernel_8x4_zvl256b_lmul1_unroll8_i8i32,5,6,OK,3.142721,0.6833,OK,0,1024x1024x1024,/home/bananapi/MAT/kernels riscv rvv 1.0/FINAL/riscv-rvv-ime-gemm-microkernels-updated/k1_standalone_int8_results_1024_20260906_234746,0.2979361171,/home/bananapi/MAT/kernels riscv rvv 1.0/FINAL/riscv-rvv-ime-gemm-microkernels-updated/k1_standalone_int8_results_1024_20260906_234746/perf_logs/RVV_igemm_kernel_8x4_zvl256b_lmul1_unroll8_i8i32_core5_run6.perf.csv
RVV,igemm_kernel_8x4_zvl256b_lmul1_unroll8_i8i32,6,1,OK,3.130868,0.6859,OK,0,1024x1024x1024,/home/bananapi/MAT/kernels riscv rvv 1.0/FINAL/riscv-rvv-ime-gemm-microkernels-updated/k1_standalone_int8_results_1024_20260906_234746,0.2981276766,/home/bananapi/MAT/kernels riscv rvv 1.0/FINAL/riscv-rvv-ime-gemm-microkernels-updated/k1_standalone_int8_results_1024_20260906_234746/perf_logs/RVV_igemm_kernel_8x4_zvl256b_lmul1_unroll8_i8i32_core6_run1.perf.csv
RVV,igemm_kernel_8x4_zvl256b_lmul1_unroll8_i8i32,6,2,OK,3.137720,0.6844,OK,0,1024x1024x1024,/home/bananapi/MAT/kernels riscv rvv 1.0/FINAL/riscv-rvv-ime-gemm-microkernels-updated/k1_standalone_int8_results_1024_20260906_234746,0.2978471738,/home/bananapi/MAT/kernels riscv rvv 1.0/FINAL/riscv-rvv-ime-gemm-microkernels-updated/k1_standalone_int8_results_1024_20260906_234746/perf_logs/RVV_igemm_kernel_8x4_zvl256b_lmul1_unroll8_i8i32_core6_run2.perf.csv
RVV,igemm_kernel_8x4_zvl256b_lmul1_unroll8_i8i32,6,3,OK,3.128239,0.6865,OK,0,1024x1024x1024,/home/bananapi/MAT/kernels riscv rvv 1.0/FINAL/riscv-rvv-ime-gemm-microkernels-updated/k1_standalone_int8_results_1024_20260906_234746,0.2983702403,/home/bananapi/MAT/kernels riscv rvv 1.0/FINAL/riscv-rvv-ime-gemm-microkernels-updated/k1_standalone_int8_results_1024_20260906_234746/perf_logs/RVV_igemm_kernel_8x4_zvl256b_lmul1_unroll8_i8i32_core6_run3.perf.csv
RVV,igemm_kernel_8x4_zvl256b_lmul1_unroll8_i8i32,6,4,OK,3.130628,0.6860,OK,0,1024x1024x1024,/home/bananapi/MAT/kernels riscv rvv 1.0/FINAL/riscv-rvv-ime-gemm-microkernels-updated/k1_standalone_int8_results_1024_20260906_234746,0.2981263111,/home/bananapi/MAT/kernels riscv rvv 1.0/FINAL/riscv-rvv-ime-gemm-microkernels-updated/k1_standalone_int8_results_1024_20260906_234746/perf_logs/RVV_igemm_kernel_8x4_zvl256b_lmul1_unroll8_i8i32_core6_run4.perf.csv
RVV,igemm_kernel_8x4_zvl256b_lmul1_unroll8_i8i32,6,5,OK,3.131873,0.6857,OK,0,1024x1024x1024,/home/bananapi/MAT/kernels riscv rvv 1.0/FINAL/riscv-rvv-ime-gemm-microkernels-updated/k1_standalone_int8_results_1024_20260906_234746,0.2980341112,/home/bananapi/MAT/kernels riscv rvv 1.0/FINAL/riscv-rvv-ime-gemm-microkernels-updated/k1_standalone_int8_results_1024_20260906_234746/perf_logs/RVV_igemm_kernel_8x4_zvl256b_lmul1_unroll8_i8i32_core6_run5.perf.csv
RVV,igemm_kernel_8x4_zvl256b_lmul1_unroll8_i8i32,6,6,OK,3.131214,0.6858,OK,0,1024x1024x1024,/home/bananapi/MAT/kernels riscv rvv 1.0/FINAL/riscv-rvv-ime-gemm-microkernels-updated/k1_standalone_int8_results_1024_20260906_234746,0.2980443836,/home/bananapi/MAT/kernels riscv rvv 1.0/FINAL/riscv-rvv-ime-gemm-microkernels-updated/k1_standalone_int8_results_1024_20260906_234746/perf_logs/RVV_igemm_kernel_8x4_zvl256b_lmul1_unroll8_i8i32_core6_run6.perf.csv
RVV,igemm_kernel_8x4_zvl256b_lmul1_unroll8_i8i32,7,1,OK,3.130183,0.6861,OK,0,1024x1024x1024,/home/bananapi/MAT/kernels riscv rvv 1.0/FINAL/riscv-rvv-ime-gemm-microkernels-updated/k1_standalone_int8_results_1024_20260906_234746,0.2981642102,/home/bananapi/MAT/kernels riscv rvv 1.0/FINAL/riscv-rvv-ime-gemm-microkernels-updated/k1_standalone_int8_results_1024_20260906_234746/perf_logs/RVV_igemm_kernel_8x4_zvl256b_lmul1_unroll8_i8i32_core7_run1.perf.csv
RVV,igemm_kernel_8x4_zvl256b_lmul1_unroll8_i8i32,7,2,OK,3.128233,0.6865,OK,0,1024x1024x1024,/home/bananapi/MAT/kernels riscv rvv 1.0/FINAL/riscv-rvv-ime-gemm-microkernels-updated/k1_standalone_int8_results_1024_20260906_234746,0.2983441841,/home/bananapi/MAT/kernels riscv rvv 1.0/FINAL/riscv-rvv-ime-gemm-microkernels-updated/k1_standalone_int8_results_1024_20260906_234746/perf_logs/RVV_igemm_kernel_8x4_zvl256b_lmul1_unroll8_i8i32_core7_run2.perf.csv
RVV,igemm_kernel_8x4_zvl256b_lmul1_unroll8_i8i32,7,3,OK,3.132095,0.6856,OK,0,1024x1024x1024,/home/bananapi/MAT/kernels riscv rvv 1.0/FINAL/riscv-rvv-ime-gemm-microkernels-updated/k1_standalone_int8_results_1024_20260906_234746,0.2979631994,/home/bananapi/MAT/kernels riscv rvv 1.0/FINAL/riscv-rvv-ime-gemm-microkernels-updated/k1_standalone_int8_results_1024_20260906_234746/perf_logs/RVV_igemm_kernel_8x4_zvl256b_lmul1_unroll8_i8i32_core7_run3.perf.csv
RVV,igemm_kernel_8x4_zvl256b_lmul1_unroll8_i8i32,7,4,OK,3.131640,0.6857,OK,0,1024x1024x1024,/home/bananapi/MAT/kernels riscv rvv 1.0/FINAL/riscv-rvv-ime-gemm-microkernels-updated/k1_standalone_int8_results_1024_20260906_234746,0.2980076585,/home/bananapi/MAT/kernels riscv rvv 1.0/FINAL/riscv-rvv-ime-gemm-microkernels-updated/k1_standalone_int8_results_1024_20260906_234746/perf_logs/RVV_igemm_kernel_8x4_zvl256b_lmul1_unroll8_i8i32_core7_run4.perf.csv
RVV,igemm_kernel_8x4_zvl256b_lmul1_unroll8_i8i32,7,5,OK,3.130219,0.6860,OK,0,1024x1024x1024,/home/bananapi/MAT/kernels riscv rvv 1.0/FINAL/riscv-rvv-ime-gemm-microkernels-updated/k1_standalone_int8_results_1024_20260906_234746,0.2982006919,/home/bananapi/MAT/kernels riscv rvv 1.0/FINAL/riscv-rvv-ime-gemm-microkernels-updated/k1_standalone_int8_results_1024_20260906_234746/perf_logs/RVV_igemm_kernel_8x4_zvl256b_lmul1_unroll8_i8i32_core7_run5.perf.csv
RVV,igemm_kernel_8x4_zvl256b_lmul1_unroll8_i8i32,7,6,OK,3.133041,0.6854,OK,0,1024x1024x1024,/home/bananapi/MAT/kernels riscv rvv 1.0/FINAL/riscv-rvv-ime-gemm-microkernels-updated/k1_standalone_int8_results_1024_20260906_234746,0.2979041664,/home/bananapi/MAT/kernels riscv rvv 1.0/FINAL/riscv-rvv-ime-gemm-microkernels-updated/k1_standalone_int8_results_1024_20260906_234746/perf_logs/RVV_igemm_kernel_8x4_zvl256b_lmul1_unroll8_i8i32_core7_run6.perf.csv
IME,ime_kernel_8x4_zvl256b_lmul1_unroll8,0,1,OK,0.080323,26.7357,OK,0,1024x1024x1024,/home/bananapi/MAT/kernels riscv rvv 1.0/FINAL/riscv-rvv-ime-gemm-microkernels-updated/k1_standalone_int8_results_1024_20260906_234746,0.4354884586,/home/bananapi/MAT/kernels riscv rvv 1.0/FINAL/riscv-rvv-ime-gemm-microkernels-updated/k1_standalone_int8_results_1024_20260906_234746/perf_logs/IME_ime_kernel_8x4_zvl256b_lmul1_unroll8_core0_run1.perf.csv
IME,ime_kernel_8x4_zvl256b_lmul1_unroll8,0,2,OK,0.081041,26.4988,OK,0,1024x1024x1024,/home/bananapi/MAT/kernels riscv rvv 1.0/FINAL/riscv-rvv-ime-gemm-microkernels-updated/k1_standalone_int8_results_1024_20260906_234746,0.4338356672,/home/bananapi/MAT/kernels riscv rvv 1.0/FINAL/riscv-rvv-ime-gemm-microkernels-updated/k1_standalone_int8_results_1024_20260906_234746/perf_logs/IME_ime_kernel_8x4_zvl256b_lmul1_unroll8_core0_run2.perf.csv
IME,ime_kernel_8x4_zvl256b_lmul1_unroll8,0,3,OK,0.079018,27.1771,OK,0,1024x1024x1024,/home/bananapi/MAT/kernels riscv rvv 1.0/FINAL/riscv-rvv-ime-gemm-microkernels-updated/k1_standalone_int8_results_1024_20260906_234746,0.4406642039,/home/bananapi/MAT/kernels riscv rvv 1.0/FINAL/riscv-rvv-ime-gemm-microkernels-updated/k1_standalone_int8_results_1024_20260906_234746/perf_logs/IME_ime_kernel_8x4_zvl256b_lmul1_unroll8_core0_run3.perf.csv
IME,ime_kernel_8x4_zvl256b_lmul1_unroll8,0,4,OK,0.078370,27.4018,OK,0,1024x1024x1024,/home/bananapi/MAT/kernels riscv rvv 1.0/FINAL/riscv-rvv-ime-gemm-microkernels-updated/k1_standalone_int8_results_1024_20260906_234746,0.4431592103,/home/bananapi/MAT/kernels riscv rvv 1.0/FINAL/riscv-rvv-ime-gemm-microkernels-updated/k1_standalone_int8_results_1024_20260906_234746/perf_logs/IME_ime_kernel_8x4_zvl256b_lmul1_unroll8_core0_run4.perf.csv
IME,ime_kernel_8x4_zvl256b_lmul1_unroll8,0,5,OK,0.079890,26.8807,OK,0,1024x1024x1024,/home/bananapi/MAT/kernels riscv rvv 1.0/FINAL/riscv-rvv-ime-gemm-microkernels-updated/k1_standalone_int8_results_1024_20260906_234746,0.4363105392,/home/bananapi/MAT/kernels riscv rvv 1.0/FINAL/riscv-rvv-ime-gemm-microkernels-updated/k1_standalone_int8_results_1024_20260906_234746/perf_logs/IME_ime_kernel_8x4_zvl256b_lmul1_unroll8_core0_run5.perf.csv
IME,ime_kernel_8x4_zvl256b_lmul1_unroll8,0,6,OK,0.082202,26.1245,OK,0,1024x1024x1024,/home/bananapi/MAT/kernels riscv rvv 1.0/FINAL/riscv-rvv-ime-gemm-microkernels-updated/k1_standalone_int8_results_1024_20260906_234746,0.4288182148,/home/bananapi/MAT/kernels riscv rvv 1.0/FINAL/riscv-rvv-ime-gemm-microkernels-updated/k1_standalone_int8_results_1024_20260906_234746/perf_logs/IME_ime_kernel_8x4_zvl256b_lmul1_unroll8_core0_run6.perf.csv
IME,ime_kernel_8x4_zvl256b_lmul1_unroll8,1,1,OK,0.079654,26.9600,OK,0,1024x1024x1024,/home/bananapi/MAT/kernels riscv rvv 1.0/FINAL/riscv-rvv-ime-gemm-microkernels-updated/k1_standalone_int8_results_1024_20260906_234746,0.4386900341,/home/bananapi/MAT/kernels riscv rvv 1.0/FINAL/riscv-rvv-ime-gemm-microkernels-updated/k1_standalone_int8_results_1024_20260906_234746/perf_logs/IME_ime_kernel_8x4_zvl256b_lmul1_unroll8_core1_run1.perf.csv
IME,ime_kernel_8x4_zvl256b_lmul1_unroll8,1,2,OK,0.076597,28.0363,OK,0,1024x1024x1024,/home/bananapi/MAT/kernels riscv rvv 1.0/FINAL/riscv-rvv-ime-gemm-microkernels-updated/k1_standalone_int8_results_1024_20260906_234746,0.4492860689,/home/bananapi/MAT/kernels riscv rvv 1.0/FINAL/riscv-rvv-ime-gemm-microkernels-updated/k1_standalone_int8_results_1024_20260906_234746/perf_logs/IME_ime_kernel_8x4_zvl256b_lmul1_unroll8_core1_run2.perf.csv
IME,ime_kernel_8x4_zvl256b_lmul1_unroll8,1,3,OK,0.078350,27.4088,OK,0,1024x1024x1024,/home/bananapi/MAT/kernels riscv rvv 1.0/FINAL/riscv-rvv-ime-gemm-microkernels-updated/k1_standalone_int8_results_1024_20260906_234746,0.4430514963,/home/bananapi/MAT/kernels riscv rvv 1.0/FINAL/riscv-rvv-ime-gemm-microkernels-updated/k1_standalone_int8_results_1024_20260906_234746/perf_logs/IME_ime_kernel_8x4_zvl256b_lmul1_unroll8_core1_run3.perf.csv
IME,ime_kernel_8x4_zvl256b_lmul1_unroll8,1,4,OK,0.082290,26.0967,OK,0,1024x1024x1024,/home/bananapi/MAT/kernels riscv rvv 1.0/FINAL/riscv-rvv-ime-gemm-microkernels-updated/k1_standalone_int8_results_1024_20260906_234746,0.4300959144,/home/bananapi/MAT/kernels riscv rvv 1.0/FINAL/riscv-rvv-ime-gemm-microkernels-updated/k1_standalone_int8_results_1024_20260906_234746/perf_logs/IME_ime_kernel_8x4_zvl256b_lmul1_unroll8_core1_run4.perf.csv
IME,ime_kernel_8x4_zvl256b_lmul1_unroll8,1,5,OK,0.077254,27.7978,OK,0,1024x1024x1024,/home/bananapi/MAT/kernels riscv rvv 1.0/FINAL/riscv-rvv-ime-gemm-microkernels-updated/k1_standalone_int8_results_1024_20260906_234746,0.4464484936,/home/bananapi/MAT/kernels riscv rvv 1.0/FINAL/riscv-rvv-ime-gemm-microkernels-updated/k1_standalone_int8_results_1024_20260906_234746/perf_logs/IME_ime_kernel_8x4_zvl256b_lmul1_unroll8_core1_run5.perf.csv
IME,ime_kernel_8x4_zvl256b_lmul1_unroll8,1,6,OK,0.076833,27.9501,OK,0,1024x1024x1024,/home/bananapi/MAT/kernels riscv rvv 1.0/FINAL/riscv-rvv-ime-gemm-microkernels-updated/k1_standalone_int8_results_1024_20260906_234746,0.4475633736,/home/bananapi/MAT/kernels riscv rvv 1.0/FINAL/riscv-rvv-ime-gemm-microkernels-updated/k1_standalone_int8_results_1024_20260906_234746/perf_logs/IME_ime_kernel_8x4_zvl256b_lmul1_unroll8_core1_run6.perf.csv
IME,ime_kernel_8x4_zvl256b_lmul1_unroll8,2,1,OK,0.078265,27.4384,OK,0,1024x1024x1024,/home/bananapi/MAT/kernels riscv rvv 1.0/FINAL/riscv-rvv-ime-gemm-microkernels-updated/k1_standalone_int8_results_1024_20260906_234746,0.4443560119,/home/bananapi/MAT/kernels riscv rvv 1.0/FINAL/riscv-rvv-ime-gemm-microkernels-updated/k1_standalone_int8_results_1024_20260906_234746/perf_logs/IME_ime_kernel_8x4_zvl256b_lmul1_unroll8_core2_run1.perf.csv
IME,ime_kernel_8x4_zvl256b_lmul1_unroll8,2,2,OK,0.079425,27.0379,OK,0,1024x1024x1024,/home/bananapi/MAT/kernels riscv rvv 1.0/FINAL/riscv-rvv-ime-gemm-microkernels-updated/k1_standalone_int8_results_1024_20260906_234746,0.4396284567,/home/bananapi/MAT/kernels riscv rvv 1.0/FINAL/riscv-rvv-ime-gemm-microkernels-updated/k1_standalone_int8_results_1024_20260906_234746/perf_logs/IME_ime_kernel_8x4_zvl256b_lmul1_unroll8_core2_run2.perf.csv
IME,ime_kernel_8x4_zvl256b_lmul1_unroll8,2,3,OK,0.080039,26.8306,OK,0,1024x1024x1024,/home/bananapi/MAT/kernels riscv rvv 1.0/FINAL/riscv-rvv-ime-gemm-microkernels-updated/k1_standalone_int8_results_1024_20260906_234746,0.4369054835,/home/bananapi/MAT/kernels riscv rvv 1.0/FINAL/riscv-rvv-ime-gemm-microkernels-updated/k1_standalone_int8_results_1024_20260906_234746/perf_logs/IME_ime_kernel_8x4_zvl256b_lmul1_unroll8_core2_run3.perf.csv
IME,ime_kernel_8x4_zvl256b_lmul1_unroll8,2,4,OK,0.080135,26.7983,OK,0,1024x1024x1024,/home/bananapi/MAT/kernels riscv rvv 1.0/FINAL/riscv-rvv-ime-gemm-microkernels-updated/k1_standalone_int8_results_1024_20260906_234746,0.436633262,/home/bananapi/MAT/kernels riscv rvv 1.0/FINAL/riscv-rvv-ime-gemm-microkernels-updated/k1_standalone_int8_results_1024_20260906_234746/perf_logs/IME_ime_kernel_8x4_zvl256b_lmul1_unroll8_core2_run4.perf.csv
IME,ime_kernel_8x4_zvl256b_lmul1_unroll8,2,5,OK,0.076173,28.1921,OK,0,1024x1024x1024,/home/bananapi/MAT/kernels riscv rvv 1.0/FINAL/riscv-rvv-ime-gemm-microkernels-updated/k1_standalone_int8_results_1024_20260906_234746,0.4482145946,/home/bananapi/MAT/kernels riscv rvv 1.0/FINAL/riscv-rvv-ime-gemm-microkernels-updated/k1_standalone_int8_results_1024_20260906_234746/perf_logs/IME_ime_kernel_8x4_zvl256b_lmul1_unroll8_core2_run5.perf.csv
IME,ime_kernel_8x4_zvl256b_lmul1_unroll8,2,6,OK,0.079007,27.1808,OK,0,1024x1024x1024,/home/bananapi/MAT/kernels riscv rvv 1.0/FINAL/riscv-rvv-ime-gemm-microkernels-updated/k1_standalone_int8_results_1024_20260906_234746,0.4407468208,/home/bananapi/MAT/kernels riscv rvv 1.0/FINAL/riscv-rvv-ime-gemm-microkernels-updated/k1_standalone_int8_results_1024_20260906_234746/perf_logs/IME_ime_kernel_8x4_zvl256b_lmul1_unroll8_core2_run6.perf.csv
IME,ime_kernel_8x4_zvl256b_lmul1_unroll8,3,1,OK,0.079188,27.1186,OK,0,1024x1024x1024,/home/bananapi/MAT/kernels riscv rvv 1.0/FINAL/riscv-rvv-ime-gemm-microkernels-updated/k1_standalone_int8_results_1024_20260906_234746,0.4397131826,/home/bananapi/MAT/kernels riscv rvv 1.0/FINAL/riscv-rvv-ime-gemm-microkernels-updated/k1_standalone_int8_results_1024_20260906_234746/perf_logs/IME_ime_kernel_8x4_zvl256b_lmul1_unroll8_core3_run1.perf.csv
IME,ime_kernel_8x4_zvl256b_lmul1_unroll8,3,2,OK,0.078302,27.4258,OK,0,1024x1024x1024,/home/bananapi/MAT/kernels riscv rvv 1.0/FINAL/riscv-rvv-ime-gemm-microkernels-updated/k1_standalone_int8_results_1024_20260906_234746,0.4422792293,/home/bananapi/MAT/kernels riscv rvv 1.0/FINAL/riscv-rvv-ime-gemm-microkernels-updated/k1_standalone_int8_results_1024_20260906_234746/perf_logs/IME_ime_kernel_8x4_zvl256b_lmul1_unroll8_core3_run2.perf.csv
IME,ime_kernel_8x4_zvl256b_lmul1_unroll8,3,3,OK,0.078629,27.3118,OK,0,1024x1024x1024,/home/bananapi/MAT/kernels riscv rvv 1.0/FINAL/riscv-rvv-ime-gemm-microkernels-updated/k1_standalone_int8_results_1024_20260906_234746,0.4413608423,/home/bananapi/MAT/kernels riscv rvv 1.0/FINAL/riscv-rvv-ime-gemm-microkernels-updated/k1_standalone_int8_results_1024_20260906_234746/perf_logs/IME_ime_kernel_8x4_zvl256b_lmul1_unroll8_core3_run3.perf.csv
IME,ime_kernel_8x4_zvl256b_lmul1_unroll8,3,4,OK,0.078614,27.3170,OK,0,1024x1024x1024,/home/bananapi/MAT/kernels riscv rvv 1.0/FINAL/riscv-rvv-ime-gemm-microkernels-updated/k1_standalone_int8_results_1024_20260906_234746,0.4423066229,/home/bananapi/MAT/kernels riscv rvv 1.0/FINAL/riscv-rvv-ime-gemm-microkernels-updated/k1_standalone_int8_results_1024_20260906_234746/perf_logs/IME_ime_kernel_8x4_zvl256b_lmul1_unroll8_core3_run4.perf.csv
IME,ime_kernel_8x4_zvl256b_lmul1_unroll8,3,5,OK,0.077829,27.5922,OK,0,1024x1024x1024,/home/bananapi/MAT/kernels riscv rvv 1.0/FINAL/riscv-rvv-ime-gemm-microkernels-updated/k1_standalone_int8_results_1024_20260906_234746,0.4451251894,/home/bananapi/MAT/kernels riscv rvv 1.0/FINAL/riscv-rvv-ime-gemm-microkernels-updated/k1_standalone_int8_results_1024_20260906_234746/perf_logs/IME_ime_kernel_8x4_zvl256b_lmul1_unroll8_core3_run5.perf.csv
IME,ime_kernel_8x4_zvl256b_lmul1_unroll8,3,6,OK,0.080086,26.8146,OK,0,1024x1024x1024,/home/bananapi/MAT/kernels riscv rvv 1.0/FINAL/riscv-rvv-ime-gemm-microkernels-updated/k1_standalone_int8_results_1024_20260906_234746,0.4367065963,/home/bananapi/MAT/kernels riscv rvv 1.0/FINAL/riscv-rvv-ime-gemm-microkernels-updated/k1_standalone_int8_results_1024_20260906_234746/perf_logs/IME_ime_kernel_8x4_zvl256b_lmul1_unroll8_core3_run6.perf.csv
