experiment,series,parameter_name,parameter_value,mode,baseline,family,kernel,tile_shape,zvl,lmul,unroll,kind,core_group,requested_threads,M,N,K,tile_N,metric_name,static_tile_split,schedule_policy,schedule_chunk,ok_runs,mean_metric,median_metric,min_metric,max_metric,sample_std_metric,mean_time_sec,min_time_sec,max_time_sec,failed_runs,build_failed_runs,mean_input_packing_time_sec,mean_kernel_time_sec,mean_output_packing_time_sec,phase_timing_scope,output_packing_status
k1_strong_scaling,RVV,cores,1,k1-rvv,GEMM_RVV_FP32_INT8_8x4_Baseline,RVV_IGEMM_INT8_I8I32_8x4,igemm_kernel_8x4_zvl256b_lmul1_unroll1_i8i32,8x4,256b,1,1,INT8_RVV,0-7,1,1024,1024,1024,32,GOPS,NA,static,0,7,0.9571727143,0.955805,0.954232,0.960088,0.002605423556,2.243583758,2.23675821,2.250484627,0,0,0.1205378306,2.122816497,0,"aggregate_worker_time;TOTAL_TIME_SEC=wall_clock","NOT_PRESENT_IN_CURRENT_DRIVER"
k1_strong_scaling,RVV,cores,2,k1-rvv,GEMM_RVV_FP32_INT8_8x4_Baseline,RVV_IGEMM_INT8_I8I32_8x4,igemm_kernel_8x4_zvl256b_lmul1_unroll1_i8i32,8x4,256b,1,1,INT8_RVV,0-7,2,1024,1024,1024,32,GOPS,NA,static,0,7,1.888728,1.891268,1.878012,1.898184,0.008241394158,1.137018518,1.131336041,1.143487792,0,0,0.144291659,2.120476539,0,"aggregate_worker_time;TOTAL_TIME_SEC=wall_clock","NOT_PRESENT_IN_CURRENT_DRIVER"
k1_strong_scaling,RVV,cores,4,k1-rvv,GEMM_RVV_FP32_INT8_8x4_Baseline,RVV_IGEMM_INT8_I8I32_8x4,igemm_kernel_8x4_zvl256b_lmul1_unroll1_i8i32,8x4,256b,1,1,INT8_RVV,0-7,4,1024,1024,1024,32,GOPS,NA,static,0,7,3.552129,3.561684,3.502876,3.573201,0.02446834104,0.6045872026,0.600997083,0.613063041,0,0,0.252834801,2.137015229,0,"aggregate_worker_time;TOTAL_TIME_SEC=wall_clock","NOT_PRESENT_IN_CURRENT_DRIVER"
k1_strong_scaling,RVV,cores,8,k1-rvv,GEMM_RVV_FP32_INT8_8x4_Baseline,RVV_IGEMM_INT8_I8I32_8x4,igemm_kernel_8x4_zvl256b_lmul1_unroll1_i8i32,8x4,256b,1,1,INT8_RVV,0-7,8,1024,1024,1024,32,GOPS,NA,static,0,7,6.805248,6.791202,6.75432,6.893343,0.04859175019,0.3155766124,0.311530083,0.317942251,0,0,0.3275472664,2.151464208,0,"aggregate_worker_time;TOTAL_TIME_SEC=wall_clock","NOT_PRESENT_IN_CURRENT_DRIVER"
k1_strong_scaling,IME,cores,1,k1-ime,IME_NATIVE_KERNELS,IME_GEMM_INT8_I8I32_8x4_NATIVE,ime_kernel_8x4_zvl256b_lmul1_unroll1,8x4,256b,1,1,INT8_IME,0-3,1,1024,1024,1024,32,GOPS,NA,static,0,7,6.384369429,5.808536,4.66727,9.635407,1.580759163,0.3512569163,0.222874206,0.460115541,0,0,0.001021413429,0.3500677857,0,"aggregate_worker_time;TOTAL_TIME_SEC=wall_clock","NOT_PRESENT_IN_CURRENT_DRIVER"
k1_strong_scaling,IME,cores,2,k1-ime,IME_NATIVE_KERNELS,IME_GEMM_INT8_I8I32_8x4_NATIVE,ime_kernel_8x4_zvl256b_lmul1_unroll1,8x4,256b,1,1,INT8_IME,0-3,2,1024,1024,1024,32,GOPS,NA,static,0,7,11.38446757,12.170836,9.600367,12.975265,1.477757842,0.1914855001,0.165505961,0.223687667,0,0,0.001406396571,0.3713293001,0,"aggregate_worker_time;TOTAL_TIME_SEC=wall_clock","NOT_PRESENT_IN_CURRENT_DRIVER"
k1_strong_scaling,IME,cores,4,k1-ime,IME_NATIVE_KERNELS,IME_GEMM_INT8_I8I32_8x4_NATIVE,ime_kernel_8x4_zvl256b_lmul1_unroll1,8x4,256b,1,1,INT8_IME,0-3,4,1024,1024,1024,32,GOPS,NA,static,0,7,15.29064714,15.434366,14.282557,16.07441,0.6512405416,0.140667357,0.13359642,0.150357082,0,0,0.002472852429,0.5307501916,0,"aggregate_worker_time;TOTAL_TIME_SEC=wall_clock","NOT_PRESENT_IN_CURRENT_DRIVER"
k1_strong_scaling,RVV,cores,1,k1-rvv,GEMM_RVV_FP32_INT8_8x4_Baseline,RVV_IGEMM_INT8_I8I32_8x4,igemm_kernel_8x4_zvl256b_lmul1_unroll2_i8i32,8x4,256b,1,2,INT8_RVV,0-7,1,1024,1024,1024,32,GOPS,NA,static,0,7,0.6226641429,0.622592,0.621339,0.624586,0.001079643063,3.448872329,3.438248754,3.456217792,0,0,0.1231894296,3.325450369,0,"aggregate_worker_time;TOTAL_TIME_SEC=wall_clock","NOT_PRESENT_IN_CURRENT_DRIVER"
k1_strong_scaling,RVV,cores,2,k1-rvv,GEMM_RVV_FP32_INT8_8x4_Baseline,RVV_IGEMM_INT8_I8I32_8x4,igemm_kernel_8x4_zvl256b_lmul1_unroll2_i8i32,8x4,256b,1,2,INT8_RVV,0-7,2,1024,1024,1024,32,GOPS,NA,static,0,7,1.232789714,1.233928,1.229289,1.235603,0.00239498126,1.741976287,1.738005251,1.746931124,0,0,0.136513587,3.337017445,0,"aggregate_worker_time;TOTAL_TIME_SEC=wall_clock","NOT_PRESENT_IN_CURRENT_DRIVER"
k1_strong_scaling,RVV,cores,4,k1-rvv,GEMM_RVV_FP32_INT8_8x4_Baseline,RVV_IGEMM_INT8_I8I32_8x4,igemm_kernel_8x4_zvl256b_lmul1_unroll2_i8i32,8x4,256b,1,2,INT8_RVV,0-7,4,1024,1024,1024,32,GOPS,NA,static,0,7,2.370418,2.374808,2.344444,2.402363,0.01896039233,0.9060010051,0.893904872,0.915988456,0,0,0.2297833121,3.35742279,0,"aggregate_worker_time;TOTAL_TIME_SEC=wall_clock","NOT_PRESENT_IN_CURRENT_DRIVER"
k1_strong_scaling,RVV,cores,8,k1-rvv,GEMM_RVV_FP32_INT8_8x4_Baseline,RVV_IGEMM_INT8_I8I32_8x4,igemm_kernel_8x4_zvl256b_lmul1_unroll2_i8i32,8x4,256b,1,2,INT8_RVV,0-7,8,1024,1024,1024,32,GOPS,NA,static,0,7,4.574069429,4.570688,4.554414,4.594971,0.01552134,0.4694954641,0.467355169,0.471517,0,0,0.3172905601,3.390972756,0,"aggregate_worker_time;TOTAL_TIME_SEC=wall_clock","NOT_PRESENT_IN_CURRENT_DRIVER"
k1_strong_scaling,IME,cores,1,k1-ime,IME_NATIVE_KERNELS,IME_GEMM_INT8_I8I32_8x4_NATIVE,ime_kernel_8x4_zvl256b_lmul1_unroll2,8x4,256b,1,2,INT8_IME,0-3,1,1024,1024,1024,32,GOPS,NA,static,0,7,7.641161714,7.895362,5.846683,9.103186,1.363458428,0.2892548213,0.235904627,0.367299456,0,0,0.001223793,0.2878295543,0,"aggregate_worker_time;TOTAL_TIME_SEC=wall_clock","NOT_PRESENT_IN_CURRENT_DRIVER"
k1_strong_scaling,IME,cores,2,k1-ime,IME_NATIVE_KERNELS,IME_GEMM_INT8_I8I32_8x4_NATIVE,ime_kernel_8x4_zvl256b_lmul1_unroll2,8x4,256b,1,2,INT8_IME,0-3,2,1024,1024,1024,32,GOPS,NA,static,0,7,11.10500114,10.345635,9.304055,13.532205,1.827494805,0.1977417624,0.15869429,0.230811585,0,0,0.001594881286,0.3780747321,0,"aggregate_worker_time;TOTAL_TIME_SEC=wall_clock","NOT_PRESENT_IN_CURRENT_DRIVER"
k1_strong_scaling,IME,cores,4,k1-ime,IME_NATIVE_KERNELS,IME_GEMM_INT8_I8I32_8x4_NATIVE,ime_kernel_8x4_zvl256b_lmul1_unroll2,8x4,256b,1,2,INT8_IME,0-3,4,1024,1024,1024,32,GOPS,NA,static,0,7,15.41078529,15.202325,14.560075,16.805137,0.8224003664,0.1396814829,0.127787333,0.14749125,0,0,0.002538637714,0.5315857567,0,"aggregate_worker_time;TOTAL_TIME_SEC=wall_clock","NOT_PRESENT_IN_CURRENT_DRIVER"
k1_strong_scaling,RVV,cores,1,k1-rvv,GEMM_RVV_FP32_INT8_8x4_Baseline,RVV_IGEMM_INT8_I8I32_8x4,igemm_kernel_8x4_zvl256b_lmul1_unroll4_i8i32,8x4,256b,1,4,INT8_RVV,0-7,1,1024,1024,1024,32,GOPS,NA,static,0,7,0.6062714286,0.606451,0.605368,0.606847,0.000484078801,3.542118312,3.538756836,3.547402877,0,0,0.1209254254,3.420959894,0,"aggregate_worker_time;TOTAL_TIME_SEC=wall_clock","NOT_PRESENT_IN_CURRENT_DRIVER"
k1_strong_scaling,RVV,cores,2,k1-rvv,GEMM_RVV_FP32_INT8_8x4_Baseline,RVV_IGEMM_INT8_I8I32_8x4,igemm_kernel_8x4_zvl256b_lmul1_unroll4_i8i32,8x4,256b,1,4,INT8_RVV,0-7,2,1024,1024,1024,32,GOPS,NA,static,0,7,1.199564857,1.199734,1.195276,1.202861,0.002612178684,1.790226406,1.785313252,1.796642419,0,0,0.1475006507,3.424965374,0,"aggregate_worker_time;TOTAL_TIME_SEC=wall_clock","NOT_PRESENT_IN_CURRENT_DRIVER"
k1_strong_scaling,RVV,cores,4,k1-rvv,GEMM_RVV_FP32_INT8_8x4_Baseline,RVV_IGEMM_INT8_I8I32_8x4,igemm_kernel_8x4_zvl256b_lmul1_unroll4_i8i32,8x4,256b,1,4,INT8_RVV,0-7,4,1024,1024,1024,32,GOPS,NA,static,0,7,2.321561143,2.316707,2.304573,2.340375,0.01236659539,0.9250395894,0.917581126,0.931835666,0,0,0.2333901567,3.440387492,0,"aggregate_worker_time;TOTAL_TIME_SEC=wall_clock","NOT_PRESENT_IN_CURRENT_DRIVER"
k1_strong_scaling,RVV,cores,8,k1-rvv,GEMM_RVV_FP32_INT8_8x4_Baseline,RVV_IGEMM_INT8_I8I32_8x4,igemm_kernel_8x4_zvl256b_lmul1_unroll4_i8i32,8x4,256b,1,4,INT8_RVV,0-7,8,1024,1024,1024,32,GOPS,NA,static,0,7,4.473371857,4.48671,4.424104,4.510212,0.02896965756,0.4800765897,0.476138085,0.485405374,0,0,0.32260357,3.466105475,0,"aggregate_worker_time;TOTAL_TIME_SEC=wall_clock","NOT_PRESENT_IN_CURRENT_DRIVER"
k1_strong_scaling,IME,cores,1,k1-ime,IME_NATIVE_KERNELS,IME_GEMM_INT8_I8I32_8x4_NATIVE,ime_kernel_8x4_zvl256b_lmul1_unroll4,8x4,256b,1,4,INT8_IME,0-3,1,1024,1024,1024,32,GOPS,NA,static,0,7,7.884051429,8.349358,5.273498,9.416573,1.488423207,0.2824723636,0.228053626,0.407221876,0,0,0.001222273714,0.2810590401,0,"aggregate_worker_time;TOTAL_TIME_SEC=wall_clock","NOT_PRESENT_IN_CURRENT_DRIVER"
k1_strong_scaling,IME,cores,2,k1-ime,IME_NATIVE_KERNELS,IME_GEMM_INT8_I8I32_8x4_NATIVE,ime_kernel_8x4_zvl256b_lmul1_unroll4,8x4,256b,1,4,INT8_IME,0-3,2,1024,1024,1024,32,GOPS,NA,static,0,7,11.48088729,12.287033,9.380537,12.932201,1.46306027,0.1898509764,0.166057084,0.228929706,0,0,0.001515558857,0.3674042134,0,"aggregate_worker_time;TOTAL_TIME_SEC=wall_clock","NOT_PRESENT_IN_CURRENT_DRIVER"
k1_strong_scaling,IME,cores,4,k1-ime,IME_NATIVE_KERNELS,IME_GEMM_INT8_I8I32_8x4_NATIVE,ime_kernel_8x4_zvl256b_lmul1_unroll4,8x4,256b,1,4,INT8_IME,0-3,4,1024,1024,1024,32,GOPS,NA,static,0,7,15.20696257,15.204716,13.709468,16.472812,0.9707916847,0.1417188149,0.130365331,0.156642377,0,0,0.003243518857,0.5293238674,0,"aggregate_worker_time;TOTAL_TIME_SEC=wall_clock","NOT_PRESENT_IN_CURRENT_DRIVER"
k1_strong_scaling,RVV,cores,1,k1-rvv,GEMM_RVV_FP32_INT8_8x4_Baseline,RVV_IGEMM_INT8_I8I32_8x4,igemm_kernel_8x4_zvl256b_lmul1_unroll8_i8i32,8x4,256b,1,8,INT8_RVV,0-7,1,1024,1024,1024,32,GOPS,NA,static,0,7,0.6635225714,0.663452,0.661737,0.665237,0.001197721289,3.236498525,3.228149667,3.245221876,0,0,0.1205441131,3.115709835,0,"aggregate_worker_time;TOTAL_TIME_SEC=wall_clock","NOT_PRESENT_IN_CURRENT_DRIVER"
k1_strong_scaling,RVV,cores,2,k1-rvv,GEMM_RVV_FP32_INT8_8x4_Baseline,RVV_IGEMM_INT8_I8I32_8x4,igemm_kernel_8x4_zvl256b_lmul1_unroll8_i8i32,8x4,256b,1,8,INT8_RVV,0-7,2,1024,1024,1024,32,GOPS,NA,static,0,7,1.310110857,1.310375,1.303747,1.315041,0.003501380796,1.639171751,1.633016627,1.647163253,0,0,0.1502022364,3.121838357,0,"aggregate_worker_time;TOTAL_TIME_SEC=wall_clock","NOT_PRESENT_IN_CURRENT_DRIVER"
k1_strong_scaling,RVV,cores,4,k1-rvv,GEMM_RVV_FP32_INT8_8x4_Baseline,RVV_IGEMM_INT8_I8I32_8x4,igemm_kernel_8x4_zvl256b_lmul1_unroll8_i8i32,8x4,256b,1,8,INT8_RVV,0-7,4,1024,1024,1024,32,GOPS,NA,static,0,7,2.530234143,2.52822,2.518787,2.54601,0.01057616703,0.8487419411,0.843470294,0.852586333,0,0,0.2315539569,3.137769663,0,"aggregate_worker_time;TOTAL_TIME_SEC=wall_clock","NOT_PRESENT_IN_CURRENT_DRIVER"
k1_strong_scaling,RVV,cores,8,k1-rvv,GEMM_RVV_FP32_INT8_8x4_Baseline,RVV_IGEMM_INT8_I8I32_8x4,igemm_kernel_8x4_zvl256b_lmul1_unroll8_i8i32,8x4,256b,1,8,INT8_RVV,0-7,8,1024,1024,1024,32,GOPS,NA,static,0,7,4.799630571,4.813357,4.704821,4.860581,0.048763422,0.4474668211,0.441816211,0.456443205,0,0,0.317125149,3.186443328,0,"aggregate_worker_time;TOTAL_TIME_SEC=wall_clock","NOT_PRESENT_IN_CURRENT_DRIVER"
k1_strong_scaling,IME,cores,1,k1-ime,IME_NATIVE_KERNELS,IME_GEMM_INT8_I8I32_8x4_NATIVE,ime_kernel_8x4_zvl256b_lmul1_unroll8,8x4,256b,1,8,INT8_IME,0-3,1,1024,1024,1024,32,GOPS,NA,static,0,7,7.439915143,8.003973,5.447918,9.580284,1.68203446,0.3022741017,0.224156581,0.394184291,0,0,0.001240863857,0.300848046,0,"aggregate_worker_time;TOTAL_TIME_SEC=wall_clock","NOT_PRESENT_IN_CURRENT_DRIVER"
k1_strong_scaling,IME,cores,2,k1-ime,IME_NATIVE_KERNELS,IME_GEMM_INT8_I8I32_8x4_NATIVE,ime_kernel_8x4_zvl256b_lmul1_unroll8,8x4,256b,1,8,INT8_IME,0-3,2,1024,1024,1024,32,GOPS,NA,static,0,7,11.93391657,12.37905,9.692227,13.729452,1.508967717,0.1826255177,0.156414375,0.221567623,0,0,0.001554258714,0.343437718,0,"aggregate_worker_time;TOTAL_TIME_SEC=wall_clock","NOT_PRESENT_IN_CURRENT_DRIVER"
k1_strong_scaling,IME,cores,4,k1-ime,IME_NATIVE_KERNELS,IME_GEMM_INT8_I8I32_8x4_NATIVE,ime_kernel_8x4_zvl256b_lmul1_unroll8,8x4,256b,1,8,INT8_IME,0-3,4,1024,1024,1024,32,GOPS,NA,static,0,7,15.90274971,15.945447,14.40399,17.142664,0.9772738552,0.1354861126,0.125271291,0.1490895,0,0,0.002708655,0.5220981449,0,"aggregate_worker_time;TOTAL_TIME_SEC=wall_clock","NOT_PRESENT_IN_CURRENT_DRIVER"
