mode,baseline,family,kernel,tile_shape,zvl,lmul,unroll,kind,core_group,requested_threads,M,N,K,tile_N,metric_name,static_tile_split,schedule_policy,schedule_chunk,ok_runs,mean_metric,median_metric,min_metric,max_metric,sample_std_metric,mean_time_sec,min_time_sec,max_time_sec,failed_runs,build_failed_runs
k1-rvv,GEMM_RVV_FP32_INT8_8x4_Baseline,RVV_IGEMM_INT8_I8I32_8x4,igemm_kernel_8x4_zvl256b_lmul1_unroll1_i8i32,8x4,256b,1,1,INT8_RVV,0-7,8,1024,1024,1024,32,GOPS,NA,static,0,6,6.959663833,6.9577565,6.940713,6.982541,0.01611182085,0.3085627853,0.30755046,0.309403878,0,0
k1-rvv,GEMM_RVV_FP32_INT8_8x4_Baseline,RVV_IGEMM_INT8_I8I32_8x4,igemm_kernel_8x4_zvl256b_lmul1_unroll2_i8i32,8x4,256b,1,2,INT8_RVV,0-7,8,1024,1024,1024,32,GOPS,NA,static,0,6,4.616792667,4.6175105,4.604303,4.627916,0.0109664671,0.4651484172,0.46402825,0.466407958,0,0
k1-rvv,GEMM_RVV_FP32_INT8_8x4_Baseline,RVV_IGEMM_INT8_I8I32_8x4,igemm_kernel_8x4_zvl256b_lmul1_unroll4_i8i32,8x4,256b,1,4,INT8_RVV,0-7,8,1024,1024,1024,32,GOPS,NA,static,0,6,4.539986667,4.5455075,4.494109,4.564076,0.02384723768,0.4730263607,0.470518831,0.477844123,0,0
k1-rvv,GEMM_RVV_FP32_INT8_8x4_Baseline,RVV_IGEMM_INT8_I8I32_8x4,igemm_kernel_8x4_zvl256b_lmul1_unroll8_i8i32,8x4,256b,1,8,INT8_RVV,0-7,8,1024,1024,1024,32,GOPS,NA,static,0,6,4.883463667,4.885812,4.826986,4.938106,0.04163106735,0.4397726382,0.43488,0.444891166,0,0
k1-rvv,GEMM_RVV_FP32_INT8_8x4_Baseline,RVV_IGEMM_INT8_I8I32_8x4,igemm_kernel_8x4_zvl256b_lmul2_unroll1_i8i32,8x4,256b,2,1,INT8_RVV,0-7,8,1024,1024,1024,32,GOPS,NA,static,0,6,2.046905833,2.049621,2.02631,2.061819,0.01559194448,1.049187244,1.041547958,1.059799999,0,0
k1-rvv,GEMM_RVV_FP32_INT8_8x4_Baseline,RVV_IGEMM_INT8_I8I32_8x4,igemm_kernel_8x4_zvl256b_lmul2_unroll2_i8i32,8x4,256b,2,2,INT8_RVV,0-7,8,1024,1024,1024,32,GOPS,NA,static,0,6,1.984771,1.9901245,1.956432,1.992148,0.01396731413,1.082025633,1.077973876,1.097653002,0,0
k1-rvv,GEMM_RVV_FP32_INT8_8x4_Baseline,RVV_IGEMM_INT8_I8I32_8x4,igemm_kernel_8x4_zvl256b_lmul2_unroll4_i8i32,8x4,256b,2,4,INT8_RVV,0-7,8,1024,1024,1024,32,GOPS,NA,static,0,6,1.702809833,1.7197325,1.608433,1.729574,0.04642744364,1.261958716,1.241625667,1.335140377,0,0
k1-rvv,GEMM_RVV_FP32_INT8_8x4_Baseline,RVV_IGEMM_INT8_I8I32_8x4,igemm_kernel_8x4_zvl256b_lmul2_unroll8_i8i32,8x4,256b,2,8,INT8_RVV,0-7,8,1024,1024,1024,32,GOPS,NA,static,0,6,1.682988167,1.685941,1.669203,1.690198,0.008205473695,1.276019772,1.270551417,1.286532667,0,0
k1-rvv,GEMM_RVV_FP32_INT8_8x4_Baseline,RVV_IGEMM_INT8_I8I32_8x4,igemm_kernel_8x4_zvl256b_lmulmf2_unroll1_i8i32,8x4,256b,mf2,1,INT8_RVV,0-7,8,1024,1024,1024,32,GOPS,NA,static,0,6,17.09785,17.290441,15.684451,17.628352,0.7080265337,0.1257911257,0.121819876,0.136918001,0,0
k1-rvv,GEMM_RVV_FP32_INT8_8x4_Baseline,RVV_IGEMM_INT8_I8I32_8x4,igemm_kernel_8x4_zvl256b_lmulmf2_unroll2_i8i32,8x4,256b,mf2,2,INT8_RVV,0-7,8,1024,1024,1024,32,GOPS,NA,static,0,6,17.9258055,17.9489445,17.618053,18.100954,0.168651257,0.1198073607,0.118639249,0.121891085,0,0
k1-rvv,GEMM_RVV_FP32_INT8_8x4_Baseline,RVV_IGEMM_INT8_I8I32_8x4,igemm_kernel_8x4_zvl256b_lmulmf2_unroll4_i8i32,8x4,256b,mf2,4,INT8_RVV,0-7,8,1024,1024,1024,32,GOPS,NA,static,0,6,17.84499683,17.8373585,17.567814,18.038136,0.1645994986,0.1203495133,0.119052418,0.122239664,0,0
k1-rvv,GEMM_RVV_FP32_INT8_8x4_Baseline,RVV_IGEMM_INT8_I8I32_8x4,igemm_kernel_8x4_zvl256b_lmulmf2_unroll8_i8i32,8x4,256b,mf2,8,INT8_RVV,0-7,8,1024,1024,1024,32,GOPS,NA,static,0,6,17.6538655,17.640331,17.296528,18.208954,0.3601524961,0.1216857148,0.117935583,0.124156918,0,0
k1-rvv,GEMM_RVV_FP32_INT8_8x4_Baseline,RVV_IGEMM_INT8_I8I32_8x4,igemm_kernel_8x4_zvl256b_lmulmf4_unroll1_i8i32,8x4,256b,mf4,1,INT8_RVV,0-7,8,1024,1024,1024,32,GOPS,NA,static,0,6,21.2435125,21.2717575,20.589406,21.771951,0.4171902228,0.1011216325,0.098635335,0.104300417,0,0
k1-rvv,GEMM_RVV_FP32_INT8_8x4_Baseline,RVV_IGEMM_INT8_I8I32_8x4,igemm_kernel_8x4_zvl256b_lmulmf4_unroll2_i8i32,8x4,256b,mf4,2,INT8_RVV,0-7,8,1024,1024,1024,32,GOPS,NA,static,0,6,22.25539867,22.118948,21.879015,22.931095,0.3965924139,0.09651790233,0.093649417,0.098152667,0,0
k1-rvv,GEMM_RVV_FP32_INT8_8x4_Baseline,RVV_IGEMM_INT8_I8I32_8x4,igemm_kernel_8x4_zvl256b_lmulmf4_unroll4_i8i32,8x4,256b,mf4,4,INT8_RVV,0-7,8,1024,1024,1024,32,GOPS,NA,static,0,6,22.183076,22.1659775,22.012313,22.384428,0.1276602229,0.09680996517,0.0959365,0.097558293,0,0
k1-rvv,GEMM_RVV_FP32_INT8_8x4_Baseline,RVV_IGEMM_INT8_I8I32_8x4,igemm_kernel_8x4_zvl256b_lmulmf4_unroll8_i8i32,8x4,256b,mf4,8,INT8_RVV,0-7,8,1024,1024,1024,32,GOPS,NA,static,0,6,21.9753135,21.940657,21.289212,23.141818,0.6550319035,0.097793327,0.092796668,0.100871917,0,0
k1-rvv,GEMM_RVV_FP32_INT8_8x4_Baseline,RVV_IGEMM_INT8_I8I32_8x4,igemm_kernel_8x4_zvl256b_lmulmf8_unroll1_i8i32,8x4,256b,mf8,1,INT8_RVV,0-7,8,1024,1024,1024,32,GOPS,NA,static,0,6,20.58492583,21.962267,16.051667,23.022084,2.802010298,0.1061585068,0.093279291,0.13378571,0,0
k1-rvv,GEMM_RVV_FP32_INT8_8x4_Baseline,RVV_IGEMM_INT8_I8I32_8x4,igemm_kernel_8x4_zvl256b_lmulmf8_unroll2_i8i32,8x4,256b,mf8,2,INT8_RVV,0-7,8,1024,1024,1024,32,GOPS,NA,static,0,6,23.05508433,23.056821,22.503176,23.562504,0.3732140603,0.09316615983,0.091139875,0.095430247,0,0
k1-rvv,GEMM_RVV_FP32_INT8_8x4_Baseline,RVV_IGEMM_INT8_I8I32_8x4,igemm_kernel_8x4_zvl256b_lmulmf8_unroll4_i8i32,8x4,256b,mf8,4,INT8_RVV,0-7,8,1024,1024,1024,32,GOPS,NA,static,0,6,22.06950867,22.5554215,19.390561,23.604083,1.558474226,0.09773633267,0.09097933,0.110748917,0,0
k1-rvv,GEMM_RVV_FP32_INT8_8x4_Baseline,RVV_IGEMM_INT8_I8I32_8x4,igemm_kernel_8x4_zvl256b_lmulmf8_unroll8_i8i32,8x4,256b,mf8,8,INT8_RVV,0-7,8,1024,1024,1024,32,GOPS,NA,static,0,6,21.77851017,22.765782,19.623468,22.919633,1.647897621,0.09910230583,0.093696248,0.109434459,0,0
k1-rvv,GEMM_RVV_FP32_INT8_8x4_Baseline,RVV_SGEMM_FP32_8x4,sgemm_kernel_8x4_zvl256b_lmul1_unroll1,8x4,256b,1,1,FP32_RVV,0-7,8,1024,1024,1024,32,GFLOPS,NA,static,0,0,NA,NA,NA,NA,NA,NA,NA,NA,1,0
k1-rvv,GEMM_RVV_FP32_INT8_8x4_Baseline,RVV_SGEMM_FP32_8x4,sgemm_kernel_8x4_zvl256b_lmul1_unroll2,8x4,256b,1,2,FP32_RVV,0-7,8,1024,1024,1024,32,GFLOPS,NA,static,0,0,NA,NA,NA,NA,NA,NA,NA,NA,1,0
k1-rvv,GEMM_RVV_FP32_INT8_8x4_Baseline,RVV_SGEMM_FP32_8x4,sgemm_kernel_8x4_zvl256b_lmul1_unroll4,8x4,256b,1,4,FP32_RVV,0-7,8,1024,1024,1024,32,GFLOPS,NA,static,0,0,NA,NA,NA,NA,NA,NA,NA,NA,1,0
k1-rvv,GEMM_RVV_FP32_INT8_8x4_Baseline,RVV_SGEMM_FP32_8x4,sgemm_kernel_8x4_zvl256b_lmul1_unroll8,8x4,256b,1,8,FP32_RVV,0-7,8,1024,1024,1024,32,GFLOPS,NA,static,0,0,NA,NA,NA,NA,NA,NA,NA,NA,1,0
k1-rvv,GEMM_RVV_FP32_INT8_8x4_Baseline,RVV_SGEMM_FP32_8x4,sgemm_kernel_8x4_zvl256b_lmul2_unroll1,8x4,256b,2,1,FP32_RVV,0-7,8,1024,1024,1024,32,GFLOPS,NA,static,0,0,NA,NA,NA,NA,NA,NA,NA,NA,1,0
k1-rvv,GEMM_RVV_FP32_INT8_8x4_Baseline,RVV_SGEMM_FP32_8x4,sgemm_kernel_8x4_zvl256b_lmul2_unroll2,8x4,256b,2,2,FP32_RVV,0-7,8,1024,1024,1024,32,GFLOPS,NA,static,0,0,NA,NA,NA,NA,NA,NA,NA,NA,1,0
k1-rvv,GEMM_RVV_FP32_INT8_8x4_Baseline,RVV_SGEMM_FP32_8x4,sgemm_kernel_8x4_zvl256b_lmul2_unroll4,8x4,256b,2,4,FP32_RVV,0-7,8,1024,1024,1024,32,GFLOPS,NA,static,0,0,NA,NA,NA,NA,NA,NA,NA,NA,1,0
k1-rvv,GEMM_RVV_FP32_INT8_8x4_Baseline,RVV_SGEMM_FP32_8x4,sgemm_kernel_8x4_zvl256b_lmul2_unroll8,8x4,256b,2,8,FP32_RVV,0-7,8,1024,1024,1024,32,GFLOPS,NA,static,0,0,NA,NA,NA,NA,NA,NA,NA,NA,1,0
k1-rvv,GEMM_RVV_FP32_INT8_8x4_Baseline,RVV_SGEMM_FP32_8x4,sgemm_kernel_8x4_zvl256b_lmul4_unroll1,8x4,256b,4,1,FP32_RVV,0-7,8,1024,1024,1024,32,GFLOPS,NA,static,0,0,NA,NA,NA,NA,NA,NA,NA,NA,1,0
k1-rvv,GEMM_RVV_FP32_INT8_8x4_Baseline,RVV_SGEMM_FP32_8x4,sgemm_kernel_8x4_zvl256b_lmul4_unroll2,8x4,256b,4,2,FP32_RVV,0-7,8,1024,1024,1024,32,GFLOPS,NA,static,0,0,NA,NA,NA,NA,NA,NA,NA,NA,1,0
k1-rvv,GEMM_RVV_FP32_INT8_8x4_Baseline,RVV_SGEMM_FP32_8x4,sgemm_kernel_8x4_zvl256b_lmul4_unroll4,8x4,256b,4,4,FP32_RVV,0-7,8,1024,1024,1024,32,GFLOPS,NA,static,0,0,NA,NA,NA,NA,NA,NA,NA,NA,1,0
k1-rvv,GEMM_RVV_FP32_INT8_8x4_Baseline,RVV_SGEMM_FP32_8x4,sgemm_kernel_8x4_zvl256b_lmul4_unroll8,8x4,256b,4,8,FP32_RVV,0-7,8,1024,1024,1024,32,GFLOPS,NA,static,0,0,NA,NA,NA,NA,NA,NA,NA,NA,1,0
k1-rvv,GEMM_RVV_FP32_INT8_8x4_Baseline,RVV_SGEMM_FP32_8x4,sgemm_kernel_8x4_zvl256b_lmul8_unroll1,8x4,256b,8,1,FP32_RVV,0-7,8,1024,1024,1024,32,GFLOPS,NA,static,0,0,NA,NA,NA,NA,NA,NA,NA,NA,1,0
k1-rvv,GEMM_RVV_FP32_INT8_8x4_Baseline,RVV_SGEMM_FP32_8x4,sgemm_kernel_8x4_zvl256b_lmul8_unroll2,8x4,256b,8,2,FP32_RVV,0-7,8,1024,1024,1024,32,GFLOPS,NA,static,0,0,NA,NA,NA,NA,NA,NA,NA,NA,1,0
k1-rvv,GEMM_RVV_FP32_INT8_8x4_Baseline,RVV_SGEMM_FP32_8x4,sgemm_kernel_8x4_zvl256b_lmul8_unroll4,8x4,256b,8,4,FP32_RVV,0-7,8,1024,1024,1024,32,GFLOPS,NA,static,0,0,NA,NA,NA,NA,NA,NA,NA,NA,1,0
k1-rvv,GEMM_RVV_FP32_INT8_8x4_Baseline,RVV_SGEMM_FP32_8x4,sgemm_kernel_8x4_zvl256b_lmul8_unroll8,8x4,256b,8,8,FP32_RVV,0-7,8,1024,1024,1024,32,GFLOPS,NA,static,0,0,NA,NA,NA,NA,NA,NA,NA,NA,1,0
k1-rvv,GEMM_RVV_FP32_INT8_8x4_Baseline,RVV_SGEMM_FP32_8x4,sgemm_kernel_8x4_zvl256b_lmulmf2_unroll1,8x4,256b,mf2,1,FP32_RVV,0-7,8,1024,1024,1024,32,GFLOPS,NA,static,0,0,NA,NA,NA,NA,NA,NA,NA,NA,1,0
k1-rvv,GEMM_RVV_FP32_INT8_8x4_Baseline,RVV_SGEMM_FP32_8x4,sgemm_kernel_8x4_zvl256b_lmulmf2_unroll2,8x4,256b,mf2,2,FP32_RVV,0-7,8,1024,1024,1024,32,GFLOPS,NA,static,0,0,NA,NA,NA,NA,NA,NA,NA,NA,1,0
k1-rvv,GEMM_RVV_FP32_INT8_8x4_Baseline,RVV_SGEMM_FP32_8x4,sgemm_kernel_8x4_zvl256b_lmulmf2_unroll4,8x4,256b,mf2,4,FP32_RVV,0-7,8,1024,1024,1024,32,GFLOPS,NA,static,0,0,NA,NA,NA,NA,NA,NA,NA,NA,1,0
k1-rvv,GEMM_RVV_FP32_INT8_8x4_Baseline,RVV_SGEMM_FP32_8x4,sgemm_kernel_8x4_zvl256b_lmulmf2_unroll8,8x4,256b,mf2,8,FP32_RVV,0-7,8,1024,1024,1024,32,GFLOPS,NA,static,0,0,NA,NA,NA,NA,NA,NA,NA,NA,1,0
k1-rvv,GEMM_RVV_FP32_INT8_8x8_Baseline,RVV_IGEMM_INT8_I8I32_8x8,igemm_kernel_8x8_zvl256b_lmul1_unroll1_i8i32,8x8,256b,1,1,INT8_RVV,0-7,8,1024,1024,1024,32,GOPS,NA,static,0,6,12.2994575,12.3122605,12.168902,12.458106,0.1134446947,0.174612242,0.172376413,0.176473081,0,0
k1-rvv,GEMM_RVV_FP32_INT8_8x8_Baseline,RVV_IGEMM_INT8_I8I32_8x8,igemm_kernel_8x8_zvl256b_lmul1_unroll2_i8i32,8x8,256b,1,2,INT8_RVV,0-7,8,1024,1024,1024,32,GOPS,NA,static,0,6,11.1606255,11.148127,11.018446,11.326786,0.1089512917,0.1924313133,0.189593375,0.194898959,0,0
k1-rvv,GEMM_RVV_FP32_INT8_8x8_Baseline,RVV_IGEMM_INT8_I8I32_8x8,igemm_kernel_8x8_zvl256b_lmul1_unroll4_i8i32,8x8,256b,1,4,INT8_RVV,0-7,8,1024,1024,1024,32,GOPS,NA,static,0,6,11.00335433,11.0446135,10.676936,11.256906,0.2063625101,0.1952239463,0.190770335,0.201132961,0,0
k1-rvv,GEMM_RVV_FP32_INT8_8x8_Baseline,RVV_IGEMM_INT8_I8I32_8x8,igemm_kernel_8x8_zvl256b_lmul1_unroll8_i8i32,8x8,256b,1,8,INT8_RVV,0-7,8,1024,1024,1024,32,GOPS,NA,static,0,6,11.744203,11.784883,11.57584,11.885851,0.1269108448,0.1828726525,0.180675626,0.18551429,0,0
k1-rvv,GEMM_RVV_FP32_INT8_8x8_Baseline,RVV_IGEMM_INT8_I8I32_8x8,igemm_kernel_8x8_zvl256b_lmul2_unroll1_i8i32,8x8,256b,2,1,INT8_RVV,0-7,8,1024,1024,1024,32,GOPS,NA,static,0,6,3.862522,3.8649085,3.833356,3.888586,0.02490434646,0.5559989387,0.552253164,0.560209878,0,0
k1-rvv,GEMM_RVV_FP32_INT8_8x8_Baseline,RVV_IGEMM_INT8_I8I32_8x8,igemm_kernel_8x8_zvl256b_lmul2_unroll2_i8i32,8x8,256b,2,2,INT8_RVV,0-7,8,1024,1024,1024,32,GOPS,NA,static,0,6,3.924115667,3.927135,3.891327,3.944513,0.01875755534,0.5472633205,0.544422958,0.551864084,0,0
k1-rvv,GEMM_RVV_FP32_INT8_8x8_Baseline,RVV_IGEMM_INT8_I8I32_8x8,igemm_kernel_8x8_zvl256b_lmul2_unroll4_i8i32,8x8,256b,2,4,INT8_RVV,0-7,8,1024,1024,1024,32,GOPS,NA,static,0,6,3.374075,3.377704,3.326424,3.401579,0.02721811547,0.6365006317,0.631319668,0.645583209,0,0
k1-rvv,GEMM_RVV_FP32_INT8_8x8_Baseline,RVV_IGEMM_INT8_I8I32_8x8,igemm_kernel_8x8_zvl256b_lmul2_unroll8_i8i32,8x8,256b,2,8,INT8_RVV,0-7,8,1024,1024,1024,32,GOPS,NA,static,0,6,4.063454667,4.0721075,4.022104,4.096523,0.02706130223,0.5285067637,0.524221126,0.5339205,0,0
k1-rvv,GEMM_RVV_FP32_INT8_8x8_Baseline,RVV_IGEMM_INT8_I8I32_8x8,igemm_kernel_8x8_zvl256b_lmulmf2_unroll1_i8i32,8x8,256b,mf2,1,INT8_RVV,0-7,8,1024,1024,1024,32,GOPS,NA,static,0,6,25.1127075,25.3424895,22.22789,26.714163,1.544380922,0.0858034925,0.080387458,0.096612122,0,0
k1-rvv,GEMM_RVV_FP32_INT8_8x8_Baseline,RVV_IGEMM_INT8_I8I32_8x8,igemm_kernel_8x8_zvl256b_lmulmf2_unroll2_i8i32,8x8,256b,mf2,2,INT8_RVV,0-7,8,1024,1024,1024,32,GOPS,NA,static,0,6,27.2180055,27.5073615,26.287939,27.882563,0.62286941,0.07893427033,0.077018876,0.081690833,0,0
k1-rvv,GEMM_RVV_FP32_INT8_8x8_Baseline,RVV_IGEMM_INT8_I8I32_8x8,igemm_kernel_8x8_zvl256b_lmulmf2_unroll4_i8i32,8x8,256b,mf2,4,INT8_RVV,0-7,8,1024,1024,1024,32,GOPS,NA,static,0,6,27.75762517,27.9342635,27.011466,28.321889,0.5301522552,0.07738927133,0.075824168,0.079502668,0,0
k1-rvv,GEMM_RVV_FP32_INT8_8x8_Baseline,RVV_IGEMM_INT8_I8I32_8x8,igemm_kernel_8x8_zvl256b_lmulmf2_unroll8_i8i32,8x8,256b,mf2,8,INT8_RVV,0-7,8,1024,1024,1024,32,GOPS,NA,static,0,6,27.18784583,27.1561625,26.597614,27.581952,0.3660687558,0.07899889717,0.077858292,0.08073971,0,0
k1-rvv,GEMM_RVV_FP32_INT8_8x8_Baseline,RVV_IGEMM_INT8_I8I32_8x8,igemm_kernel_8x8_zvl256b_lmulmf4_unroll1_i8i32,8x8,256b,mf4,1,INT8_RVV,0-7,8,1024,1024,1024,32,GOPS,NA,static,0,6,29.275976,29.076123,28.592323,30.201425,0.6323325739,0.073381347,0.071105376,0.075107001,0,0
k1-rvv,GEMM_RVV_FP32_INT8_8x8_Baseline,RVV_IGEMM_INT8_I8I32_8x8,igemm_kernel_8x8_zvl256b_lmulmf4_unroll2_i8i32,8x8,256b,mf4,2,INT8_RVV,0-7,8,1024,1024,1024,32,GOPS,NA,static,0,6,29.39989683,29.3210165,28.896167,29.997188,0.4374348066,0.07305735333,0.0715895,0.07431725,0,0
k1-rvv,GEMM_RVV_FP32_INT8_8x8_Baseline,RVV_IGEMM_INT8_I8I32_8x8,igemm_kernel_8x8_zvl256b_lmulmf4_unroll4_i8i32,8x8,256b,mf4,4,INT8_RVV,0-7,8,1024,1024,1024,32,GOPS,NA,static,0,6,30.28471067,30.247494,29.134142,31.373371,0.8268614088,0.07095395033,0.068449248,0.073710207,0,0
k1-rvv,GEMM_RVV_FP32_INT8_8x8_Baseline,RVV_IGEMM_INT8_I8I32_8x8,igemm_kernel_8x8_zvl256b_lmulmf4_unroll8_i8i32,8x8,256b,mf4,8,INT8_RVV,0-7,8,1024,1024,1024,32,GOPS,NA,static,0,6,29.401872,29.580897,27.558016,31.185964,1.186601865,0.07313886117,0.068860583,0.077925917,0,0
k1-rvv,GEMM_RVV_FP32_INT8_8x8_Baseline,RVV_SGEMM_FP32_8x8,sgemm_kernel_8x8_zvl256b_lmul1_unroll1,8x8,256b,1,1,FP32_RVV,0-7,8,1024,1024,1024,32,GFLOPS,NA,static,0,0,NA,NA,NA,NA,NA,NA,NA,NA,1,0
k1-rvv,GEMM_RVV_FP32_INT8_8x8_Baseline,RVV_SGEMM_FP32_8x8,sgemm_kernel_8x8_zvl256b_lmul1_unroll2,8x8,256b,1,2,FP32_RVV,0-7,8,1024,1024,1024,32,GFLOPS,NA,static,0,0,NA,NA,NA,NA,NA,NA,NA,NA,1,0
k1-rvv,GEMM_RVV_FP32_INT8_8x8_Baseline,RVV_SGEMM_FP32_8x8,sgemm_kernel_8x8_zvl256b_lmul1_unroll4,8x8,256b,1,4,FP32_RVV,0-7,8,1024,1024,1024,32,GFLOPS,NA,static,0,0,NA,NA,NA,NA,NA,NA,NA,NA,1,0
k1-rvv,GEMM_RVV_FP32_INT8_8x8_Baseline,RVV_SGEMM_FP32_8x8,sgemm_kernel_8x8_zvl256b_lmul1_unroll8,8x8,256b,1,8,FP32_RVV,0-7,8,1024,1024,1024,32,GFLOPS,NA,static,0,0,NA,NA,NA,NA,NA,NA,NA,NA,1,0
k1-rvv,GEMM_RVV_FP32_INT8_8x8_Baseline,RVV_SGEMM_FP32_8x8,sgemm_kernel_8x8_zvl256b_lmul2_unroll1,8x8,256b,2,1,FP32_RVV,0-7,8,1024,1024,1024,32,GFLOPS,NA,static,0,0,NA,NA,NA,NA,NA,NA,NA,NA,1,0
k1-rvv,GEMM_RVV_FP32_INT8_8x8_Baseline,RVV_SGEMM_FP32_8x8,sgemm_kernel_8x8_zvl256b_lmul2_unroll2,8x8,256b,2,2,FP32_RVV,0-7,8,1024,1024,1024,32,GFLOPS,NA,static,0,0,NA,NA,NA,NA,NA,NA,NA,NA,1,0
k1-rvv,GEMM_RVV_FP32_INT8_8x8_Baseline,RVV_SGEMM_FP32_8x8,sgemm_kernel_8x8_zvl256b_lmul2_unroll4,8x8,256b,2,4,FP32_RVV,0-7,8,1024,1024,1024,32,GFLOPS,NA,static,0,0,NA,NA,NA,NA,NA,NA,NA,NA,1,0
k1-rvv,GEMM_RVV_FP32_INT8_8x8_Baseline,RVV_SGEMM_FP32_8x8,sgemm_kernel_8x8_zvl256b_lmul2_unroll8,8x8,256b,2,8,FP32_RVV,0-7,8,1024,1024,1024,32,GFLOPS,NA,static,0,0,NA,NA,NA,NA,NA,NA,NA,NA,1,0
k1-rvv,GEMM_RVV_FP32_INT8_8x8_Baseline,RVV_SGEMM_FP32_8x8,sgemm_kernel_8x8_zvl256b_lmul4_unroll1,8x8,256b,4,1,FP32_RVV,0-7,8,1024,1024,1024,32,GFLOPS,NA,static,0,0,NA,NA,NA,NA,NA,NA,NA,NA,1,0
k1-rvv,GEMM_RVV_FP32_INT8_8x8_Baseline,RVV_SGEMM_FP32_8x8,sgemm_kernel_8x8_zvl256b_lmul4_unroll2,8x8,256b,4,2,FP32_RVV,0-7,8,1024,1024,1024,32,GFLOPS,NA,static,0,0,NA,NA,NA,NA,NA,NA,NA,NA,1,0
k1-rvv,GEMM_RVV_FP32_INT8_8x8_Baseline,RVV_SGEMM_FP32_8x8,sgemm_kernel_8x8_zvl256b_lmul4_unroll4,8x8,256b,4,4,FP32_RVV,0-7,8,1024,1024,1024,32,GFLOPS,NA,static,0,0,NA,NA,NA,NA,NA,NA,NA,NA,1,0
k1-rvv,GEMM_RVV_FP32_INT8_8x8_Baseline,RVV_SGEMM_FP32_8x8,sgemm_kernel_8x8_zvl256b_lmul4_unroll8,8x8,256b,4,8,FP32_RVV,0-7,8,1024,1024,1024,32,GFLOPS,NA,static,0,0,NA,NA,NA,NA,NA,NA,NA,NA,1,0
k1-rvv,GEMM_RVV_FP32_INT8_8x8_Baseline,RVV_SGEMM_FP32_8x8,sgemm_kernel_8x8_zvl256b_lmul8_unroll1,8x8,256b,8,1,FP32_RVV,0-7,8,1024,1024,1024,32,GFLOPS,NA,static,0,0,NA,NA,NA,NA,NA,NA,NA,NA,1,0
k1-rvv,GEMM_RVV_FP32_INT8_8x8_Baseline,RVV_SGEMM_FP32_8x8,sgemm_kernel_8x8_zvl256b_lmul8_unroll2,8x8,256b,8,2,FP32_RVV,0-7,8,1024,1024,1024,32,GFLOPS,NA,static,0,0,NA,NA,NA,NA,NA,NA,NA,NA,1,0
k1-rvv,GEMM_RVV_FP32_INT8_8x8_Baseline,RVV_SGEMM_FP32_8x8,sgemm_kernel_8x8_zvl256b_lmul8_unroll4,8x8,256b,8,4,FP32_RVV,0-7,8,1024,1024,1024,32,GFLOPS,NA,static,0,0,NA,NA,NA,NA,NA,NA,NA,NA,1,0
k1-rvv,GEMM_RVV_FP32_INT8_8x8_Baseline,RVV_SGEMM_FP32_8x8,sgemm_kernel_8x8_zvl256b_lmul8_unroll8,8x8,256b,8,8,FP32_RVV,0-7,8,1024,1024,1024,32,GFLOPS,NA,static,0,0,NA,NA,NA,NA,NA,NA,NA,NA,1,0
k1-rvv,GEMM_RVV_FP64_INT8_8x4_Baseline,RVV_DGEMM_FP64_8x4,dgemm_kernel_8x4_zvl256b_lmul2_unroll1,8x4,256b,2,1,FP64_RVV,0-7,8,1024,1024,1024,32,GFLOPS,NA,static,0,6,4.3720375,4.386117,4.298672,4.435824,0.04984339531,0.491239418,0.484122876,0.499569044,0,0
k1-rvv,GEMM_RVV_FP64_INT8_8x4_Baseline,RVV_DGEMM_FP64_8x4,dgemm_kernel_8x4_zvl256b_lmul2_unroll2,8x4,256b,2,2,FP64_RVV,0-7,8,1024,1024,1024,32,GFLOPS,NA,static,0,6,4.349157,4.355453,4.326871,4.360632,0.01335893485,0.4937739932,0.492470752,0.496313334,0,0
k1-rvv,GEMM_RVV_FP64_INT8_8x4_Baseline,RVV_DGEMM_FP64_8x4,dgemm_kernel_8x4_zvl256b_lmul2_unroll4,8x4,256b,2,4,FP64_RVV,0-7,8,1024,1024,1024,32,GFLOPS,NA,static,0,6,4.3484435,4.3417395,4.263777,4.463625,0.07837533143,0.4939842093,0.481107585,0.503657628,0,0
k1-rvv,GEMM_RVV_FP64_INT8_8x4_Baseline,RVV_DGEMM_FP64_8x4,dgemm_kernel_8x4_zvl256b_lmul2_unroll8,8x4,256b,2,8,FP64_RVV,0-7,8,1024,1024,1024,32,GFLOPS,NA,static,0,6,4.367543833,4.362495,4.330168,4.408113,0.02710653195,0.4917071257,0.487166166,0.495935418,0,0
k1-rvv,GEMM_RVV_FP64_INT8_8x4_Baseline,RVV_DGEMM_FP64_8x4,dgemm_kernel_8x4_zvl256b_lmul4_unroll1,8x4,256b,4,1,FP64_RVV,0-7,8,1024,1024,1024,32,GFLOPS,NA,static,0,6,4.3243715,4.325076,4.278866,4.366129,0.03218237682,0.4966231175,0.491850749,0.501881499,0,0
k1-rvv,GEMM_RVV_FP64_INT8_8x4_Baseline,RVV_DGEMM_FP64_8x4,dgemm_kernel_8x4_zvl256b_lmul4_unroll2,8x4,256b,4,2,FP64_RVV,0-7,8,1024,1024,1024,32,GFLOPS,NA,static,0,6,4.326651167,4.3212215,4.300364,4.349845,0.01892601798,0.4963464307,0.493691958,0.499372583,0,0
k1-rvv,GEMM_RVV_FP64_INT8_8x4_Baseline,RVV_DGEMM_FP64_8x4,dgemm_kernel_8x4_zvl256b_lmul4_unroll4,8x4,256b,4,4,FP64_RVV,0-7,8,1024,1024,1024,32,GFLOPS,NA,static,0,6,4.346953,4.343421,4.303794,4.416163,0.04031558357,0.4940556453,0.486278165,0.498974539,0,0
k1-rvv,GEMM_RVV_FP64_INT8_8x4_Baseline,RVV_DGEMM_FP64_8x4,dgemm_kernel_8x4_zvl256b_lmul4_unroll8,8x4,256b,4,8,FP64_RVV,0-7,8,1024,1024,1024,32,GFLOPS,NA,static,0,6,4.334246,4.344456,4.276012,4.364312,0.03292860748,0.4954927987,0.492055502,0.502216458,0,0
k1-rvv,GEMM_RVV_FP64_INT8_8x4_Baseline,RVV_DGEMM_FP64_8x4,dgemm_kernel_8x4_zvl256b_lmul8_unroll1,8x4,256b,8,1,FP64_RVV,0-7,8,1024,1024,1024,32,GFLOPS,NA,static,0,6,3.3365835,3.342501,3.268751,3.416785,0.05356083997,0.6437555285,0.628510002,0.656973794,0,0
k1-rvv,GEMM_RVV_FP64_INT8_8x4_Baseline,RVV_DGEMM_FP64_8x4,dgemm_kernel_8x4_zvl256b_lmul8_unroll2,8x4,256b,8,2,FP64_RVV,0-7,8,1024,1024,1024,32,GFLOPS,NA,static,0,6,3.009783667,2.996737,2.982349,3.078594,0.03562592396,0.7135830697,0.697553333,0.72006442,0,0
k1-rvv,GEMM_RVV_FP64_INT8_8x4_Baseline,RVV_DGEMM_FP64_8x4,dgemm_kernel_8x4_zvl256b_lmul8_unroll4,8x4,256b,8,4,FP64_RVV,0-7,8,1024,1024,1024,32,GFLOPS,NA,static,0,6,3.0677415,3.0668795,3.046161,3.090822,0.01498293695,0.7000349518,0.694793709,0.704980373,0,0
k1-rvv,GEMM_RVV_FP64_INT8_8x4_Baseline,RVV_DGEMM_FP64_8x4,dgemm_kernel_8x4_zvl256b_lmul8_unroll8,8x4,256b,8,8,FP64_RVV,0-7,8,1024,1024,1024,32,GFLOPS,NA,static,0,6,3.088427167,3.176165,2.825555,3.256418,0.1909982059,0.6976336602,0.659461875,0.760021959,0,0
k1-rvv,GEMM_RVV_FP64_INT8_8x8_Baseline,RVV_DGEMM_FP64_8x8,dgemm_kernel_8x8_zvl256b_lmul1_unroll1,8x8,256b,1,1,FP64_RVV,0-7,8,1024,1024,1024,32,GFLOPS,NA,static,0,6,5.168870333,5.166888,5.131203,5.217402,0.03534671618,0.4154809577,0.411600165,0.418514624,0,0
k1-rvv,GEMM_RVV_FP64_INT8_8x8_Baseline,RVV_DGEMM_FP64_8x8,dgemm_kernel_8x8_zvl256b_lmul1_unroll2,8x8,256b,1,2,FP64_RVV,0-7,8,1024,1024,1024,32,GFLOPS,NA,static,0,6,5.13699,5.1433125,5.108015,5.163709,0.02343321337,0.418050445,0.41588008,0.420414541,0,0
k1-rvv,GEMM_RVV_FP64_INT8_8x8_Baseline,RVV_DGEMM_FP64_8x8,dgemm_kernel_8x8_zvl256b_lmul1_unroll4,8x8,256b,1,4,FP64_RVV,0-7,8,1024,1024,1024,32,GFLOPS,NA,static,0,6,5.143502833,5.147785,5.071179,5.199379,0.04380490815,0.4175391813,0.413026959,0.423468333,0,0
k1-rvv,GEMM_RVV_FP64_INT8_8x8_Baseline,RVV_DGEMM_FP64_8x8,dgemm_kernel_8x8_zvl256b_lmul1_unroll8,8x8,256b,1,8,FP64_RVV,0-7,8,1024,1024,1024,32,GFLOPS,NA,static,0,6,5.156392667,5.14787,5.109185,5.22466,0.04680308559,0.4164986523,0.411028374,0.420318209,0,0
k1-rvv,GEMM_RVV_FP64_INT8_8x8_Baseline,RVV_DGEMM_FP64_8x8,dgemm_kernel_8x8_zvl256b_lmul2_unroll1,8x8,256b,2,1,FP64_RVV,0-7,8,1024,1024,1024,32,GFLOPS,NA,static,0,6,5.181205167,5.1757355,5.144029,5.228162,0.03279503461,0.4144895005,0.410753042,0.417471126,0,0
k1-rvv,GEMM_RVV_FP64_INT8_8x8_Baseline,RVV_DGEMM_FP64_8x8,dgemm_kernel_8x8_zvl256b_lmul2_unroll2,8x8,256b,2,2,FP64_RVV,0-7,8,1024,1024,1024,32,GFLOPS,NA,static,0,6,5.201692333,5.1983325,5.121307,5.293653,0.06522211664,0.4128972572,0.405671418,0.419323374,0,0
k1-rvv,GEMM_RVV_FP64_INT8_8x8_Baseline,RVV_DGEMM_FP64_8x8,dgemm_kernel_8x8_zvl256b_lmul2_unroll4,8x8,256b,2,4,FP64_RVV,0-7,8,1024,1024,1024,32,GFLOPS,NA,static,0,6,5.139909333,5.1264325,5.096654,5.204346,0.04223980537,0.417829153,0.412632748,0.421351627,0,0
k1-rvv,GEMM_RVV_FP64_INT8_8x8_Baseline,RVV_DGEMM_FP64_8x8,dgemm_kernel_8x8_zvl256b_lmul2_unroll8,8x8,256b,2,8,FP64_RVV,0-7,8,1024,1024,1024,32,GFLOPS,NA,static,0,6,5.1488695,5.149099,5.105916,5.20175,0.03514973583,0.4170948542,0.412838709,0.420587376,0,0
k1-rvv,GEMM_RVV_FP64_INT8_8x8_Baseline,RVV_DGEMM_FP64_8x8,dgemm_kernel_8x8_zvl256b_lmul4_unroll1,8x8,256b,4,1,FP64_RVV,0-7,8,1024,1024,1024,32,GFLOPS,NA,static,0,6,4.756376167,4.764108,4.69656,4.786464,0.03255623326,0.4515135002,0.448657624,0.457246084,0,0
k1-rvv,GEMM_RVV_FP64_INT8_8x8_Baseline,RVV_DGEMM_FP64_8x8,dgemm_kernel_8x8_zvl256b_lmul4_unroll2,8x8,256b,4,2,FP64_RVV,0-7,8,1024,1024,1024,32,GFLOPS,NA,static,0,6,4.790466667,4.786289,4.76549,4.821951,0.01973299484,0.4482890892,0.445355747,0.450632293,0,0
k1-rvv,GEMM_RVV_FP64_INT8_8x8_Baseline,RVV_DGEMM_FP64_8x8,dgemm_kernel_8x8_zvl256b_lmul4_unroll4,8x8,256b,4,4,FP64_RVV,0-7,8,1024,1024,1024,32,GFLOPS,NA,static,0,6,4.711545167,4.7063725,4.679481,4.770557,0.03253061864,0.4558097852,0.450153627,0.458914917,0,0
k1-rvv,GEMM_RVV_FP64_INT8_8x8_Baseline,RVV_DGEMM_FP64_8x8,dgemm_kernel_8x8_zvl256b_lmul4_unroll8,8x8,256b,4,8,FP64_RVV,0-7,8,1024,1024,1024,32,GFLOPS,NA,static,0,6,4.671636167,4.6655745,4.602816,4.739259,0.04758514797,0.4597253123,0.45312646,0.466558665,0,0
k1-rvv,GEMM_RVV_FP64_INT8_8x8_Baseline,RVV_DGEMM_FP64_8x8,dgemm_kernel_8x8_zvl256b_lmul8_unroll1,8x8,256b,8,1,FP64_RVV,0-7,8,1024,1024,1024,32,GFLOPS,NA,static,0,6,3.0206115,3.031518,2.991497,3.034702,0.01885505571,0.7109665492,0.707642335,0.717862502,0,0
k1-rvv,GEMM_RVV_FP64_INT8_8x8_Baseline,RVV_DGEMM_FP64_8x8,dgemm_kernel_8x8_zvl256b_lmul8_unroll2,8x8,256b,8,2,FP64_RVV,0-7,8,1024,1024,1024,32,GFLOPS,NA,static,0,6,2.965470667,2.9639845,2.946378,2.985317,0.01565924113,0.7241796457,0.719348542,0.728855457,0,0
k1-rvv,GEMM_RVV_FP64_INT8_8x8_Baseline,RVV_DGEMM_FP64_8x8,dgemm_kernel_8x8_zvl256b_lmul8_unroll4,8x8,256b,8,4,FP64_RVV,0-7,8,1024,1024,1024,32,GFLOPS,NA,static,0,6,2.636731667,2.6348215,2.624444,2.655929,0.01248828252,0.814464217,0.808562212,0.818262212,0,0
k1-rvv,GEMM_RVV_FP64_INT8_8x8_Baseline,RVV_DGEMM_FP64_8x8,dgemm_kernel_8x8_zvl256b_lmul8_unroll8,8x8,256b,8,8,FP64_RVV,0-7,8,1024,1024,1024,32,GFLOPS,NA,static,0,6,2.620459667,2.6317255,2.561868,2.648323,0.03113298098,0.8196041465,0.810884334,0.83824921,0,0
k1-rvv-only,GEMM_RVV_FP32_INT8_8x4_Baseline,RVV_IGEMM_INT8_I8I32_8x4,igemm_kernel_8x4_zvl256b_lmul1_unroll1_i8i32,8x4,256b,1,1,INT8_RVV,4-7,4,1024,1024,1024,32,GOPS,NA,static,0,6,3.6189965,3.620387,3.588389,3.64391,0.01811589205,0.5934044315,0.58933492,0.598453417,0,0
k1-rvv-only,GEMM_RVV_FP32_INT8_8x4_Baseline,RVV_IGEMM_INT8_I8I32_8x4,igemm_kernel_8x4_zvl256b_lmul1_unroll2_i8i32,8x4,256b,1,2,INT8_RVV,4-7,4,1024,1024,1024,32,GOPS,NA,static,0,6,2.3842675,2.3843525,2.379627,2.39047,0.003616951244,0.9006908685,0.898352083,0.902445585,0,0
k1-rvv-only,GEMM_RVV_FP32_INT8_8x4_Baseline,RVV_IGEMM_INT8_I8I32_8x4,igemm_kernel_8x4_zvl256b_lmul1_unroll4_i8i32,8x4,256b,1,4,INT8_RVV,4-7,4,1024,1024,1024,32,GOPS,NA,static,0,6,2.339265,2.340386,2.323665,2.35582,0.01230463596,0.918037625,0.911565125,0.924179625,0,0
k1-rvv-only,GEMM_RVV_FP32_INT8_8x4_Baseline,RVV_IGEMM_INT8_I8I32_8x4,igemm_kernel_8x4_zvl256b_lmul1_unroll8_i8i32,8x4,256b,1,8,INT8_RVV,4-7,4,1024,1024,1024,32,GOPS,NA,static,0,6,2.515055833,2.514598,2.506344,2.529235,0.008568734852,0.8538595358,0.849064335,0.856819127,0,0
k1-rvv-only,GEMM_RVV_FP32_INT8_8x4_Baseline,RVV_IGEMM_INT8_I8I32_8x4,igemm_kernel_8x4_zvl256b_lmul2_unroll1_i8i32,8x4,256b,2,1,INT8_RVV,4-7,4,1024,1024,1024,32,GOPS,NA,static,0,6,1.048877167,1.049185,1.047644,1.049713,0.0008075432909,2.047413334,2.045782417,2.049821083,0,0
k1-rvv-only,GEMM_RVV_FP32_INT8_8x4_Baseline,RVV_IGEMM_INT8_I8I32_8x4,igemm_kernel_8x4_zvl256b_lmul2_unroll2_i8i32,8x4,256b,2,2,INT8_RVV,4-7,4,1024,1024,1024,32,GOPS,NA,static,0,6,1.0182285,1.01792,1.017233,1.019355,0.0008555264462,2.109040349,2.106707878,2.111102417,0,0
k1-rvv-only,GEMM_RVV_FP32_INT8_8x4_Baseline,RVV_IGEMM_INT8_I8I32_8x4,igemm_kernel_8x4_zvl256b_lmul2_unroll4_i8i32,8x4,256b,2,4,INT8_RVV,4-7,4,1024,1024,1024,32,GOPS,NA,static,0,6,0.873881,0.874071,0.87251,0.875092,0.0009381569166,2.457411912,2.45400821,2.461272046,0,0
k1-rvv-only,GEMM_RVV_FP32_INT8_8x4_Baseline,RVV_IGEMM_INT8_I8I32_8x4,igemm_kernel_8x4_zvl256b_lmul2_unroll8_i8i32,8x4,256b,2,8,INT8_RVV,4-7,4,1024,1024,1024,32,GOPS,NA,static,0,6,0.8544768333,0.8544505,0.853661,0.855066,0.0005106417204,2.51321473,2.511481833,2.515615582,0,0
k1-rvv-only,GEMM_RVV_FP32_INT8_8x4_Baseline,RVV_IGEMM_INT8_I8I32_8x4,igemm_kernel_8x4_zvl256b_lmulmf2_unroll1_i8i32,8x4,256b,mf2,1,INT8_RVV,4-7,4,1024,1024,1024,32,GOPS,NA,static,0,6,9.7410365,9.7277615,9.638155,9.898315,0.09597541762,0.220475152,0.216954459,0.222810667,0,0
k1-rvv-only,GEMM_RVV_FP32_INT8_8x4_Baseline,RVV_IGEMM_INT8_I8I32_8x4,igemm_kernel_8x4_zvl256b_lmulmf2_unroll2_i8i32,8x4,256b,mf2,2,INT8_RVV,4-7,4,1024,1024,1024,32,GOPS,NA,static,0,6,10.03001633,10.048041,9.846856,10.285234,0.1668718007,0.2141549308,0.208792876,0.218088251,0,0
k1-rvv-only,GEMM_RVV_FP32_INT8_8x4_Baseline,RVV_IGEMM_INT8_I8I32_8x4,igemm_kernel_8x4_zvl256b_lmulmf2_unroll4_i8i32,8x4,256b,mf2,4,INT8_RVV,4-7,4,1024,1024,1024,32,GOPS,NA,static,0,6,9.966477833,9.9698095,9.85021,10.092052,0.09582447631,0.2154872653,0.212789584,0.218014002,0,0
k1-rvv-only,GEMM_RVV_FP32_INT8_8x4_Baseline,RVV_IGEMM_INT8_I8I32_8x4,igemm_kernel_8x4_zvl256b_lmulmf2_unroll8_i8i32,8x4,256b,mf2,8,INT8_RVV,4-7,4,1024,1024,1024,32,GOPS,NA,static,0,6,9.955462667,9.957311,9.892775,10.019037,0.04694194579,0.2157130702,0.214340333,0.217075959,0,0
k1-rvv-only,GEMM_RVV_FP32_INT8_8x4_Baseline,RVV_IGEMM_INT8_I8I32_8x4,igemm_kernel_8x4_zvl256b_lmulmf4_unroll1_i8i32,8x4,256b,mf4,1,INT8_RVV,4-7,4,1024,1024,1024,32,GOPS,NA,static,0,6,12.1572375,12.176821,12.001001,12.29781,0.1109674217,0.176654688,0.174623251,0.17894204,0,0
k1-rvv-only,GEMM_RVV_FP32_INT8_8x4_Baseline,RVV_IGEMM_INT8_I8I32_8x4,igemm_kernel_8x4_zvl256b_lmulmf4_unroll2_i8i32,8x4,256b,mf4,2,INT8_RVV,4-7,4,1024,1024,1024,32,GOPS,NA,static,0,6,13.07478833,13.069661,12.913149,13.264888,0.126161564,0.1642588688,0.161892336,0.166302085,0,0
k1-rvv-only,GEMM_RVV_FP32_INT8_8x4_Baseline,RVV_IGEMM_INT8_I8I32_8x4,igemm_kernel_8x4_zvl256b_lmulmf4_unroll4_i8i32,8x4,256b,mf4,4,INT8_RVV,4-7,4,1024,1024,1024,32,GOPS,NA,static,0,6,12.706782,12.697285,12.585281,12.823761,0.101890035,0.1690119995,0.167461291,0.170634542,0,0
k1-rvv-only,GEMM_RVV_FP32_INT8_8x4_Baseline,RVV_IGEMM_INT8_I8I32_8x4,igemm_kernel_8x4_zvl256b_lmulmf4_unroll8_i8i32,8x4,256b,mf4,8,INT8_RVV,4-7,4,1024,1024,1024,32,GOPS,NA,static,0,6,12.77674467,12.7652835,12.738297,12.831063,0.03383038116,0.168078507,0.167366002,0.168584835,0,0
k1-rvv-only,GEMM_RVV_FP32_INT8_8x4_Baseline,RVV_IGEMM_INT8_I8I32_8x4,igemm_kernel_8x4_zvl256b_lmulmf8_unroll1_i8i32,8x4,256b,mf8,1,INT8_RVV,4-7,4,1024,1024,1024,32,GOPS,NA,static,0,6,12.84698583,12.8796815,12.612519,12.944131,0.1233820241,0.167171556,0.165904041,0.17026604,0,0
k1-rvv-only,GEMM_RVV_FP32_INT8_8x4_Baseline,RVV_IGEMM_INT8_I8I32_8x4,igemm_kernel_8x4_zvl256b_lmulmf8_unroll2_i8i32,8x4,256b,mf8,2,INT8_RVV,4-7,4,1024,1024,1024,32,GOPS,NA,static,0,6,13.492537,13.494844,13.326692,13.631355,0.1165660404,0.1591707637,0.157540001,0.161141541,0,0
k1-rvv-only,GEMM_RVV_FP32_INT8_8x4_Baseline,RVV_IGEMM_INT8_I8I32_8x4,igemm_kernel_8x4_zvl256b_lmulmf8_unroll4_i8i32,8x4,256b,mf8,4,INT8_RVV,4-7,4,1024,1024,1024,32,GOPS,NA,static,0,6,13.22124567,13.227925,13.091672,13.311313,0.08760721982,0.1624326807,0.161327709,0.164034333,0,0
k1-rvv-only,GEMM_RVV_FP32_INT8_8x4_Baseline,RVV_IGEMM_INT8_I8I32_8x4,igemm_kernel_8x4_zvl256b_lmulmf8_unroll8_i8i32,8x4,256b,mf8,8,INT8_RVV,4-7,4,1024,1024,1024,32,GOPS,NA,static,0,6,13.07252033,13.0539985,12.906598,13.256618,0.1431786048,0.1642910422,0.161993332,0.1663865,0,0
k1-rvv-only,GEMM_RVV_FP32_INT8_8x4_Baseline,RVV_SGEMM_FP32_8x4,sgemm_kernel_8x4_zvl256b_lmul1_unroll1,8x4,256b,1,1,FP32_RVV,4-7,4,1024,1024,1024,32,GFLOPS,NA,static,0,0,NA,NA,NA,NA,NA,NA,NA,NA,1,0
k1-rvv-only,GEMM_RVV_FP32_INT8_8x4_Baseline,RVV_SGEMM_FP32_8x4,sgemm_kernel_8x4_zvl256b_lmul1_unroll2,8x4,256b,1,2,FP32_RVV,4-7,4,1024,1024,1024,32,GFLOPS,NA,static,0,0,NA,NA,NA,NA,NA,NA,NA,NA,1,0
k1-rvv-only,GEMM_RVV_FP32_INT8_8x4_Baseline,RVV_SGEMM_FP32_8x4,sgemm_kernel_8x4_zvl256b_lmul1_unroll4,8x4,256b,1,4,FP32_RVV,4-7,4,1024,1024,1024,32,GFLOPS,NA,static,0,0,NA,NA,NA,NA,NA,NA,NA,NA,1,0
k1-rvv-only,GEMM_RVV_FP32_INT8_8x4_Baseline,RVV_SGEMM_FP32_8x4,sgemm_kernel_8x4_zvl256b_lmul1_unroll8,8x4,256b,1,8,FP32_RVV,4-7,4,1024,1024,1024,32,GFLOPS,NA,static,0,0,NA,NA,NA,NA,NA,NA,NA,NA,1,0
k1-rvv-only,GEMM_RVV_FP32_INT8_8x4_Baseline,RVV_SGEMM_FP32_8x4,sgemm_kernel_8x4_zvl256b_lmul2_unroll1,8x4,256b,2,1,FP32_RVV,4-7,4,1024,1024,1024,32,GFLOPS,NA,static,0,0,NA,NA,NA,NA,NA,NA,NA,NA,1,0
k1-rvv-only,GEMM_RVV_FP32_INT8_8x4_Baseline,RVV_SGEMM_FP32_8x4,sgemm_kernel_8x4_zvl256b_lmul2_unroll2,8x4,256b,2,2,FP32_RVV,4-7,4,1024,1024,1024,32,GFLOPS,NA,static,0,0,NA,NA,NA,NA,NA,NA,NA,NA,1,0
k1-rvv-only,GEMM_RVV_FP32_INT8_8x4_Baseline,RVV_SGEMM_FP32_8x4,sgemm_kernel_8x4_zvl256b_lmul2_unroll4,8x4,256b,2,4,FP32_RVV,4-7,4,1024,1024,1024,32,GFLOPS,NA,static,0,0,NA,NA,NA,NA,NA,NA,NA,NA,1,0
k1-rvv-only,GEMM_RVV_FP32_INT8_8x4_Baseline,RVV_SGEMM_FP32_8x4,sgemm_kernel_8x4_zvl256b_lmul2_unroll8,8x4,256b,2,8,FP32_RVV,4-7,4,1024,1024,1024,32,GFLOPS,NA,static,0,0,NA,NA,NA,NA,NA,NA,NA,NA,1,0
k1-rvv-only,GEMM_RVV_FP32_INT8_8x4_Baseline,RVV_SGEMM_FP32_8x4,sgemm_kernel_8x4_zvl256b_lmul4_unroll1,8x4,256b,4,1,FP32_RVV,4-7,4,1024,1024,1024,32,GFLOPS,NA,static,0,0,NA,NA,NA,NA,NA,NA,NA,NA,1,0
k1-rvv-only,GEMM_RVV_FP32_INT8_8x4_Baseline,RVV_SGEMM_FP32_8x4,sgemm_kernel_8x4_zvl256b_lmul4_unroll2,8x4,256b,4,2,FP32_RVV,4-7,4,1024,1024,1024,32,GFLOPS,NA,static,0,0,NA,NA,NA,NA,NA,NA,NA,NA,1,0
k1-rvv-only,GEMM_RVV_FP32_INT8_8x4_Baseline,RVV_SGEMM_FP32_8x4,sgemm_kernel_8x4_zvl256b_lmul4_unroll4,8x4,256b,4,4,FP32_RVV,4-7,4,1024,1024,1024,32,GFLOPS,NA,static,0,0,NA,NA,NA,NA,NA,NA,NA,NA,1,0
k1-rvv-only,GEMM_RVV_FP32_INT8_8x4_Baseline,RVV_SGEMM_FP32_8x4,sgemm_kernel_8x4_zvl256b_lmul4_unroll8,8x4,256b,4,8,FP32_RVV,4-7,4,1024,1024,1024,32,GFLOPS,NA,static,0,0,NA,NA,NA,NA,NA,NA,NA,NA,1,0
k1-rvv-only,GEMM_RVV_FP32_INT8_8x4_Baseline,RVV_SGEMM_FP32_8x4,sgemm_kernel_8x4_zvl256b_lmul8_unroll1,8x4,256b,8,1,FP32_RVV,4-7,4,1024,1024,1024,32,GFLOPS,NA,static,0,0,NA,NA,NA,NA,NA,NA,NA,NA,1,0
k1-rvv-only,GEMM_RVV_FP32_INT8_8x4_Baseline,RVV_SGEMM_FP32_8x4,sgemm_kernel_8x4_zvl256b_lmul8_unroll2,8x4,256b,8,2,FP32_RVV,4-7,4,1024,1024,1024,32,GFLOPS,NA,static,0,0,NA,NA,NA,NA,NA,NA,NA,NA,1,0
k1-rvv-only,GEMM_RVV_FP32_INT8_8x4_Baseline,RVV_SGEMM_FP32_8x4,sgemm_kernel_8x4_zvl256b_lmul8_unroll4,8x4,256b,8,4,FP32_RVV,4-7,4,1024,1024,1024,32,GFLOPS,NA,static,0,0,NA,NA,NA,NA,NA,NA,NA,NA,1,0
k1-rvv-only,GEMM_RVV_FP32_INT8_8x4_Baseline,RVV_SGEMM_FP32_8x4,sgemm_kernel_8x4_zvl256b_lmul8_unroll8,8x4,256b,8,8,FP32_RVV,4-7,4,1024,1024,1024,32,GFLOPS,NA,static,0,0,NA,NA,NA,NA,NA,NA,NA,NA,1,0
k1-rvv-only,GEMM_RVV_FP32_INT8_8x4_Baseline,RVV_SGEMM_FP32_8x4,sgemm_kernel_8x4_zvl256b_lmulmf2_unroll1,8x4,256b,mf2,1,FP32_RVV,4-7,4,1024,1024,1024,32,GFLOPS,NA,static,0,0,NA,NA,NA,NA,NA,NA,NA,NA,1,0
k1-rvv-only,GEMM_RVV_FP32_INT8_8x4_Baseline,RVV_SGEMM_FP32_8x4,sgemm_kernel_8x4_zvl256b_lmulmf2_unroll2,8x4,256b,mf2,2,FP32_RVV,4-7,4,1024,1024,1024,32,GFLOPS,NA,static,0,0,NA,NA,NA,NA,NA,NA,NA,NA,1,0
k1-rvv-only,GEMM_RVV_FP32_INT8_8x4_Baseline,RVV_SGEMM_FP32_8x4,sgemm_kernel_8x4_zvl256b_lmulmf2_unroll4,8x4,256b,mf2,4,FP32_RVV,4-7,4,1024,1024,1024,32,GFLOPS,NA,static,0,0,NA,NA,NA,NA,NA,NA,NA,NA,1,0
k1-rvv-only,GEMM_RVV_FP32_INT8_8x4_Baseline,RVV_SGEMM_FP32_8x4,sgemm_kernel_8x4_zvl256b_lmulmf2_unroll8,8x4,256b,mf2,8,FP32_RVV,4-7,4,1024,1024,1024,32,GFLOPS,NA,static,0,0,NA,NA,NA,NA,NA,NA,NA,NA,1,0
k1-rvv-only,GEMM_RVV_FP32_INT8_8x8_Baseline,RVV_IGEMM_INT8_I8I32_8x8,igemm_kernel_8x8_zvl256b_lmul1_unroll1_i8i32,8x8,256b,1,1,INT8_RVV,4-7,4,1024,1024,1024,32,GOPS,NA,static,0,6,6.497320667,6.4942125,6.463584,6.53739,0.02991171564,0.3305241733,0.3284925,0.332243498,0,0
k1-rvv-only,GEMM_RVV_FP32_INT8_8x8_Baseline,RVV_IGEMM_INT8_I8I32_8x8,igemm_kernel_8x8_zvl256b_lmul1_unroll2_i8i32,8x8,256b,1,2,INT8_RVV,4-7,4,1024,1024,1024,32,GOPS,NA,static,0,6,5.871034333,5.8715,5.814129,5.923664,0.03702463122,0.3657881592,0.362526249,0.36935604,0,0
k1-rvv-only,GEMM_RVV_FP32_INT8_8x8_Baseline,RVV_IGEMM_INT8_I8I32_8x8,igemm_kernel_8x8_zvl256b_lmul1_unroll4_i8i32,8x8,256b,1,4,INT8_RVV,4-7,4,1024,1024,1024,32,GOPS,NA,static,0,6,5.815345333,5.8182535,5.753185,5.863884,0.0480898895,0.3692998478,0.366222084,0.373268668,0,0
k1-rvv-only,GEMM_RVV_FP32_INT8_8x8_Baseline,RVV_IGEMM_INT8_I8I32_8x8,igemm_kernel_8x8_zvl256b_lmul1_unroll8_i8i32,8x8,256b,1,8,INT8_RVV,4-7,4,1024,1024,1024,32,GOPS,NA,static,0,6,6.267580333,6.255176,6.225025,6.353832,0.04700722938,0.3426495487,0.337982416,0.344975919,0,0
k1-rvv-only,GEMM_RVV_FP32_INT8_8x8_Baseline,RVV_IGEMM_INT8_I8I32_8x8,igemm_kernel_8x8_zvl256b_lmul2_unroll1_i8i32,8x8,256b,2,1,INT8_RVV,4-7,4,1024,1024,1024,32,GOPS,NA,static,0,6,2.016210333,2.01591,2.009654,2.024217,0.004672469825,1.065113666,1.060895707,1.068583708,0,0
k1-rvv-only,GEMM_RVV_FP32_INT8_8x8_Baseline,RVV_IGEMM_INT8_I8I32_8x8,igemm_kernel_8x8_zvl256b_lmul2_unroll2_i8i32,8x8,256b,2,2,INT8_RVV,4-7,4,1024,1024,1024,32,GOPS,NA,static,0,6,2.018576333,2.016864,2.009977,2.029678,0.006846860176,1.063870779,1.058041666,1.068412084,0,0
k1-rvv-only,GEMM_RVV_FP32_INT8_8x8_Baseline,RVV_IGEMM_INT8_I8I32_8x8,igemm_kernel_8x8_zvl256b_lmul2_unroll4_i8i32,8x8,256b,2,4,INT8_RVV,4-7,4,1024,1024,1024,32,GOPS,NA,static,0,6,1.7379105,1.737507,1.735101,1.740481,0.00196116575,1.235671044,1.233844586,1.237670917,0,0
k1-rvv-only,GEMM_RVV_FP32_INT8_8x8_Baseline,RVV_IGEMM_INT8_I8I32_8x8,igemm_kernel_8x8_zvl256b_lmul2_unroll8_i8i32,8x8,256b,2,8,INT8_RVV,4-7,4,1024,1024,1024,32,GOPS,NA,static,0,6,2.09243,2.0903755,2.085227,2.105678,0.008377572942,1.026324487,1.01985383,1.029855836,0,0
k1-rvv-only,GEMM_RVV_FP32_INT8_8x8_Baseline,RVV_IGEMM_INT8_I8I32_8x8,igemm_kernel_8x8_zvl256b_lmulmf2_unroll1_i8i32,8x8,256b,mf2,1,INT8_RVV,4-7,4,1024,1024,1024,32,GOPS,NA,static,0,6,14.7127735,14.7366385,14.3655,14.932857,0.1929249097,0.1459816392,0.143809292,0.149488956,0,0
k1-rvv-only,GEMM_RVV_FP32_INT8_8x8_Baseline,RVV_IGEMM_INT8_I8I32_8x8,igemm_kernel_8x8_zvl256b_lmulmf2_unroll2_i8i32,8x8,256b,mf2,2,INT8_RVV,4-7,4,1024,1024,1024,32,GOPS,NA,static,0,6,15.826265,15.870433,15.381807,16.121397,0.242711935,0.1357180837,0.133207042,0.139611918,0,0
k1-rvv-only,GEMM_RVV_FP32_INT8_8x8_Baseline,RVV_IGEMM_INT8_I8I32_8x8,igemm_kernel_8x8_zvl256b_lmulmf2_unroll4_i8i32,8x8,256b,mf2,4,INT8_RVV,4-7,4,1024,1024,1024,32,GOPS,NA,static,0,6,16.28670583,16.240052,15.998071,16.664993,0.2530637578,0.1318814022,0.12886196,0.134233914,0,0
k1-rvv-only,GEMM_RVV_FP32_INT8_8x8_Baseline,RVV_IGEMM_INT8_I8I32_8x8,igemm_kernel_8x8_zvl256b_lmulmf2_unroll8_i8i32,8x8,256b,mf2,8,INT8_RVV,4-7,4,1024,1024,1024,32,GOPS,NA,static,0,6,15.88667333,15.9449825,15.677214,16.038974,0.1613004358,0.1351868337,0.133891586,0.136981208,0,0
k1-rvv-only,GEMM_RVV_FP32_INT8_8x8_Baseline,RVV_IGEMM_INT8_I8I32_8x8,igemm_kernel_8x8_zvl256b_lmulmf4_unroll1_i8i32,8x8,256b,mf4,1,INT8_RVV,4-7,4,1024,1024,1024,32,GOPS,NA,static,0,6,16.96328533,16.9873945,16.803028,17.118062,0.1373488075,0.1266029023,0.125451334,0.127803374,0,0
k1-rvv-only,GEMM_RVV_FP32_INT8_8x8_Baseline,RVV_IGEMM_INT8_I8I32_8x8,igemm_kernel_8x8_zvl256b_lmulmf4_unroll2_i8i32,8x8,256b,mf4,2,INT8_RVV,4-7,4,1024,1024,1024,32,GOPS,NA,static,0,6,17.4734865,17.517291,16.955893,17.802752,0.2780520308,0.1229258955,0.120626502,0.126651164,0,0
k1-rvv-only,GEMM_RVV_FP32_INT8_8x8_Baseline,RVV_IGEMM_INT8_I8I32_8x8,igemm_kernel_8x8_zvl256b_lmulmf4_unroll4_i8i32,8x8,256b,mf4,4,INT8_RVV,4-7,4,1024,1024,1024,32,GOPS,NA,static,0,6,17.70960417,17.637876,17.511091,18.11623,0.233957997,0.1212784168,0.11853921,0.122635625,0,0
k1-rvv-only,GEMM_RVV_FP32_INT8_8x8_Baseline,RVV_IGEMM_INT8_I8I32_8x8,igemm_kernel_8x8_zvl256b_lmulmf4_unroll8_i8i32,8x8,256b,mf4,8,INT8_RVV,4-7,4,1024,1024,1024,32,GOPS,NA,static,0,6,17.6188085,17.6469285,17.280453,18.022638,0.2703458074,0.1219097293,0.119154792,0.124272417,0,0
k1-rvv-only,GEMM_RVV_FP32_INT8_8x8_Baseline,RVV_SGEMM_FP32_8x8,sgemm_kernel_8x8_zvl256b_lmul1_unroll1,8x8,256b,1,1,FP32_RVV,4-7,4,1024,1024,1024,32,GFLOPS,NA,static,0,0,NA,NA,NA,NA,NA,NA,NA,NA,1,0
k1-rvv-only,GEMM_RVV_FP32_INT8_8x8_Baseline,RVV_SGEMM_FP32_8x8,sgemm_kernel_8x8_zvl256b_lmul1_unroll2,8x8,256b,1,2,FP32_RVV,4-7,4,1024,1024,1024,32,GFLOPS,NA,static,0,0,NA,NA,NA,NA,NA,NA,NA,NA,1,0
k1-rvv-only,GEMM_RVV_FP32_INT8_8x8_Baseline,RVV_SGEMM_FP32_8x8,sgemm_kernel_8x8_zvl256b_lmul1_unroll4,8x8,256b,1,4,FP32_RVV,4-7,4,1024,1024,1024,32,GFLOPS,NA,static,0,0,NA,NA,NA,NA,NA,NA,NA,NA,1,0
k1-rvv-only,GEMM_RVV_FP32_INT8_8x8_Baseline,RVV_SGEMM_FP32_8x8,sgemm_kernel_8x8_zvl256b_lmul1_unroll8,8x8,256b,1,8,FP32_RVV,4-7,4,1024,1024,1024,32,GFLOPS,NA,static,0,0,NA,NA,NA,NA,NA,NA,NA,NA,1,0
k1-rvv-only,GEMM_RVV_FP32_INT8_8x8_Baseline,RVV_SGEMM_FP32_8x8,sgemm_kernel_8x8_zvl256b_lmul2_unroll1,8x8,256b,2,1,FP32_RVV,4-7,4,1024,1024,1024,32,GFLOPS,NA,static,0,0,NA,NA,NA,NA,NA,NA,NA,NA,1,0
k1-rvv-only,GEMM_RVV_FP32_INT8_8x8_Baseline,RVV_SGEMM_FP32_8x8,sgemm_kernel_8x8_zvl256b_lmul2_unroll2,8x8,256b,2,2,FP32_RVV,4-7,4,1024,1024,1024,32,GFLOPS,NA,static,0,0,NA,NA,NA,NA,NA,NA,NA,NA,1,0
k1-rvv-only,GEMM_RVV_FP32_INT8_8x8_Baseline,RVV_SGEMM_FP32_8x8,sgemm_kernel_8x8_zvl256b_lmul2_unroll4,8x8,256b,2,4,FP32_RVV,4-7,4,1024,1024,1024,32,GFLOPS,NA,static,0,0,NA,NA,NA,NA,NA,NA,NA,NA,1,0
k1-rvv-only,GEMM_RVV_FP32_INT8_8x8_Baseline,RVV_SGEMM_FP32_8x8,sgemm_kernel_8x8_zvl256b_lmul2_unroll8,8x8,256b,2,8,FP32_RVV,4-7,4,1024,1024,1024,32,GFLOPS,NA,static,0,0,NA,NA,NA,NA,NA,NA,NA,NA,1,0
k1-rvv-only,GEMM_RVV_FP32_INT8_8x8_Baseline,RVV_SGEMM_FP32_8x8,sgemm_kernel_8x8_zvl256b_lmul4_unroll1,8x8,256b,4,1,FP32_RVV,4-7,4,1024,1024,1024,32,GFLOPS,NA,static,0,0,NA,NA,NA,NA,NA,NA,NA,NA,1,0
k1-rvv-only,GEMM_RVV_FP32_INT8_8x8_Baseline,RVV_SGEMM_FP32_8x8,sgemm_kernel_8x8_zvl256b_lmul4_unroll2,8x8,256b,4,2,FP32_RVV,4-7,4,1024,1024,1024,32,GFLOPS,NA,static,0,0,NA,NA,NA,NA,NA,NA,NA,NA,1,0
k1-rvv-only,GEMM_RVV_FP32_INT8_8x8_Baseline,RVV_SGEMM_FP32_8x8,sgemm_kernel_8x8_zvl256b_lmul4_unroll4,8x8,256b,4,4,FP32_RVV,4-7,4,1024,1024,1024,32,GFLOPS,NA,static,0,0,NA,NA,NA,NA,NA,NA,NA,NA,1,0
k1-rvv-only,GEMM_RVV_FP32_INT8_8x8_Baseline,RVV_SGEMM_FP32_8x8,sgemm_kernel_8x8_zvl256b_lmul4_unroll8,8x8,256b,4,8,FP32_RVV,4-7,4,1024,1024,1024,32,GFLOPS,NA,static,0,0,NA,NA,NA,NA,NA,NA,NA,NA,1,0
k1-rvv-only,GEMM_RVV_FP32_INT8_8x8_Baseline,RVV_SGEMM_FP32_8x8,sgemm_kernel_8x8_zvl256b_lmul8_unroll1,8x8,256b,8,1,FP32_RVV,4-7,4,1024,1024,1024,32,GFLOPS,NA,static,0,0,NA,NA,NA,NA,NA,NA,NA,NA,1,0
k1-rvv-only,GEMM_RVV_FP32_INT8_8x8_Baseline,RVV_SGEMM_FP32_8x8,sgemm_kernel_8x8_zvl256b_lmul8_unroll2,8x8,256b,8,2,FP32_RVV,4-7,4,1024,1024,1024,32,GFLOPS,NA,static,0,0,NA,NA,NA,NA,NA,NA,NA,NA,1,0
k1-rvv-only,GEMM_RVV_FP32_INT8_8x8_Baseline,RVV_SGEMM_FP32_8x8,sgemm_kernel_8x8_zvl256b_lmul8_unroll4,8x8,256b,8,4,FP32_RVV,4-7,4,1024,1024,1024,32,GFLOPS,NA,static,0,0,NA,NA,NA,NA,NA,NA,NA,NA,1,0
k1-rvv-only,GEMM_RVV_FP32_INT8_8x8_Baseline,RVV_SGEMM_FP32_8x8,sgemm_kernel_8x8_zvl256b_lmul8_unroll8,8x8,256b,8,8,FP32_RVV,4-7,4,1024,1024,1024,32,GFLOPS,NA,static,0,0,NA,NA,NA,NA,NA,NA,NA,NA,1,0
k1-rvv-only,GEMM_RVV_FP64_INT8_8x4_Baseline,RVV_DGEMM_FP64_8x4,dgemm_kernel_8x4_zvl256b_lmul2_unroll1,8x4,256b,2,1,FP64_RVV,4-7,4,1024,1024,1024,32,GFLOPS,NA,static,0,6,3.065853167,3.07499,2.974978,3.139223,0.06108232712,0.700685418,0.684081294,0.721848585,0,0
k1-rvv-only,GEMM_RVV_FP64_INT8_8x4_Baseline,RVV_DGEMM_FP64_8x4,dgemm_kernel_8x4_zvl256b_lmul2_unroll2,8x4,256b,2,2,FP64_RVV,4-7,4,1024,1024,1024,32,GFLOPS,NA,static,0,6,3.049716833,3.038348,3.013104,3.101098,0.0337681241,0.7042299372,0.692491293,0.712714791,0,0
k1-rvv-only,GEMM_RVV_FP64_INT8_8x4_Baseline,RVV_DGEMM_FP64_8x4,dgemm_kernel_8x4_zvl256b_lmul2_unroll4,8x4,256b,2,4,FP64_RVV,4-7,4,1024,1024,1024,32,GFLOPS,NA,static,0,6,3.075685333,3.066182,3.054764,3.126091,0.02690879539,0.6982571468,0.686955001,0.702994961,0,0
k1-rvv-only,GEMM_RVV_FP64_INT8_8x4_Baseline,RVV_DGEMM_FP64_8x4,dgemm_kernel_8x4_zvl256b_lmul2_unroll8,8x4,256b,2,8,FP64_RVV,4-7,4,1024,1024,1024,32,GFLOPS,NA,static,0,6,3.027457667,3.030206,2.936319,3.157189,0.08395148571,0.7097866952,0.680188458,0.731352378,0,0
k1-rvv-only,GEMM_RVV_FP64_INT8_8x4_Baseline,RVV_DGEMM_FP64_8x4,dgemm_kernel_8x4_zvl256b_lmul4_unroll1,8x4,256b,4,1,FP64_RVV,4-7,4,1024,1024,1024,32,GFLOPS,NA,static,0,6,2.989188,3.008674,2.915225,3.042323,0.05890870066,0.7186514163,0.705869749,0.736644294,0,0
k1-rvv-only,GEMM_RVV_FP64_INT8_8x4_Baseline,RVV_DGEMM_FP64_8x4,dgemm_kernel_8x4_zvl256b_lmul4_unroll2,8x4,256b,4,2,FP64_RVV,4-7,4,1024,1024,1024,32,GFLOPS,NA,static,0,6,3.039419667,3.066774,2.920582,3.104499,0.06953210122,0.706858139,0.691732831,0.73529296,0,0
k1-rvv-only,GEMM_RVV_FP64_INT8_8x4_Baseline,RVV_DGEMM_FP64_8x4,dgemm_kernel_8x4_zvl256b_lmul4_unroll4,8x4,256b,4,4,FP64_RVV,4-7,4,1024,1024,1024,32,GFLOPS,NA,static,0,6,3.013397,3.0123275,2.97583,3.064754,0.03310485725,0.7127168673,0.700703334,0.721641999,0,0
k1-rvv-only,GEMM_RVV_FP64_INT8_8x4_Baseline,RVV_DGEMM_FP64_8x4,dgemm_kernel_8x4_zvl256b_lmul4_unroll8,8x4,256b,4,8,FP64_RVV,4-7,4,1024,1024,1024,32,GFLOPS,NA,static,0,6,2.9927735,2.9959635,2.875673,3.055913,0.06332765297,0.7178299588,0.702730626,0.746776126,0,0
k1-rvv-only,GEMM_RVV_FP64_INT8_8x4_Baseline,RVV_DGEMM_FP64_8x4,dgemm_kernel_8x4_zvl256b_lmul8_unroll1,8x4,256b,8,1,FP64_RVV,4-7,4,1024,1024,1024,32,GFLOPS,NA,static,0,6,1.850313667,1.851801,1.836279,1.864911,0.0107599762,1.160637993,1.151520833,1.169475917,0,0
k1-rvv-only,GEMM_RVV_FP64_INT8_8x4_Baseline,RVV_DGEMM_FP64_8x4,dgemm_kernel_8x4_zvl256b_lmul8_unroll2,8x4,256b,8,2,FP64_RVV,4-7,4,1024,1024,1024,32,GFLOPS,NA,static,0,6,1.664211,1.6655135,1.653546,1.673354,0.006889107809,1.290409827,1.283340793,1.298714291,0,0
k1-rvv-only,GEMM_RVV_FP64_INT8_8x4_Baseline,RVV_DGEMM_FP64_8x4,dgemm_kernel_8x4_zvl256b_lmul8_unroll4,8x4,256b,8,4,FP64_RVV,4-7,4,1024,1024,1024,32,GFLOPS,NA,static,0,6,1.6728335,1.672552,1.658133,1.687946,0.01432179124,1.283818745,1.272246961,1.295121126,0,0
k1-rvv-only,GEMM_RVV_FP64_INT8_8x4_Baseline,RVV_DGEMM_FP64_8x4,dgemm_kernel_8x4_zvl256b_lmul8_unroll8,8x4,256b,8,8,FP64_RVV,4-7,4,1024,1024,1024,32,GFLOPS,NA,static,0,6,1.780392667,1.7801795,1.767514,1.788525,0.007449502579,1.206203105,1.200700793,1.214974042,0,0
k1-rvv-only,GEMM_RVV_FP64_INT8_8x8_Baseline,RVV_DGEMM_FP64_8x8,dgemm_kernel_8x8_zvl256b_lmul1_unroll1,8x8,256b,1,1,FP64_RVV,4-7,4,1024,1024,1024,32,GFLOPS,NA,static,0,6,3.455249,3.48268,3.320667,3.583069,0.1137616482,0.6220794643,0.599341914,0.646702457,0,0
k1-rvv-only,GEMM_RVV_FP64_INT8_8x8_Baseline,RVV_DGEMM_FP64_8x8,dgemm_kernel_8x8_zvl256b_lmul1_unroll2,8x8,256b,1,2,FP64_RVV,4-7,4,1024,1024,1024,32,GFLOPS,NA,static,0,6,3.3929425,3.3593155,3.288275,3.612741,0.1173172506,0.633534986,0.59441942,0.653072998,0,0
k1-rvv-only,GEMM_RVV_FP64_INT8_8x8_Baseline,RVV_DGEMM_FP64_8x8,dgemm_kernel_8x8_zvl256b_lmul1_unroll4,8x8,256b,1,4,FP64_RVV,4-7,4,1024,1024,1024,32,GFLOPS,NA,static,0,6,3.493966167,3.514422,3.259606,3.671197,0.1700873633,0.6158573335,0.584954582,0.65881696,0,0
k1-rvv-only,GEMM_RVV_FP64_INT8_8x8_Baseline,RVV_DGEMM_FP64_8x8,dgemm_kernel_8x8_zvl256b_lmul1_unroll8,8x8,256b,1,8,FP64_RVV,4-7,4,1024,1024,1024,32,GFLOPS,NA,static,0,6,3.549689333,3.5631635,3.341402,3.677066,0.118665739,0.6055568755,0.584021043,0.642689336,0,0
k1-rvv-only,GEMM_RVV_FP64_INT8_8x8_Baseline,RVV_DGEMM_FP64_8x8,dgemm_kernel_8x8_zvl256b_lmul2_unroll1,8x8,256b,2,1,FP64_RVV,4-7,4,1024,1024,1024,32,GFLOPS,NA,static,0,6,3.5476735,3.550256,3.473406,3.617721,0.05122510785,0.6054270213,0.59360129,0.618264459,0,0
k1-rvv-only,GEMM_RVV_FP64_INT8_8x8_Baseline,RVV_DGEMM_FP64_8x8,dgemm_kernel_8x8_zvl256b_lmul2_unroll2,8x8,256b,2,2,FP64_RVV,4-7,4,1024,1024,1024,32,GFLOPS,NA,static,0,6,3.3630065,3.3417225,3.326154,3.444457,0.04578519797,0.6386580355,0.623460792,0.645635754,0,0
k1-rvv-only,GEMM_RVV_FP64_INT8_8x8_Baseline,RVV_DGEMM_FP64_8x8,dgemm_kernel_8x8_zvl256b_lmul2_unroll4,8x8,256b,2,4,FP64_RVV,4-7,4,1024,1024,1024,32,GFLOPS,NA,static,0,6,3.549159167,3.5763645,3.391301,3.619269,0.08357898012,0.6053559098,0.593347333,0.633232918,0,0
k1-rvv-only,GEMM_RVV_FP64_INT8_8x8_Baseline,RVV_DGEMM_FP64_8x8,dgemm_kernel_8x8_zvl256b_lmul2_unroll8,8x8,256b,2,8,FP64_RVV,4-7,4,1024,1024,1024,32,GFLOPS,NA,static,0,6,3.598301,3.6140075,3.496286,3.637687,0.05346736758,0.59691675,0.590343207,0.6142185,0,0
k1-rvv-only,GEMM_RVV_FP64_INT8_8x8_Baseline,RVV_DGEMM_FP64_8x8,dgemm_kernel_8x8_zvl256b_lmul4_unroll1,8x8,256b,4,1,FP64_RVV,4-7,4,1024,1024,1024,32,GFLOPS,NA,static,0,6,3.247577,3.305844,3.044011,3.374417,0.1279865115,0.6621378412,0.636401337,0.705478165,0,0
k1-rvv-only,GEMM_RVV_FP64_INT8_8x8_Baseline,RVV_DGEMM_FP64_8x8,dgemm_kernel_8x8_zvl256b_lmul4_unroll2,8x8,256b,4,2,FP64_RVV,4-7,4,1024,1024,1024,32,GFLOPS,NA,static,0,6,3.0511745,3.0282085,2.928476,3.192988,0.09941521102,0.7044397015,0.672562417,0.733311042,0,0
k1-rvv-only,GEMM_RVV_FP64_INT8_8x8_Baseline,RVV_DGEMM_FP64_8x8,dgemm_kernel_8x8_zvl256b_lmul4_unroll4,8x8,256b,4,4,FP64_RVV,4-7,4,1024,1024,1024,32,GFLOPS,NA,static,0,6,3.0720445,3.073888,2.923576,3.263948,0.1125669217,0.6998108265,0.657940499,0.734540001,0,0
k1-rvv-only,GEMM_RVV_FP64_INT8_8x8_Baseline,RVV_DGEMM_FP64_8x8,dgemm_kernel_8x8_zvl256b_lmul4_unroll8,8x8,256b,4,8,FP64_RVV,4-7,4,1024,1024,1024,32,GFLOPS,NA,static,0,6,3.052542333,3.025947,2.965201,3.255258,0.1028133531,0.7041429713,0.659696914,0.72422871,0,0
k1-rvv-only,GEMM_RVV_FP64_INT8_8x8_Baseline,RVV_DGEMM_FP64_8x8,dgemm_kernel_8x8_zvl256b_lmul8_unroll1,8x8,256b,8,1,FP64_RVV,4-7,4,1024,1024,1024,32,GFLOPS,NA,static,0,6,1.619355833,1.6190705,1.614647,1.62559,0.003767387393,1.326140515,1.321049001,1.330001626,0,0
k1-rvv-only,GEMM_RVV_FP64_INT8_8x8_Baseline,RVV_DGEMM_FP64_8x8,dgemm_kernel_8x8_zvl256b_lmul8_unroll2,8x8,256b,8,2,FP64_RVV,4-7,4,1024,1024,1024,32,GFLOPS,NA,static,0,6,1.581957833,1.581334,1.574281,1.587857,0.005009740928,1.357496043,1.352441292,1.36410442,0,0
k1-rvv-only,GEMM_RVV_FP64_INT8_8x8_Baseline,RVV_DGEMM_FP64_8x8,dgemm_kernel_8x8_zvl256b_lmul8_unroll4,8x8,256b,8,4,FP64_RVV,4-7,4,1024,1024,1024,32,GFLOPS,NA,static,0,6,1.385693833,1.384427,1.383676,1.389299,0.002554283729,1.549757766,1.545731418,1.552013751,0,0
k1-rvv-only,GEMM_RVV_FP64_INT8_8x8_Baseline,RVV_DGEMM_FP64_8x8,dgemm_kernel_8x8_zvl256b_lmul8_unroll8,8x8,256b,8,8,FP64_RVV,4-7,4,1024,1024,1024,32,GFLOPS,NA,static,0,6,1.3866065,1.3860935,1.382031,1.391309,0.00403505285,1.548744327,1.543498583,1.553861212,0,0
k1-ime,IME_NATIVE_KERNELS,IME_GEMM_INT8_I8I32_8x4_NATIVE,ime_kernel_8x4_zvl256b_lmul1_unroll1,8x4,256b,1,1,INT8_IME,0-3,4,1024,1024,1024,32,GOPS,NA,static,0,6,15.868141,15.829278,14.726805,17.139136,0.9124017359,0.1357049917,0.125297081,0.145821419,0,0
k1-ime,IME_NATIVE_KERNELS,IME_GEMM_INT8_I8I32_8x4_NATIVE,ime_kernel_8x4_zvl256b_lmul1_unroll2,8x4,256b,1,2,INT8_IME,0-3,4,1024,1024,1024,32,GOPS,NA,static,0,6,15.863077,16.1017215,14.657854,16.632279,0.8674430199,0.1357205133,0.129115414,0.146507375,0,0
k1-ime,IME_NATIVE_KERNELS,IME_GEMM_INT8_I8I32_8x4_NATIVE,ime_kernel_8x4_zvl256b_lmul1_unroll4,8x4,256b,1,4,INT8_IME,0-3,4,1024,1024,1024,32,GOPS,NA,static,0,6,16.07046633,16.4959805,14.75635,16.858396,0.9675745087,0.1340468687,0.127383627,0.14552946,0,0
k1-ime,IME_NATIVE_KERNELS,IME_GEMM_INT8_I8I32_8x4_NATIVE,ime_kernel_8x4_zvl256b_lmul1_unroll8,8x4,256b,1,8,INT8_IME,0-3,4,1024,1024,1024,32,GOPS,NA,static,0,6,16.4274615,16.57863,15.330199,16.838948,0.5483209131,0.1308530893,0.12753075,0.140081916,0,0
k1-ime,IME_NATIVE_KERNELS,IME_GEMM_INT8_I8I32_8x8_NATIVE,ime_kernel_8x8_zvl256b_lmul1_unroll1,8x8,256b,1,1,INT8_IME,0-3,4,1024,1024,1024,32,GOPS,NA,static,0,6,18.52577217,19.3995275,15.521454,20.351847,2.13809862,0.1173105695,0.105517875,0.138355833,0,0
k1-ime,IME_NATIVE_KERNELS,IME_GEMM_INT8_I8I32_8x8_NATIVE,ime_kernel_8x8_zvl256b_lmul1_unroll2,8x8,256b,1,2,INT8_IME,0-3,4,1024,1024,1024,32,GOPS,NA,static,0,6,17.093581,15.818407,15.315785,20.134154,2.344514172,0.1274801312,0.106658749,0.140213747,0,0
k1-ime,IME_NATIVE_KERNELS,IME_GEMM_INT8_I8I32_8x8_NATIVE,ime_kernel_8x8_zvl256b_lmul1_unroll4,8x8,256b,1,4,INT8_IME,0-3,4,1024,1024,1024,32,GOPS,NA,static,0,6,18.74459667,19.552531,15.045157,21.228654,2.594827444,0.116547167,0.101159669,0.142735872,0,0
k1-ime,IME_NATIVE_KERNELS,IME_GEMM_INT8_I8I32_8x8_NATIVE,ime_kernel_8x8_zvl256b_lmul1_unroll8,8x8,256b,1,8,INT8_IME,0-3,4,1024,1024,1024,32,GOPS,NA,static,0,6,17.14228733,16.298687,15.087875,19.690967,1.940639895,0.1265603478,0.10905933,0.142331753,0,0
k1-mixed-rvv-ime,IME_NATIVE_KERNELS,IME_GEMM_INT8_I8I32_8x4_NATIVE,ime_kernel_8x4_zvl256b_lmul1_unroll1,8x4,256b,1,1,INT8_MIXED,0-7-mixed-rvv-ime,8,1024,1024,1024,32,NA,NA,static,0,0,NA,NA,NA,NA,NA,NA,NA,NA,0,1
k1-mixed-rvv-ime,IME_NATIVE_KERNELS,IME_GEMM_INT8_I8I32_8x4_NATIVE,ime_kernel_8x4_zvl256b_lmul1_unroll2,8x4,256b,1,2,INT8_MIXED,0-7-mixed-rvv-ime,8,1024,1024,1024,32,NA,NA,static,0,0,NA,NA,NA,NA,NA,NA,NA,NA,0,1
k1-mixed-rvv-ime,IME_NATIVE_KERNELS,IME_GEMM_INT8_I8I32_8x4_NATIVE,ime_kernel_8x4_zvl256b_lmul1_unroll4,8x4,256b,1,4,INT8_MIXED,0-7-mixed-rvv-ime,8,1024,1024,1024,32,NA,NA,static,0,0,NA,NA,NA,NA,NA,NA,NA,NA,0,1
k1-mixed-rvv-ime,IME_NATIVE_KERNELS,IME_GEMM_INT8_I8I32_8x4_NATIVE,ime_kernel_8x4_zvl256b_lmul1_unroll8,8x4,256b,1,8,INT8_MIXED,0-7-mixed-rvv-ime,8,1024,1024,1024,32,NA,NA,static,0,0,NA,NA,NA,NA,NA,NA,NA,NA,0,1
k1-mixed-rvv-ime,IME_NATIVE_KERNELS,IME_GEMM_INT8_I8I32_8x8_NATIVE,ime_kernel_8x8_zvl256b_lmul1_unroll1,8x8,256b,1,1,INT8_MIXED,0-7-mixed-rvv-ime,8,1024,1024,1024,32,GOPS,IME:26;RVV:6,static,0,6,20.7286005,20.9353675,19.433934,21.939608,0.9908211334,0.103799507,0.097881585,0.110501748,0,0
k1-mixed-rvv-ime,IME_NATIVE_KERNELS,IME_GEMM_INT8_I8I32_8x8_NATIVE,ime_kernel_8x8_zvl256b_lmul1_unroll2,8x8,256b,1,2,INT8_MIXED,0-7-mixed-rvv-ime,8,1024,1024,1024,32,GOPS,IME:26;RVV:6,static,0,6,20.57824667,20.521472,19.686069,21.818644,0.8087211623,0.104489869,0.098424248,0.109086461,0,0
k1-mixed-rvv-ime,IME_NATIVE_KERNELS,IME_GEMM_INT8_I8I32_8x8_NATIVE,ime_kernel_8x8_zvl256b_lmul1_unroll4,8x8,256b,1,4,INT8_MIXED,0-7-mixed-rvv-ime,8,1024,1024,1024,32,GOPS,IME:26;RVV:6,static,0,6,19.703406,19.679038,18.364777,20.754541,0.9643645876,0.1092100767,0.103470542,0.116934918,0,0
k1-mixed-rvv-ime,IME_NATIVE_KERNELS,IME_GEMM_INT8_I8I32_8x8_NATIVE,ime_kernel_8x8_zvl256b_lmul1_unroll8,8x8,256b,1,8,INT8_MIXED,0-7-mixed-rvv-ime,8,1024,1024,1024,32,GOPS,IME:26;RVV:6,static,0,6,19.995212,19.5345275,18.987261,22.215052,1.161048539,0.107682826,0.096667957,0.113101289,0,0
k1-mixed-rvv-ime,IME_NATIVE_KERNELS,IME_GEMM_INT8_I8I32_8x4_NATIVE,ime_kernel_8x4_zvl256b_lmul1_unroll1,8x4,256b,1,1,INT8_MIXED,0-7-mixed-rvv-ime,8,1024,1024,1024,32,NA,NA,dynamic,1,0,NA,NA,NA,NA,NA,NA,NA,NA,0,1
k1-mixed-rvv-ime,IME_NATIVE_KERNELS,IME_GEMM_INT8_I8I32_8x4_NATIVE,ime_kernel_8x4_zvl256b_lmul1_unroll2,8x4,256b,1,2,INT8_MIXED,0-7-mixed-rvv-ime,8,1024,1024,1024,32,NA,NA,dynamic,1,0,NA,NA,NA,NA,NA,NA,NA,NA,0,1
k1-mixed-rvv-ime,IME_NATIVE_KERNELS,IME_GEMM_INT8_I8I32_8x4_NATIVE,ime_kernel_8x4_zvl256b_lmul1_unroll4,8x4,256b,1,4,INT8_MIXED,0-7-mixed-rvv-ime,8,1024,1024,1024,32,NA,NA,dynamic,1,0,NA,NA,NA,NA,NA,NA,NA,NA,0,1
k1-mixed-rvv-ime,IME_NATIVE_KERNELS,IME_GEMM_INT8_I8I32_8x4_NATIVE,ime_kernel_8x4_zvl256b_lmul1_unroll8,8x4,256b,1,8,INT8_MIXED,0-7-mixed-rvv-ime,8,1024,1024,1024,32,NA,NA,dynamic,1,0,NA,NA,NA,NA,NA,NA,NA,NA,0,1
k1-mixed-rvv-ime,IME_NATIVE_KERNELS,IME_GEMM_INT8_I8I32_8x8_NATIVE,ime_kernel_8x8_zvl256b_lmul1_unroll1,8x8,256b,1,1,INT8_MIXED,0-7-mixed-rvv-ime,8,1024,1024,1024,32,GOPS,NA,dynamic,1,6,23.38089317,23.542343,22.924455,23.631627,0.3220174525,0.09186244433,0.09087329,0.093676541,0,0
k1-mixed-rvv-ime,IME_NATIVE_KERNELS,IME_GEMM_INT8_I8I32_8x8_NATIVE,ime_kernel_8x8_zvl256b_lmul1_unroll2,8x8,256b,1,2,INT8_MIXED,0-7-mixed-rvv-ime,8,1024,1024,1024,32,GOPS,NA,dynamic,1,6,20.6175075,20.6388065,19.761559,21.315107,0.7110150257,0.1042618328,0.100749373,0.10866975,0,0
k1-mixed-rvv-ime,IME_NATIVE_KERNELS,IME_GEMM_INT8_I8I32_8x8_NATIVE,ime_kernel_8x8_zvl256b_lmul1_unroll4,8x8,256b,1,4,INT8_MIXED,0-7-mixed-rvv-ime,8,1024,1024,1024,32,GOPS,NA,dynamic,1,6,21.052643,21.1308885,20.486907,21.40319,0.321749464,0.1020255205,0.100334749,0.104822248,0,0
k1-mixed-rvv-ime,IME_NATIVE_KERNELS,IME_GEMM_INT8_I8I32_8x8_NATIVE,ime_kernel_8x8_zvl256b_lmul1_unroll8,8x8,256b,1,8,INT8_MIXED,0-7-mixed-rvv-ime,8,1024,1024,1024,32,GOPS,NA,dynamic,1,6,21.89718067,22.0738765,20.934848,22.898615,0.7947109193,0.0981797775,0.09378225,0.102579374,0,0
