experiment,series,parameter_name,parameter_value,timestamp,mode,baseline,family,kernel,tile_shape,zvl,lmul,unroll,kind,core_group,requested_threads,actual_threads,M,N,K,tile_N,run,status,return_code,failure_stage,time_sec,metric_name,metric_value,timing_scope,validation_method,mismatch_count,max_error,worker_placement,static_tile_split,schedule_policy,schedule_chunk,output_strip_distribution,paired_rvv_kernel,log_file,perf_cycles,perf_instructions,perf_ipc,perf_cache_references,perf_cache_misses,perf_cache_miss_rate,perf_log_file
k1_strong_scaling,IME,cores,1,2026-09-04T11:24:08,k1-ime,"IME_NATIVE_KERNELS","IME_GEMM_INT8_I8I32_8x4_NATIVE","ime_kernel_8x4_zvl256b_lmul1_unroll4",8x4,256b,1,4,INT8_IME,0-3,1,1,1024,1024,1024,32,1,OK,0,NONE,0.246833999,GOPS,8.700113,parallel_tiles_including_required_packing,INDEPENDENT_INT64_REFERENCE_EXACT_INT32,0,0,"0:cpu0:tiles32","NA",static,0,"NA","NA","/home/bananapi/MAT/kernels riscv rvv 1.0/FINAL/riscv-rvv-ime-gemm-microkernels-updated/HETEROGENEOUS_RVV_IME_OPENMP_GEMM/results/openmp_results_k1-ime_1024_20260904_112215/raw_logs/IME_NATIVE_KERNELS_IME_GEMM_INT8_I8I32_8x4_NATIVE_ime_kernel_8x4_zvl256b_lmul1_unroll4_run1.log",164682505336,4690309010,0.02848091848,NA,NA,NA,"/home/bananapi/MAT/kernels riscv rvv 1.0/FINAL/riscv-rvv-ime-gemm-microkernels-updated/HETEROGENEOUS_RVV_IME_OPENMP_GEMM/results/openmp_results_k1-ime_1024_20260904_112215/raw_logs/IME_NATIVE_KERNELS_IME_GEMM_INT8_I8I32_8x4_NATIVE_ime_kernel_8x4_zvl256b_lmul1_unroll4_run1_perf.csv"
k1_strong_scaling,IME,cores,1,2026-09-04T11:24:09,k1-ime,"IME_NATIVE_KERNELS","IME_GEMM_INT8_I8I32_8x4_NATIVE","ime_kernel_8x4_zvl256b_lmul1_unroll4",8x4,256b,1,4,INT8_IME,0-3,1,1,1024,1024,1024,32,2,OK,0,NONE,0.298426710,GOPS,7.196017,parallel_tiles_including_required_packing,DISABLED,0,0,"0:cpu0:tiles32","NA",static,0,"NA","NA","/home/bananapi/MAT/kernels riscv rvv 1.0/FINAL/riscv-rvv-ime-gemm-microkernels-updated/HETEROGENEOUS_RVV_IME_OPENMP_GEMM/results/openmp_results_k1-ime_1024_20260904_112215/raw_logs/IME_NATIVE_KERNELS_IME_GEMM_INT8_I8I32_8x4_NATIVE_ime_kernel_8x4_zvl256b_lmul1_unroll4_run2.log",1014135490,581915284,0.5738042793,NA,NA,NA,"/home/bananapi/MAT/kernels riscv rvv 1.0/FINAL/riscv-rvv-ime-gemm-microkernels-updated/HETEROGENEOUS_RVV_IME_OPENMP_GEMM/results/openmp_results_k1-ime_1024_20260904_112215/raw_logs/IME_NATIVE_KERNELS_IME_GEMM_INT8_I8I32_8x4_NATIVE_ime_kernel_8x4_zvl256b_lmul1_unroll4_run2_perf.csv"
k1_strong_scaling,IME,cores,1,2026-09-04T11:24:10,k1-ime,"IME_NATIVE_KERNELS","IME_GEMM_INT8_I8I32_8x4_NATIVE","ime_kernel_8x4_zvl256b_lmul1_unroll4",8x4,256b,1,4,INT8_IME,0-3,1,1,1024,1024,1024,32,3,OK,0,NONE,0.230491500,GOPS,9.316975,parallel_tiles_including_required_packing,DISABLED,0,0,"0:cpu0:tiles32","NA",static,0,"NA","NA","/home/bananapi/MAT/kernels riscv rvv 1.0/FINAL/riscv-rvv-ime-gemm-microkernels-updated/HETEROGENEOUS_RVV_IME_OPENMP_GEMM/results/openmp_results_k1-ime_1024_20260904_112215/raw_logs/IME_NATIVE_KERNELS_IME_GEMM_INT8_I8I32_8x4_NATIVE_ime_kernel_8x4_zvl256b_lmul1_unroll4_run3.log",873524055,578026138,0.6617174818,NA,NA,NA,"/home/bananapi/MAT/kernels riscv rvv 1.0/FINAL/riscv-rvv-ime-gemm-microkernels-updated/HETEROGENEOUS_RVV_IME_OPENMP_GEMM/results/openmp_results_k1-ime_1024_20260904_112215/raw_logs/IME_NATIVE_KERNELS_IME_GEMM_INT8_I8I32_8x4_NATIVE_ime_kernel_8x4_zvl256b_lmul1_unroll4_run3_perf.csv"
k1_strong_scaling,IME,cores,1,2026-09-04T11:24:11,k1-ime,"IME_NATIVE_KERNELS","IME_GEMM_INT8_I8I32_8x4_NATIVE","ime_kernel_8x4_zvl256b_lmul1_unroll4",8x4,256b,1,4,INT8_IME,0-3,1,1,1024,1024,1024,32,4,OK,0,NONE,0.349581122,GOPS,6.143019,parallel_tiles_including_required_packing,DISABLED,0,0,"0:cpu0:tiles32","NA",static,0,"NA","NA","/home/bananapi/MAT/kernels riscv rvv 1.0/FINAL/riscv-rvv-ime-gemm-microkernels-updated/HETEROGENEOUS_RVV_IME_OPENMP_GEMM/results/openmp_results_k1-ime_1024_20260904_112215/raw_logs/IME_NATIVE_KERNELS_IME_GEMM_INT8_I8I32_8x4_NATIVE_ime_kernel_8x4_zvl256b_lmul1_unroll4_run4.log",1152087786,560823015,0.4867884391,NA,NA,NA,"/home/bananapi/MAT/kernels riscv rvv 1.0/FINAL/riscv-rvv-ime-gemm-microkernels-updated/HETEROGENEOUS_RVV_IME_OPENMP_GEMM/results/openmp_results_k1-ime_1024_20260904_112215/raw_logs/IME_NATIVE_KERNELS_IME_GEMM_INT8_I8I32_8x4_NATIVE_ime_kernel_8x4_zvl256b_lmul1_unroll4_run4_perf.csv"
k1_strong_scaling,IME,cores,1,2026-09-04T11:24:12,k1-ime,"IME_NATIVE_KERNELS","IME_GEMM_INT8_I8I32_8x4_NATIVE","ime_kernel_8x4_zvl256b_lmul1_unroll4",8x4,256b,1,4,INT8_IME,0-3,1,1,1024,1024,1024,32,5,OK,0,NONE,0.253207039,GOPS,8.481137,parallel_tiles_including_required_packing,DISABLED,0,0,"0:cpu0:tiles32","NA",static,0,"NA","NA","/home/bananapi/MAT/kernels riscv rvv 1.0/FINAL/riscv-rvv-ime-gemm-microkernels-updated/HETEROGENEOUS_RVV_IME_OPENMP_GEMM/results/openmp_results_k1-ime_1024_20260904_112215/raw_logs/IME_NATIVE_KERNELS_IME_GEMM_INT8_I8I32_8x4_NATIVE_ime_kernel_8x4_zvl256b_lmul1_unroll4_run5.log",937026948,568516659,0.6067239157,NA,NA,NA,"/home/bananapi/MAT/kernels riscv rvv 1.0/FINAL/riscv-rvv-ime-gemm-microkernels-updated/HETEROGENEOUS_RVV_IME_OPENMP_GEMM/results/openmp_results_k1-ime_1024_20260904_112215/raw_logs/IME_NATIVE_KERNELS_IME_GEMM_INT8_I8I32_8x4_NATIVE_ime_kernel_8x4_zvl256b_lmul1_unroll4_run5_perf.csv"
k1_strong_scaling,IME,cores,1,2026-09-04T11:24:13,k1-ime,"IME_NATIVE_KERNELS","IME_GEMM_INT8_I8I32_8x4_NATIVE","ime_kernel_8x4_zvl256b_lmul1_unroll4",8x4,256b,1,4,INT8_IME,0-3,1,1,1024,1024,1024,32,6,OK,0,NONE,0.257084582,GOPS,8.353218,parallel_tiles_including_required_packing,DISABLED,0,0,"0:cpu0:tiles32","NA",static,0,"NA","NA","/home/bananapi/MAT/kernels riscv rvv 1.0/FINAL/riscv-rvv-ime-gemm-microkernels-updated/HETEROGENEOUS_RVV_IME_OPENMP_GEMM/results/openmp_results_k1-ime_1024_20260904_112215/raw_logs/IME_NATIVE_KERNELS_IME_GEMM_INT8_I8I32_8x4_NATIVE_ime_kernel_8x4_zvl256b_lmul1_unroll4_run6.log",950087060,574275528,0.6044451632,NA,NA,NA,"/home/bananapi/MAT/kernels riscv rvv 1.0/FINAL/riscv-rvv-ime-gemm-microkernels-updated/HETEROGENEOUS_RVV_IME_OPENMP_GEMM/results/openmp_results_k1-ime_1024_20260904_112215/raw_logs/IME_NATIVE_KERNELS_IME_GEMM_INT8_I8I32_8x4_NATIVE_ime_kernel_8x4_zvl256b_lmul1_unroll4_run6_perf.csv"
k1_strong_scaling,IME,cores,2,2026-09-04T11:24:57,k1-ime,"IME_NATIVE_KERNELS","IME_GEMM_INT8_I8I32_8x4_NATIVE","ime_kernel_8x4_zvl256b_lmul1_unroll4",8x4,256b,1,4,INT8_IME,0-3,2,2,1024,1024,1024,32,1,OK,0,NONE,0.223023750,GOPS,9.628946,parallel_tiles_including_required_packing,INDEPENDENT_INT64_REFERENCE_EXACT_INT32,0,0,"0:cpu0:tiles16;1:cpu1:tiles16","NA",static,0,"NA","NA","/home/bananapi/MAT/kernels riscv rvv 1.0/FINAL/riscv-rvv-ime-gemm-microkernels-updated/HETEROGENEOUS_RVV_IME_OPENMP_GEMM/results/openmp_results_k1-ime_1024_20260904_112414/raw_logs/IME_NATIVE_KERNELS_IME_GEMM_INT8_I8I32_8x4_NATIVE_ime_kernel_8x4_zvl256b_lmul1_unroll4_run1.log",103317494085,4378628890,0.04238032415,NA,NA,NA,"/home/bananapi/MAT/kernels riscv rvv 1.0/FINAL/riscv-rvv-ime-gemm-microkernels-updated/HETEROGENEOUS_RVV_IME_OPENMP_GEMM/results/openmp_results_k1-ime_1024_20260904_112414/raw_logs/IME_NATIVE_KERNELS_IME_GEMM_INT8_I8I32_8x4_NATIVE_ime_kernel_8x4_zvl256b_lmul1_unroll4_run1_perf.csv"
k1_strong_scaling,IME,cores,2,2026-09-04T11:24:58,k1-ime,"IME_NATIVE_KERNELS","IME_GEMM_INT8_I8I32_8x4_NATIVE","ime_kernel_8x4_zvl256b_lmul1_unroll4",8x4,256b,1,4,INT8_IME,0-3,2,2,1024,1024,1024,32,2,OK,0,NONE,0.170208916,GOPS,12.616752,parallel_tiles_including_required_packing,DISABLED,0,0,"0:cpu0:tiles16;1:cpu1:tiles16","NA",static,0,"NA","NA","/home/bananapi/MAT/kernels riscv rvv 1.0/FINAL/riscv-rvv-ime-gemm-microkernels-updated/HETEROGENEOUS_RVV_IME_OPENMP_GEMM/results/openmp_results_k1-ime_1024_20260904_112414/raw_logs/IME_NATIVE_KERNELS_IME_GEMM_INT8_I8I32_8x4_NATIVE_ime_kernel_8x4_zvl256b_lmul1_unroll4_run2.log",1161467383,583310359,0.5022184588,NA,NA,NA,"/home/bananapi/MAT/kernels riscv rvv 1.0/FINAL/riscv-rvv-ime-gemm-microkernels-updated/HETEROGENEOUS_RVV_IME_OPENMP_GEMM/results/openmp_results_k1-ime_1024_20260904_112414/raw_logs/IME_NATIVE_KERNELS_IME_GEMM_INT8_I8I32_8x4_NATIVE_ime_kernel_8x4_zvl256b_lmul1_unroll4_run2_perf.csv"
k1_strong_scaling,IME,cores,2,2026-09-04T11:24:59,k1-ime,"IME_NATIVE_KERNELS","IME_GEMM_INT8_I8I32_8x4_NATIVE","ime_kernel_8x4_zvl256b_lmul1_unroll4",8x4,256b,1,4,INT8_IME,0-3,2,2,1024,1024,1024,32,3,OK,0,NONE,0.198739458,GOPS,10.805522,parallel_tiles_including_required_packing,DISABLED,0,0,"0:cpu0:tiles16;1:cpu1:tiles16","NA",static,0,"NA","NA","/home/bananapi/MAT/kernels riscv rvv 1.0/FINAL/riscv-rvv-ime-gemm-microkernels-updated/HETEROGENEOUS_RVV_IME_OPENMP_GEMM/results/openmp_results_k1-ime_1024_20260904_112414/raw_logs/IME_NATIVE_KERNELS_IME_GEMM_INT8_I8I32_8x4_NATIVE_ime_kernel_8x4_zvl256b_lmul1_unroll4_run3.log",1307055612,587454415,0.4494486766,NA,NA,NA,"/home/bananapi/MAT/kernels riscv rvv 1.0/FINAL/riscv-rvv-ime-gemm-microkernels-updated/HETEROGENEOUS_RVV_IME_OPENMP_GEMM/results/openmp_results_k1-ime_1024_20260904_112414/raw_logs/IME_NATIVE_KERNELS_IME_GEMM_INT8_I8I32_8x4_NATIVE_ime_kernel_8x4_zvl256b_lmul1_unroll4_run3_perf.csv"
k1_strong_scaling,IME,cores,2,2026-09-04T11:25:00,k1-ime,"IME_NATIVE_KERNELS","IME_GEMM_INT8_I8I32_8x4_NATIVE","ime_kernel_8x4_zvl256b_lmul1_unroll4",8x4,256b,1,4,INT8_IME,0-3,2,2,1024,1024,1024,32,4,OK,0,NONE,0.218209211,GOPS,9.841398,parallel_tiles_including_required_packing,DISABLED,0,0,"0:cpu0:tiles16;1:cpu1:tiles16","NA",static,0,"NA","NA","/home/bananapi/MAT/kernels riscv rvv 1.0/FINAL/riscv-rvv-ime-gemm-microkernels-updated/HETEROGENEOUS_RVV_IME_OPENMP_GEMM/results/openmp_results_k1-ime_1024_20260904_112414/raw_logs/IME_NATIVE_KERNELS_IME_GEMM_INT8_I8I32_8x4_NATIVE_ime_kernel_8x4_zvl256b_lmul1_unroll4_run4.log",1433608890,577021570,0.402495809,NA,NA,NA,"/home/bananapi/MAT/kernels riscv rvv 1.0/FINAL/riscv-rvv-ime-gemm-microkernels-updated/HETEROGENEOUS_RVV_IME_OPENMP_GEMM/results/openmp_results_k1-ime_1024_20260904_112414/raw_logs/IME_NATIVE_KERNELS_IME_GEMM_INT8_I8I32_8x4_NATIVE_ime_kernel_8x4_zvl256b_lmul1_unroll4_run4_perf.csv"
k1_strong_scaling,IME,cores,2,2026-09-04T11:25:00,k1-ime,"IME_NATIVE_KERNELS","IME_GEMM_INT8_I8I32_8x4_NATIVE","ime_kernel_8x4_zvl256b_lmul1_unroll4",8x4,256b,1,4,INT8_IME,0-3,2,2,1024,1024,1024,32,5,OK,0,NONE,0.166591875,GOPS,12.890687,parallel_tiles_including_required_packing,DISABLED,0,0,"0:cpu0:tiles16;1:cpu1:tiles16","NA",static,0,"NA","NA","/home/bananapi/MAT/kernels riscv rvv 1.0/FINAL/riscv-rvv-ime-gemm-microkernels-updated/HETEROGENEOUS_RVV_IME_OPENMP_GEMM/results/openmp_results_k1-ime_1024_20260904_112414/raw_logs/IME_NATIVE_KERNELS_IME_GEMM_INT8_I8I32_8x4_NATIVE_ime_kernel_8x4_zvl256b_lmul1_unroll4_run5.log",1162199473,574145236,0.494016087,NA,NA,NA,"/home/bananapi/MAT/kernels riscv rvv 1.0/FINAL/riscv-rvv-ime-gemm-microkernels-updated/HETEROGENEOUS_RVV_IME_OPENMP_GEMM/results/openmp_results_k1-ime_1024_20260904_112414/raw_logs/IME_NATIVE_KERNELS_IME_GEMM_INT8_I8I32_8x4_NATIVE_ime_kernel_8x4_zvl256b_lmul1_unroll4_run5_perf.csv"
k1_strong_scaling,IME,cores,2,2026-09-04T11:25:01,k1-ime,"IME_NATIVE_KERNELS","IME_GEMM_INT8_I8I32_8x4_NATIVE","ime_kernel_8x4_zvl256b_lmul1_unroll4",8x4,256b,1,4,INT8_IME,0-3,2,2,1024,1024,1024,32,6,OK,0,NONE,0.192909084,GOPS,11.132102,parallel_tiles_including_required_packing,DISABLED,0,0,"0:cpu0:tiles16;1:cpu1:tiles16","NA",static,0,"NA","NA","/home/bananapi/MAT/kernels riscv rvv 1.0/FINAL/riscv-rvv-ime-gemm-microkernels-updated/HETEROGENEOUS_RVV_IME_OPENMP_GEMM/results/openmp_results_k1-ime_1024_20260904_112414/raw_logs/IME_NATIVE_KERNELS_IME_GEMM_INT8_I8I32_8x4_NATIVE_ime_kernel_8x4_zvl256b_lmul1_unroll4_run6.log",1278173414,584948223,0.4576438663,NA,NA,NA,"/home/bananapi/MAT/kernels riscv rvv 1.0/FINAL/riscv-rvv-ime-gemm-microkernels-updated/HETEROGENEOUS_RVV_IME_OPENMP_GEMM/results/openmp_results_k1-ime_1024_20260904_112414/raw_logs/IME_NATIVE_KERNELS_IME_GEMM_INT8_I8I32_8x4_NATIVE_ime_kernel_8x4_zvl256b_lmul1_unroll4_run6_perf.csv"
k1_strong_scaling,IME,cores,4,2026-09-04T11:25:44,k1-ime,"IME_NATIVE_KERNELS","IME_GEMM_INT8_I8I32_8x4_NATIVE","ime_kernel_8x4_zvl256b_lmul1_unroll4",8x4,256b,1,4,INT8_IME,0-3,4,4,1024,1024,1024,32,1,OK,0,NONE,0.142081957,GOPS,15.114401,parallel_tiles_including_required_packing,INDEPENDENT_INT64_REFERENCE_EXACT_INT32,0,0,"0:cpu0:tiles8;1:cpu1:tiles8;2:cpu2:tiles8;3:cpu3:tiles8","NA",static,0,"NA","NA","/home/bananapi/MAT/kernels riscv rvv 1.0/FINAL/riscv-rvv-ime-gemm-microkernels-updated/HETEROGENEOUS_RVV_IME_OPENMP_GEMM/results/openmp_results_k1-ime_1024_20260904_112502/raw_logs/IME_NATIVE_KERNELS_IME_GEMM_INT8_I8I32_8x4_NATIVE_ime_kernel_8x4_zvl256b_lmul1_unroll4_run1.log",201302398857,4495149763,0.02233033381,NA,NA,NA,"/home/bananapi/MAT/kernels riscv rvv 1.0/FINAL/riscv-rvv-ime-gemm-microkernels-updated/HETEROGENEOUS_RVV_IME_OPENMP_GEMM/results/openmp_results_k1-ime_1024_20260904_112502/raw_logs/IME_NATIVE_KERNELS_IME_GEMM_INT8_I8I32_8x4_NATIVE_ime_kernel_8x4_zvl256b_lmul1_unroll4_run1_perf.csv"
k1_strong_scaling,IME,cores,4,2026-09-04T11:25:45,k1-ime,"IME_NATIVE_KERNELS","IME_GEMM_INT8_I8I32_8x4_NATIVE","ime_kernel_8x4_zvl256b_lmul1_unroll4",8x4,256b,1,4,INT8_IME,0-3,4,4,1024,1024,1024,32,2,OK,0,NONE,0.132668667,GOPS,16.186819,parallel_tiles_including_required_packing,DISABLED,0,0,"0:cpu0:tiles8;1:cpu1:tiles8;2:cpu2:tiles8;3:cpu3:tiles8","NA",static,0,"NA","NA","/home/bananapi/MAT/kernels riscv rvv 1.0/FINAL/riscv-rvv-ime-gemm-microkernels-updated/HETEROGENEOUS_RVV_IME_OPENMP_GEMM/results/openmp_results_k1-ime_1024_20260904_112502/raw_logs/IME_NATIVE_KERNELS_IME_GEMM_INT8_I8I32_8x4_NATIVE_ime_kernel_8x4_zvl256b_lmul1_unroll4_run2.log",1759937015,632876875,0.3596020026,NA,NA,NA,"/home/bananapi/MAT/kernels riscv rvv 1.0/FINAL/riscv-rvv-ime-gemm-microkernels-updated/HETEROGENEOUS_RVV_IME_OPENMP_GEMM/results/openmp_results_k1-ime_1024_20260904_112502/raw_logs/IME_NATIVE_KERNELS_IME_GEMM_INT8_I8I32_8x4_NATIVE_ime_kernel_8x4_zvl256b_lmul1_unroll4_run2_perf.csv"
k1_strong_scaling,IME,cores,4,2026-09-04T11:25:45,k1-ime,"IME_NATIVE_KERNELS","IME_GEMM_INT8_I8I32_8x4_NATIVE","ime_kernel_8x4_zvl256b_lmul1_unroll4",8x4,256b,1,4,INT8_IME,0-3,4,4,1024,1024,1024,32,3,OK,0,NONE,0.143980581,GOPS,14.915092,parallel_tiles_including_required_packing,DISABLED,0,0,"0:cpu0:tiles8;1:cpu1:tiles8;2:cpu2:tiles8;3:cpu3:tiles8","NA",static,0,"NA","NA","/home/bananapi/MAT/kernels riscv rvv 1.0/FINAL/riscv-rvv-ime-gemm-microkernels-updated/HETEROGENEOUS_RVV_IME_OPENMP_GEMM/results/openmp_results_k1-ime_1024_20260904_112502/raw_logs/IME_NATIVE_KERNELS_IME_GEMM_INT8_I8I32_8x4_NATIVE_ime_kernel_8x4_zvl256b_lmul1_unroll4_run3.log",1841051351,571806501,0.3105869376,NA,NA,NA,"/home/bananapi/MAT/kernels riscv rvv 1.0/FINAL/riscv-rvv-ime-gemm-microkernels-updated/HETEROGENEOUS_RVV_IME_OPENMP_GEMM/results/openmp_results_k1-ime_1024_20260904_112502/raw_logs/IME_NATIVE_KERNELS_IME_GEMM_INT8_I8I32_8x4_NATIVE_ime_kernel_8x4_zvl256b_lmul1_unroll4_run3_perf.csv"
k1_strong_scaling,IME,cores,4,2026-09-04T11:25:46,k1-ime,"IME_NATIVE_KERNELS","IME_GEMM_INT8_I8I32_8x4_NATIVE","ime_kernel_8x4_zvl256b_lmul1_unroll4",8x4,256b,1,4,INT8_IME,0-3,4,4,1024,1024,1024,32,4,OK,0,NONE,0.133078460,GOPS,16.136974,parallel_tiles_including_required_packing,DISABLED,0,0,"0:cpu0:tiles8;1:cpu1:tiles8;2:cpu2:tiles8;3:cpu3:tiles8","NA",static,0,"NA","NA","/home/bananapi/MAT/kernels riscv rvv 1.0/FINAL/riscv-rvv-ime-gemm-microkernels-updated/HETEROGENEOUS_RVV_IME_OPENMP_GEMM/results/openmp_results_k1-ime_1024_20260904_112502/raw_logs/IME_NATIVE_KERNELS_IME_GEMM_INT8_I8I32_8x4_NATIVE_ime_kernel_8x4_zvl256b_lmul1_unroll4_run4.log",1773404958,577148963,0.3254467968,NA,NA,NA,"/home/bananapi/MAT/kernels riscv rvv 1.0/FINAL/riscv-rvv-ime-gemm-microkernels-updated/HETEROGENEOUS_RVV_IME_OPENMP_GEMM/results/openmp_results_k1-ime_1024_20260904_112502/raw_logs/IME_NATIVE_KERNELS_IME_GEMM_INT8_I8I32_8x4_NATIVE_ime_kernel_8x4_zvl256b_lmul1_unroll4_run4_perf.csv"
k1_strong_scaling,IME,cores,4,2026-09-04T11:25:47,k1-ime,"IME_NATIVE_KERNELS","IME_GEMM_INT8_I8I32_8x4_NATIVE","ime_kernel_8x4_zvl256b_lmul1_unroll4",8x4,256b,1,4,INT8_IME,0-3,4,4,1024,1024,1024,32,5,OK,0,NONE,0.140647415,GOPS,15.268561,parallel_tiles_including_required_packing,DISABLED,0,0,"0:cpu0:tiles8;1:cpu1:tiles8;2:cpu2:tiles8;3:cpu3:tiles8","NA",static,0,"NA","NA","/home/bananapi/MAT/kernels riscv rvv 1.0/FINAL/riscv-rvv-ime-gemm-microkernels-updated/HETEROGENEOUS_RVV_IME_OPENMP_GEMM/results/openmp_results_k1-ime_1024_20260904_112502/raw_logs/IME_NATIVE_KERNELS_IME_GEMM_INT8_I8I32_8x4_NATIVE_ime_kernel_8x4_zvl256b_lmul1_unroll4_run5.log",1773838753,639909826,0.3607485883,NA,NA,NA,"/home/bananapi/MAT/kernels riscv rvv 1.0/FINAL/riscv-rvv-ime-gemm-microkernels-updated/HETEROGENEOUS_RVV_IME_OPENMP_GEMM/results/openmp_results_k1-ime_1024_20260904_112502/raw_logs/IME_NATIVE_KERNELS_IME_GEMM_INT8_I8I32_8x4_NATIVE_ime_kernel_8x4_zvl256b_lmul1_unroll4_run5_perf.csv"
k1_strong_scaling,IME,cores,4,2026-09-04T11:25:47,k1-ime,"IME_NATIVE_KERNELS","IME_GEMM_INT8_I8I32_8x4_NATIVE","ime_kernel_8x4_zvl256b_lmul1_unroll4",8x4,256b,1,4,INT8_IME,0-3,4,4,1024,1024,1024,32,6,OK,0,NONE,0.145932499,GOPS,14.715596,parallel_tiles_including_required_packing,DISABLED,0,0,"0:cpu0:tiles8;1:cpu1:tiles8;2:cpu2:tiles8;3:cpu3:tiles8","NA",static,0,"NA","NA","/home/bananapi/MAT/kernels riscv rvv 1.0/FINAL/riscv-rvv-ime-gemm-microkernels-updated/HETEROGENEOUS_RVV_IME_OPENMP_GEMM/results/openmp_results_k1-ime_1024_20260904_112502/raw_logs/IME_NATIVE_KERNELS_IME_GEMM_INT8_I8I32_8x4_NATIVE_ime_kernel_8x4_zvl256b_lmul1_unroll4_run6.log",1814204219,589635997,0.3250108179,NA,NA,NA,"/home/bananapi/MAT/kernels riscv rvv 1.0/FINAL/riscv-rvv-ime-gemm-microkernels-updated/HETEROGENEOUS_RVV_IME_OPENMP_GEMM/results/openmp_results_k1-ime_1024_20260904_112502/raw_logs/IME_NATIVE_KERNELS_IME_GEMM_INT8_I8I32_8x4_NATIVE_ime_kernel_8x4_zvl256b_lmul1_unroll4_run6_perf.csv"
k1_strong_scaling,HET_STATIC,cores,8,2026-09-04T11:26:06,k1-mixed-rvv-ime,"IME_NATIVE_KERNELS","IME_GEMM_INT8_I8I32_8x4_NATIVE","ime_kernel_8x4_zvl256b_lmul1_unroll4",8x4,256b,1,4,INT8_MIXED,0-7-mixed-rvv-ime,8,NA,1024,1024,1024,32,0,BUILD_FAILED,NA,BUILD,NA,NA,NA,NA,NA,NA,NA,NA,NA,static,0,NA,"igemm_kernel_8x4_zvl256b_lmul1_unroll4","/home/bananapi/MAT/kernels riscv rvv 1.0/FINAL/riscv-rvv-ime-gemm-microkernels-updated/HETEROGENEOUS_RVV_IME_OPENMP_GEMM/results/openmp_results_k1-mixed-rvv-ime-static_1024_20260904_112548/raw_logs/IME_NATIVE_KERNELS_IME_GEMM_INT8_I8I32_8x4_NATIVE_ime_kernel_8x4_zvl256b_lmul1_unroll4_build.log",NA,NA,NA,NA,NA,NA,NA
k1_strong_scaling,HET_DYNAMIC,cores,8,2026-09-04T11:26:24,k1-mixed-rvv-ime,"IME_NATIVE_KERNELS","IME_GEMM_INT8_I8I32_8x4_NATIVE","ime_kernel_8x4_zvl256b_lmul1_unroll4",8x4,256b,1,4,INT8_MIXED,0-7-mixed-rvv-ime,8,NA,1024,1024,1024,32,0,BUILD_FAILED,NA,BUILD,NA,NA,NA,NA,NA,NA,NA,NA,NA,dynamic,1,NA,"igemm_kernel_8x4_zvl256b_lmul1_unroll4","/home/bananapi/MAT/kernels riscv rvv 1.0/FINAL/riscv-rvv-ime-gemm-microkernels-updated/HETEROGENEOUS_RVV_IME_OPENMP_GEMM/results/openmp_results_k1-mixed-rvv-ime-dynamic_1024_20260904_112607/raw_logs/IME_NATIVE_KERNELS_IME_GEMM_INT8_I8I32_8x4_NATIVE_ime_kernel_8x4_zvl256b_lmul1_unroll4_build.log",NA,NA,NA,NA,NA,NA,NA
