Tile,LMUL,Unroll,Mean_GFLOPS,Median_GFLOPS,Std_GFLOPS,Min_GFLOPS,Max_GFLOPS,Samples
8x4,1,1,4.747791666666667,4.7896,0.16220944279952804,4.4808,4.9799,48
8x4,1,2,4.682547916666667,4.77135,0.13916617648127885,4.4842,4.8369,48
8x4,1,4,4.5761625,4.489850000000001,0.1293326119788687,4.3966,4.7485,48
8x4,1,8,4.6835812500000005,4.7481,0.1319031876701741,4.4161,4.835,48
8x4,2,1,2.8029875,2.83935,0.05886021531398352,2.7207,2.8677,48
8x4,2,2,2.8269749999999996,2.8019499999999997,0.07660311781888814,2.7353,2.9464,48
8x4,2,4,2.8193104166666667,2.81965,0.06587204953894313,2.7097,2.9169,48
8x4,2,8,2.8554145833333333,2.8843,0.05240049126610442,2.7445,2.9138,48
8x4,4,1,0.6595979166666667,0.65935,0.009615423992008877,0.6456,0.6743,48
8x4,4,2,0.7550979166666667,0.75715,0.008351620802901727,0.7177,0.7678,48
8x4,4,4,0.59963125,0.60405,0.012486761606819103,0.5794,0.6157,48
8x4,4,8,0.6274020833333334,0.6262,0.013630386728772105,0.6117,0.6427,48
8x4,8,1,0.2725458333333333,0.2727,0.0005805200651995553,0.271,0.2733,48
8x4,8,2,0.2720708333333333,0.27085000000000004,0.0030349004213278165,0.2684,0.2762,48
8x4,8,4,0.26423958333333336,0.2632,0.0018652179820512432,0.2599,0.2668,48
8x4,8,8,0.26774166666666666,0.2652,0.00537626119130788,0.2612,0.2738,48
8x4,mf2,1,5.38325,5.4529,0.154938461359698,5.049,5.6021,48
8x4,mf2,2,5.316220833333333,5.309,0.1325278629208009,5.1448,5.478,48
8x4,mf2,4,5.2810625,5.22325,0.148293493673719,5.063,5.4743,48
8x4,mf2,8,5.297827083333334,5.23745,0.1583418490664426,5.0222,5.5284,48
8x8,1,1,6.9914,6.99695,0.0486955587996332,6.8914,7.1108,48
8x8,1,2,7.442127083333333,7.4478,0.08623127916368635,7.2731,7.5925,48
8x8,1,4,7.873431249999999,7.84525,0.07201366937691535,7.6042,7.9663,48
8x8,1,8,7.79881875,7.786,0.0717595413071807,7.6374,7.8944,48
8x8,2,1,5.295795833333334,5.272,0.34464555641519246,4.9215,5.6776,48
8x8,2,2,5.411033333333333,5.36575,0.20819713073965943,5.1452,5.6786,48
8x8,2,4,5.665356249999999,5.6572,0.04820388836726151,5.5357,5.727,48
8x8,2,8,5.529139583333333,5.53205,0.04479310233556025,5.3778,5.591,48
8x8,4,1,1.7971583333333332,1.79365,0.008540587286930097,1.7841,1.8094,48
8x8,4,2,1.5576041666666667,1.5616,0.013822275551385944,1.5044,1.5677,48
8x8,4,4,1.55193125,1.55015,0.012681585850391537,1.5087,1.5686,48
8x8,4,8,1.7937729166666667,1.7944499999999999,0.007816342388440731,1.768,1.802,48
8x8,8,1,0.54366875,0.5437,0.002648255648294444,0.5301,0.5465,48
8x8,8,2,0.5493833333333333,0.5465500000000001,0.00877611200042324,0.5379,0.5602,48
8x8,8,4,0.43857083333333335,0.43935,0.0017359721457385793,0.4331,0.4397,48
8x8,8,8,0.43985625,0.4401,0.0007648963912594537,0.4381,0.4409,48
