"source_dataset","mode","kernel","paired_rvv_kernel","tile_shape","lmul","unroll","kind","core_group","requested_threads","actual_threads","M","N","K","tile_N","schedule_policy","timing_scope","n_runs","all_runs_ok","validation_passed_on_run1","validation_method_run1","max_mismatch_count","max_error","time_mean_s","time_median_s","time_sd_s","time_min_s","time_max_s","time_cv_percent","gops_mean","gops_median","gops_sd","gops_min","gops_max","gops_cv_percent"
"HETERO_RVV_IME_8CORE_STATIC","k1-mixed-rvv-ime","ime_kernel_8x4_zvl256b_lmul1_unroll1","igemm_kernel_8x4_zvl256b_lmul1_unroll1","8x4","1","1","INT8_MIXED","0-7-mixed-rvv-ime","8","8","1024","1024","1024","32","static","parallel_tiles_including_required_packing","6","yes","yes","INDEPENDENT_INT64_REFERENCE_EXACT_INT32","0","0","0.161446840","0.162107706","0.003559560","0.154896624","0.164867874","2.2048","13.307003333","13.247458500","0.300076977","13.025483000","13.863980000","2.2550"
"HETERO_RVV_IME_8CORE_STATIC","k1-mixed-rvv-ime","ime_kernel_8x4_zvl256b_lmul1_unroll2","igemm_kernel_8x4_zvl256b_lmul1_unroll2","8x4","1","2","INT8_MIXED","0-7-mixed-rvv-ime","8","8","1024","1024","1024","32","static","parallel_tiles_including_required_packing","6","yes","yes","INDEPENDENT_INT64_REFERENCE_EXACT_INT32","0","0","0.237945819","0.236981875","0.002056909","0.236706290","0.241957080","0.8644","9.025650500","9.061813500","0.077122563","8.875473000","9.072356000","0.8545"
"HETERO_RVV_IME_8CORE_STATIC","k1-mixed-rvv-ime","ime_kernel_8x4_zvl256b_lmul1_unroll4","igemm_kernel_8x4_zvl256b_lmul1_unroll4","8x4","1","4","INT8_MIXED","0-7-mixed-rvv-ime","8","8","1024","1024","1024","32","static","parallel_tiles_including_required_packing","6","yes","yes","INDEPENDENT_INT64_REFERENCE_EXACT_INT32","0","0","0.241506375","0.241153730","0.001659822","0.239169959","0.243949752","0.6873","8.892386667","8.905052500","0.061060888","8.802975000","8.978902000","0.6867"
"HETERO_RVV_IME_8CORE_STATIC","k1-mixed-rvv-ime","ime_kernel_8x4_zvl256b_lmul1_unroll8","igemm_kernel_8x4_zvl256b_lmul1_unroll8","8x4","1","8","INT8_MIXED","0-7-mixed-rvv-ime","8","8","1024","1024","1024","32","static","parallel_tiles_including_required_packing","6","yes","yes","INDEPENDENT_INT64_REFERENCE_EXACT_INT32","0","0","0.225791167","0.225749584","0.001582894","0.223463543","0.227982249","0.7010","9.511318333","9.512697000","0.066716717","9.419521000","9.609996000","0.7014"
"RVV_8CORE","k1-rvv","igemm_kernel_8x4_zvl256b_lmul1_unroll1_i8i32","NA","8x4","1","1","INT8_RVV","0-7","8","8","1024","1024","1024","32","static","parallel_tiles_including_required_packing","6","yes","yes","INDEPENDENT_INT64_REFERENCE_EXACT_INT32","0","0","0.308511869","0.308549667","0.001649676","0.306433208","0.310502168","0.5347","6.960947333","6.959992000","0.037229457","6.916163000","7.007999000","0.5348"
"RVV_8CORE","k1-rvv","igemm_kernel_8x4_zvl256b_lmul1_unroll2_i8i32","NA","8x4","1","2","INT8_RVV","0-7","8","8","1024","1024","1024","32","static","parallel_tiles_including_required_packing","6","yes","yes","INDEPENDENT_INT64_REFERENCE_EXACT_INT32","0","0","0.464742987","0.463279127","0.004158626","0.460496709","0.471794624","0.8948","4.621104667","4.635406500","0.041080090","4.551734000","4.663407000","0.8890"
"RVV_8CORE","k1-rvv","igemm_kernel_8x4_zvl256b_lmul1_unroll4_i8i32","NA","8x4","1","4","INT8_RVV","0-7","8","8","1024","1024","1024","32","static","parallel_tiles_including_required_packing","6","yes","yes","INDEPENDENT_INT64_REFERENCE_EXACT_INT32","0","0","0.472291834","0.473551895","0.002888290","0.468126792","0.474875417","0.6115","4.547084333","4.534847000","0.027905770","4.522204000","4.587397000","0.6137"
"RVV_8CORE","k1-rvv","igemm_kernel_8x4_zvl256b_lmul1_unroll8_i8i32","NA","8x4","1","8","INT8_RVV","0-7","8","8","1024","1024","1024","32","static","parallel_tiles_including_required_packing","6","yes","yes","INDEPENDENT_INT64_REFERENCE_EXACT_INT32","0","0","0.437325480","0.436406793","0.003990246","0.433285128","0.445015747","0.9124","4.910829833","4.920833000","0.044322961","4.825635000","4.956283000","0.9026"
"RVV_8CORE","k1-rvv","igemm_kernel_8x4_zvl256b_lmul2_unroll1_i8i32","NA","8x4","2","1","INT8_RVV","0-7","8","8","1024","1024","1024","32","static","parallel_tiles_including_required_packing","6","yes","yes","INDEPENDENT_INT64_REFERENCE_EXACT_INT32","0","0","1.030910854","1.030568166","0.003402500","1.026578750","1.034854956","0.3300","2.083112167","2.083787000","0.006873740","2.075154000","2.091884000","0.3300"
"RVV_8CORE","k1-rvv","igemm_kernel_8x4_zvl256b_lmul2_unroll2_i8i32","NA","8x4","2","2","INT8_RVV","0-7","8","8","1024","1024","1024","32","static","parallel_tiles_including_required_packing","6","yes","yes","INDEPENDENT_INT64_REFERENCE_EXACT_INT32","0","0","1.080489779","1.078246582","0.004902311","1.076813504","1.089470003","0.4537","1.987543500","1.991644500","0.008974177","1.971127000","1.994295000","0.4515"
"RVV_8CORE","k1-rvv","igemm_kernel_8x4_zvl256b_lmul2_unroll4_i8i32","NA","8x4","2","4","INT8_RVV","0-7","8","8","1024","1024","1024","32","static","parallel_tiles_including_required_packing","6","yes","yes","INDEPENDENT_INT64_REFERENCE_EXACT_INT32","0","0","1.244259021","1.241671270","0.006978568","1.239792999","1.258200292","0.5609","1.725958667","1.729511000","0.009600431","1.706790000","1.732131000","0.5562"
"RVV_8CORE","k1-rvv","igemm_kernel_8x4_zvl256b_lmul2_unroll8_i8i32","NA","8x4","2","8","INT8_RVV","0-7","8","8","1024","1024","1024","32","static","parallel_tiles_including_required_packing","6","yes","yes","INDEPENDENT_INT64_REFERENCE_EXACT_INT32","0","0","1.275654723","1.274384042","0.004828549","1.269455545","1.282873999","0.3785","1.683456333","1.685115000","0.006364320","1.673963000","1.691657000","0.3781"
"RVV_8CORE","k1-rvv","igemm_kernel_8x4_zvl256b_lmulmf2_unroll1_i8i32","NA","8x4","mf2","1","INT8_RVV","0-7","8","8","1024","1024","1024","32","static","parallel_tiles_including_required_packing","6","yes","yes","INDEPENDENT_INT64_REFERENCE_EXACT_INT32","0","0","0.124775624","0.124631602","0.001745043","0.122810334","0.127286039","1.3985","17.213559333","17.231469500","0.239984659","16.871321000","17.486180000","1.3942"
"RVV_8CORE","k1-rvv","igemm_kernel_8x4_zvl256b_lmulmf2_unroll2_i8i32","NA","8x4","mf2","2","INT8_RVV","0-7","8","8","1024","1024","1024","32","static","parallel_tiles_including_required_packing","6","yes","yes","INDEPENDENT_INT64_REFERENCE_EXACT_INT32","0","0","0.120118979","0.120304853","0.002182808","0.116118126","0.122091334","1.8172","17.882979667","17.850362500","0.330772770","17.589157000","18.493957000","1.8497"
"RVV_8CORE","k1-rvv","igemm_kernel_8x4_zvl256b_lmulmf2_unroll4_i8i32","NA","8x4","mf2","4","INT8_RVV","0-7","8","8","1024","1024","1024","32","static","parallel_tiles_including_required_packing","6","yes","yes","INDEPENDENT_INT64_REFERENCE_EXACT_INT32","0","0","0.120050653","0.120520333","0.002309019","0.115826417","0.122131042","1.9234","17.893768833","17.818442500","0.350846017","17.583438000","18.540534000","1.9607"
"RVV_8CORE","k1-rvv","igemm_kernel_8x4_zvl256b_lmulmf2_unroll8_i8i32","NA","8x4","mf2","8","INT8_RVV","0-7","8","8","1024","1024","1024","32","static","parallel_tiles_including_required_packing","6","yes","yes","INDEPENDENT_INT64_REFERENCE_EXACT_INT32","0","0","0.119021215","0.119148103","0.002210416","0.116437793","0.122639459","1.8572","18.048013500","18.023733500","0.332760318","17.510544000","18.443184000","1.8438"
"RVV_8CORE","k1-rvv","igemm_kernel_8x4_zvl256b_lmulmf4_unroll1_i8i32","NA","8x4","mf4","1","INT8_RVV","0-7","8","8","1024","1024","1024","32","static","parallel_tiles_including_required_packing","6","yes","yes","INDEPENDENT_INT64_REFERENCE_EXACT_INT32","0","0","0.099048756","0.099736063","0.001712696","0.096498206","0.100843955","1.7291","21.686531500","21.531687500","0.378613887","21.295115000","22.254130000","1.7458"
"RVV_8CORE","k1-rvv","igemm_kernel_8x4_zvl256b_lmulmf4_unroll2_i8i32","NA","8x4","mf4","2","INT8_RVV","0-7","8","8","1024","1024","1024","32","static","parallel_tiles_including_required_packing","6","yes","yes","INDEPENDENT_INT64_REFERENCE_EXACT_INT32","0","0","0.098337063","0.097520625","0.002317044","0.095849127","0.101895250","2.3562","21.847970167","22.020825000","0.508405540","21.075405000","22.404833000","2.3270"
"RVV_8CORE","k1-rvv","igemm_kernel_8x4_zvl256b_lmulmf4_unroll4_i8i32","NA","8x4","mf4","4","INT8_RVV","0-7","8","8","1024","1024","1024","32","static","parallel_tiles_including_required_packing","6","yes","yes","INDEPENDENT_INT64_REFERENCE_EXACT_INT32","0","0","0.100783229","0.096123853","0.007975853","0.094899457","0.111319460","7.9139","21.414408167","22.341661000","1.614421672","19.291179000","22.629040000","7.5390"
"RVV_8CORE","k1-rvv","igemm_kernel_8x4_zvl256b_lmulmf4_unroll8_i8i32","NA","8x4","mf4","8","INT8_RVV","0-7","8","8","1024","1024","1024","32","static","parallel_tiles_including_required_packing","6","yes","yes","INDEPENDENT_INT64_REFERENCE_EXACT_INT32","0","0","0.096595521","0.096352813","0.001098946","0.095490292","0.098150749","1.1377","22.234099167","22.287960500","0.251958629","21.879442000","22.489026000","1.1332"
"RVV_8CORE","k1-rvv","igemm_kernel_8x4_zvl256b_lmulmf8_unroll1_i8i32","NA","8x4","mf8","1","INT8_RVV","0-7","8","8","1024","1024","1024","32","static","parallel_tiles_including_required_packing","6","yes","yes","INDEPENDENT_INT64_REFERENCE_EXACT_INT32","0","0","0.096594015","0.096724418","0.001591770","0.094248626","0.098889709","1.6479","22.237095833","22.202269000","0.366978182","21.715947000","22.785304000","1.6503"
"RVV_8CORE","k1-rvv","igemm_kernel_8x4_zvl256b_lmulmf8_unroll2_i8i32","NA","8x4","mf8","2","INT8_RVV","0-7","8","8","1024","1024","1024","32","static","parallel_tiles_including_required_packing","6","yes","yes","INDEPENDENT_INT64_REFERENCE_EXACT_INT32","0","0","0.107875771","0.112873647","0.010442090","0.088856168","0.115720708","9.6797","20.082428500","19.025555000","2.179001763","18.557471000","24.168088000","10.8503"
"RVV_8CORE","k1-rvv","igemm_kernel_8x4_zvl256b_lmulmf8_unroll4_i8i32","NA","8x4","mf8","4","INT8_RVV","0-7","8","8","1024","1024","1024","32","static","parallel_tiles_including_required_packing","6","yes","yes","INDEPENDENT_INT64_REFERENCE_EXACT_INT32","0","0","0.095738839","0.093876521","0.005187266","0.091677498","0.105993874","5.4181","22.481784000","22.875743000","1.133234470","20.260451000","23.424327000","5.0407"
"RVV_8CORE","k1-rvv","igemm_kernel_8x4_zvl256b_lmulmf8_unroll8_i8i32","NA","8x4","mf8","8","INT8_RVV","0-7","8","8","1024","1024","1024","32","static","parallel_tiles_including_required_packing","6","yes","yes","INDEPENDENT_INT64_REFERENCE_EXACT_INT32","0","0","0.094579166","0.093117541","0.003433437","0.092338081","0.101228874","3.6302","22.729509500","23.062258000","0.788095201","21.214141000","23.256750000","3.4673"
"HETERO_RVV_IME_8CORE_STATIC","k1-mixed-rvv-ime","ime_kernel_8x8_zvl256b_lmul1_unroll1","igemm_kernel_8x8_zvl256b_lmul1_unroll1","8x8","1","1","INT8_MIXED","0-7-mixed-rvv-ime","8","8","1024","1024","1024","32","static","parallel_tiles_including_required_packing","6","yes","yes","INDEPENDENT_INT64_REFERENCE_EXACT_INT32","0","0","0.101655257","0.101545020","0.004433531","0.094777919","0.106661625","4.3613","21.159202000","21.150946500","0.937308881","20.133611000","22.658059000","4.4298"
"HETERO_RVV_IME_8CORE_STATIC","k1-mixed-rvv-ime","ime_kernel_8x8_zvl256b_lmul1_unroll2","igemm_kernel_8x8_zvl256b_lmul1_unroll2","8x8","1","2","INT8_MIXED","0-7-mixed-rvv-ime","8","8","1024","1024","1024","32","static","parallel_tiles_including_required_packing","6","yes","yes","INDEPENDENT_INT64_REFERENCE_EXACT_INT32","0","0","0.109900159","0.109947644","0.005895278","0.103021584","0.116858333","5.3642","19.587306500","19.553104500","1.051546445","18.376812000","20.844988000","5.3685"
"HETERO_RVV_IME_8CORE_STATIC","k1-mixed-rvv-ime","ime_kernel_8x8_zvl256b_lmul1_unroll4","igemm_kernel_8x8_zvl256b_lmul1_unroll4","8x8","1","4","INT8_MIXED","0-7-mixed-rvv-ime","8","8","1024","1024","1024","32","static","parallel_tiles_including_required_packing","6","yes","yes","INDEPENDENT_INT64_REFERENCE_EXACT_INT32","0","0","0.110732799","0.110693500","0.004692404","0.104682002","0.118220001","4.2376","19.422097167","19.402629000","0.813810104","18.165147000","20.514354000","4.1901"
"HETERO_RVV_IME_8CORE_STATIC","k1-mixed-rvv-ime","ime_kernel_8x8_zvl256b_lmul1_unroll8","igemm_kernel_8x8_zvl256b_lmul1_unroll8","8x8","1","8","INT8_MIXED","0-7-mixed-rvv-ime","8","8","1024","1024","1024","32","static","parallel_tiles_including_required_packing","6","yes","yes","INDEPENDENT_INT64_REFERENCE_EXACT_INT32","0","0","0.105107285","0.104599502","0.004541929","0.099629167","0.112221166","4.3212","20.462735500","20.534941500","0.872188343","19.136173000","21.554769000","4.2623"
"RVV_8CORE","k1-rvv","igemm_kernel_8x8_zvl256b_lmul1_unroll1_i8i32","NA","8x8","1","1","INT8_RVV","0-7","8","8","1024","1024","1024","32","static","parallel_tiles_including_required_packing","6","yes","yes","INDEPENDENT_INT64_REFERENCE_EXACT_INT32","0","0","0.183200292","0.180462603","0.007299185","0.176676460","0.196377251","3.9843","11.737009500","11.900061000","0.450631191","10.935501000","12.154894000","3.8394"
"RVV_8CORE","k1-rvv","igemm_kernel_8x8_zvl256b_lmul1_unroll2_i8i32","NA","8x8","1","2","INT8_RVV","0-7","8","8","1024","1024","1024","32","static","parallel_tiles_including_required_packing","6","yes","yes","INDEPENDENT_INT64_REFERENCE_EXACT_INT32","0","0","0.195259464","0.194695667","0.002597369","0.191376165","0.198726248","1.3302","10.999726500","11.029962500","0.146478429","10.806241000","11.221270000","1.3317"
"RVV_8CORE","k1-rvv","igemm_kernel_8x8_zvl256b_lmul1_unroll4_i8i32","NA","8x8","1","4","INT8_RVV","0-7","8","8","1024","1024","1024","32","static","parallel_tiles_including_required_packing","6","yes","yes","INDEPENDENT_INT64_REFERENCE_EXACT_INT32","0","0","0.195292431","0.195045521","0.001545363","0.193927169","0.198163167","0.7913","10.996815500","11.010206500","0.086312627","10.836947000","11.073661000","0.7849"
"RVV_8CORE","k1-rvv","igemm_kernel_8x8_zvl256b_lmul1_unroll8_i8i32","NA","8x8","1","8","INT8_RVV","0-7","8","8","1024","1024","1024","32","static","parallel_tiles_including_required_packing","6","yes","yes","INDEPENDENT_INT64_REFERENCE_EXACT_INT32","0","0","0.193464133","0.197462270","0.010434208","0.180225417","0.204052500","5.3934","11.127776667","10.877944500","0.614556211","10.524172000","11.915543000","5.5227"
"RVV_8CORE","k1-rvv","igemm_kernel_8x8_zvl256b_lmul2_unroll1_i8i32","NA","8x8","2","1","INT8_RVV","0-7","8","8","1024","1024","1024","32","static","parallel_tiles_including_required_packing","6","yes","yes","INDEPENDENT_INT64_REFERENCE_EXACT_INT32","0","0","0.553065563","0.552652083","0.002624036","0.550143249","0.556504916","0.4745","3.882946167","3.885779500","0.018402240","3.858876000","3.903499000","0.4739"
"RVV_8CORE","k1-rvv","igemm_kernel_8x8_zvl256b_lmul2_unroll2_i8i32","NA","8x8","2","2","INT8_RVV","0-7","8","8","1024","1024","1024","32","static","parallel_tiles_including_required_packing","6","yes","yes","INDEPENDENT_INT64_REFERENCE_EXACT_INT32","0","0","0.548171812","0.547252312","0.003534730","0.544877999","0.554683708","0.6448","3.917672333","3.924125000","0.025098906","3.871546000","3.941219000","0.6407"
"RVV_8CORE","k1-rvv","igemm_kernel_8x8_zvl256b_lmul2_unroll4_i8i32","NA","8x8","2","4","INT8_RVV","0-7","8","8","1024","1024","1024","32","static","parallel_tiles_including_required_packing","6","yes","yes","INDEPENDENT_INT64_REFERENCE_EXACT_INT32","0","0","0.642431098","0.635176312","0.019012928","0.629208580","0.680100545","2.9595","3.345088333","3.380928500","0.095003856","3.157597000","3.412992000","2.8401"
"RVV_8CORE","k1-rvv","igemm_kernel_8x8_zvl256b_lmul2_unroll8_i8i32","NA","8x8","2","8","INT8_RVV","0-7","8","8","1024","1024","1024","32","static","parallel_tiles_including_required_packing","6","yes","yes","INDEPENDENT_INT64_REFERENCE_EXACT_INT32","0","0","0.525839640","0.525249418","0.003226011","0.522216335","0.530476585","0.6135","4.084041333","4.088527500","0.025011114","4.048216000","4.112249000","0.6124"
"RVV_8CORE","k1-rvv","igemm_kernel_8x8_zvl256b_lmulmf2_unroll1_i8i32","NA","8x8","mf2","1","INT8_RVV","0-7","8","8","1024","1024","1024","32","static","parallel_tiles_including_required_packing","6","yes","yes","INDEPENDENT_INT64_REFERENCE_EXACT_INT32","0","0","0.082672777","0.082612751","0.001108092","0.081273124","0.084444333","1.3403","25.979576167","25.994640500","0.346633113","25.430761000","26.423048000","1.3343"
"RVV_8CORE","k1-rvv","igemm_kernel_8x8_zvl256b_lmulmf2_unroll2_i8i32","NA","8x8","mf2","2","INT8_RVV","0-7","8","8","1024","1024","1024","32","static","parallel_tiles_including_required_packing","6","yes","yes","INDEPENDENT_INT64_REFERENCE_EXACT_INT32","0","0","0.079305548","0.079128707","0.001746992","0.077109918","0.082279541","2.2029","27.089433333","27.139332500","0.589996898","26.099850000","27.849642000","2.1780"
"RVV_8CORE","k1-rvv","igemm_kernel_8x8_zvl256b_lmulmf2_unroll4_i8i32","NA","8x8","mf2","4","INT8_RVV","0-7","8","8","1024","1024","1024","32","static","parallel_tiles_including_required_packing","6","yes","yes","INDEPENDENT_INT64_REFERENCE_EXACT_INT32","0","0","0.077021139","0.076270480","0.003133051","0.073866751","0.082692750","4.0678","27.918891667","28.156258000","1.096520115","25.969431000","29.072399000","3.9275"
"RVV_8CORE","k1-rvv","igemm_kernel_8x8_zvl256b_lmulmf2_unroll8_i8i32","NA","8x8","mf2","8","INT8_RVV","0-7","8","8","1024","1024","1024","32","static","parallel_tiles_including_required_packing","6","yes","yes","INDEPENDENT_INT64_REFERENCE_EXACT_INT32","0","0","0.077901549","0.077945979","0.001618334","0.075546790","0.080161460","2.0774","27.576571500","27.551774500","0.574020402","26.789478000","28.425876000","2.0816"
"RVV_8CORE","k1-rvv","igemm_kernel_8x8_zvl256b_lmulmf4_unroll1_i8i32","NA","8x8","mf4","1","INT8_RVV","0-7","8","8","1024","1024","1024","32","static","parallel_tiles_including_required_packing","6","yes","yes","INDEPENDENT_INT64_REFERENCE_EXACT_INT32","0","0","0.073572264","0.073690271","0.001889812","0.070749834","0.075897831","2.5686","29.204932833","29.142129500","0.755408898","28.294401000","30.353197000","2.5866"
"RVV_8CORE","k1-rvv","igemm_kernel_8x8_zvl256b_lmulmf4_unroll2_i8i32","NA","8x8","mf4","2","INT8_RVV","0-7","8","8","1024","1024","1024","32","static","parallel_tiles_including_required_packing","6","yes","yes","INDEPENDENT_INT64_REFERENCE_EXACT_INT32","0","0","0.074949770","0.073432543","0.005265910","0.071360916","0.085401416","7.0259","28.759906167","29.246220500","1.839138605","25.145762000","30.093275000","6.3948"
"RVV_8CORE","k1-rvv","igemm_kernel_8x8_zvl256b_lmulmf4_unroll4_i8i32","NA","8x8","mf4","4","INT8_RVV","0-7","8","8","1024","1024","1024","32","static","parallel_tiles_including_required_packing","6","yes","yes","INDEPENDENT_INT64_REFERENCE_EXACT_INT32","0","0","0.071640311","0.071196790","0.001477891","0.070134249","0.074006166","2.0629","29.986417000","30.162647500","0.611163523","29.017631000","30.619614000","2.0381"
"RVV_8CORE","k1-rvv","igemm_kernel_8x8_zvl256b_lmulmf4_unroll8_i8i32","NA","8x8","mf4","8","INT8_RVV","0-7","8","8","1024","1024","1024","32","static","parallel_tiles_including_required_packing","6","yes","yes","INDEPENDENT_INT64_REFERENCE_EXACT_INT32","0","0","0.071800347","0.071096707","0.003656196","0.067935169","0.078672998","5.0922","29.970661333","30.206245000","1.452312763","27.296324000","31.610780000","4.8458"
