fig05_comparison,tile_shape,unroll,profile_pass,timing_mode,threads,n_accepted,n_requested,validation,total_sec_mean,total_sec_median,total_sec_sd,total_sec_min,total_sec_max,gops_mean,gops_median,gops_sd,gops_min,gops_max,packing_sec_mean,packing_sec_median,packing_sec_sd,packing_sec_min,packing_sec_max,kernel_sec_mean,kernel_sec_median,kernel_sec_sd,kernel_sec_min,kernel_sec_max,output_sec_mean,output_sec_median,output_sec_sd,output_sec_min,output_sec_max,boundary_sec_mean,boundary_sec_median,boundary_sec_sd,boundary_sec_min,boundary_sec_max,speedup_vs_rvv_mean,speedup_vs_rvv_median
HETERO_DYNAMIC_4RVV_4IME,8x4,1,no,end_to_end,8,7,7,PASS,0.15999029789652144,0.15871595591306686,0.0025530394507113393,0.1581038348376751,0.16524920985102654,13.42545871567257,13.53035764832766,0.20999102190149185,12.995424607088733,13.582742317444845,,,,,,,,,,,,,,,,,,,,,1.9483116659084796,1.9658732932456973
HETERO_DYNAMIC_4RVV_4IME,8x4,2,no,end_to_end,8,7,7,PASS,0.23324097586529596,0.23302970826625824,0.0029687420751516084,0.2292925827205181,0.2371225841343403,9.208423804559406,9.215493011501774,0.11715594839251793,9.056428158624303,9.365691739874295,,,,,,,,,,,,,,,,,,,,,2.020538669685389,1.9888601642921742
HETERO_DYNAMIC_4RVV_4IME,8x4,4,no,end_to_end,8,7,7,PASS,0.1311954760125705,0.1324036680161953,0.0029352386268128596,0.1256864182651043,0.13351275026798248,16.375765585628717,16.219215677146686,0.37474510549854806,16.084483644368348,17.086043803638486,,,,,,,,,,,,,,,,,,,,,3.611252840723072,3.573736913275647
HETERO_DYNAMIC_4RVV_4IME,8x4,8,no,end_to_end,8,7,7,PASS,0.22179367233599936,0.22204750031232834,0.0008482876053517724,0.22035720944404602,0.22282058000564575,9.682470217573554,9.671280446658418,0.03710473211729139,9.637725778945498,9.745465798092246,,,,,,,,,,,,,,,,,,,,,1.989225320961475,1.981064289755385
HETERO_DYNAMIC_4RVV_4IME,8x8,1,no,end_to_end,8,7,7,PASS,0.11763422616890498,0.12518641725182533,0.013195210690173225,0.10291033610701561,0.13035054132342339,18.46016794007184,17.15428634466083,2.1281812283408725,16.47468147195264,20.86752146807537,,,,,,,,,,,,,,,,,,,,,1.5098382521781768,1.4197859612320063
HETERO_DYNAMIC_4RVV_4IME,8x8,2,no,end_to_end,8,7,7,PASS,0.10265666086758886,0.10283175110816956,0.00220212108146146,0.09975583106279373,0.10584108158946037,20.92733465355133,20.88346862576564,0.44860791817196566,20.289698628834174,21.527399703063114,,,,,,,,,,,,,,,,,,,,,1.899219542834023,1.8997634301619406
HETERO_DYNAMIC_4RVV_4IME,8x8,4,no,end_to_end,8,7,7,PASS,0.1250320646379675,0.11495516449213028,0.014043848193935237,0.11182320863008499,0.1412174142897129,17.357926740498133,18.6810541091176,1.895547264265081,15.206932224338534,19.204274982878996,,,,,,,,,,,,,,,,,,,,,1.5722516530992692,1.7098691809415516
HETERO_DYNAMIC_4RVV_4IME,8x8,8,no,end_to_end,8,7,7,PASS,0.1356714931981904,0.13636954128742218,0.0020313892641022177,0.13241512328386307,0.13776283338665962,15.831625505356993,15.747531506862007,0.2392871034948673,15.588265682462026,16.217812548468213,,,,,,,,,,,,,,,,,,,,,1.349752920052327,1.3422483542504293
HETERO_STATIC_4RVV_4IME,8x4,1,no,end_to_end,8,7,7,PASS,0.15385719069412776,0.15384504199028015,0.0009223801986218039,0.15234604105353355,0.15545962750911713,13.958072041009084,13.95874459272907,0.0836136619117477,13.813770703098193,14.096090933176177,,,,,,,,,,,,,,,,,,,,,2.0259759223321283,2.028115140435742
HETERO_STATIC_4RVV_4IME,8x4,2,no,end_to_end,8,7,7,PASS,0.23058163161788667,0.23083245754241943,0.0005898293950311788,0.22948741912841797,0.2312960848212242,9.313385893855036,9.303213555248671,0.023868855413640425,9.28456549387706,9.357740202735462,,,,,,,,,,,,,,,,,,,,,2.043841947792122,2.007791749919824
HETERO_STATIC_4RVV_4IME,8x4,4,no,end_to_end,8,7,7,PASS,0.2324377085481371,0.2322145402431488,0.0005955030301326019,0.23186970874667168,0.233687836676836,9.23901591348061,9.247843161549651,0.023588286269989666,9.189539680534287,9.261596349121328,,,,,,,,,,,,,,,,,,,,,2.0383096976809703,2.037666871967255
HETERO_STATIC_4RVV_4IME,8x4,8,no,end_to_end,8,7,7,PASS,0.21798284405044147,0.21794070675969124,0.00048578343421157663,0.2175285406410694,0.21875974908471107,9.851659612857445,9.853522455389152,0.021934079324832507,9.816630604967566,9.872192594457902,,,,,,,,,,,,,,,,,,,,,2.024001434432652,2.0183947278065832
HETERO_STATIC_4RVV_4IME,8x8,1,no,end_to_end,8,7,7,PASS,0.12034120251025472,0.11975345760583878,0.005147117356404449,0.11293941363692284,0.1298794187605381,17.87242177627981,17.93253982752057,0.7502091036942136,16.534441472666032,19.0144749193025,,,,,,,,,,,,,,,,,,,,,1.4758756828947022,1.4841986302899695
HETERO_STATIC_4RVV_4IME,8x8,2,no,end_to_end,8,7,7,PASS,0.11267619686467308,0.10672250017523766,0.010698650762897475,0.10182108357548714,0.1250196248292923,19.20455266260914,20.122126491356983,1.7905625536348495,17.177172391392755,21.090756183201677,,,,,,,,,,,,,,,,,,,,,1.7303347286026198,1.8305043443888762
HETERO_STATIC_4RVV_4IME,8x8,4,no,end_to_end,8,7,7,PASS,0.12391592242888042,0.12384854257106781,0.0029614632675268437,0.11821858212351799,0.12752674892544746,17.33883032118074,17.33959563365643,0.4230491977173856,16.83947615770732,18.165364610415057,,,,,,,,,,,,,,,,,,,,,1.5864133233587003,1.5870860397276731
HETERO_STATIC_4RVV_4IME,8x8,8,no,end_to_end,8,7,7,PASS,0.12176195851394109,0.12335829436779022,0.00298198455064864,0.1172000840306282,0.12397599965333939,17.64599569112104,17.40850632708427,0.4410728194456512,17.321769165038194,18.32322617992998,,,,,,,,,,,,,,,,,,,,,1.5039425806472253,1.4838223347770443
RVV_8CORE,8x4,1,no,end_to_end,8,7,7,PASS,0.3117109638239656,0.31201545894145966,0.001950968414809795,0.30862758308649063,0.3138872906565666,6.889574524853025,6.882619390992774,0.04321595523240286,6.841575660830516,6.958171484621267,,,,,,,,,,,,,,,,,,,,,,
RVV_8CORE,8x4,2,no,end_to_end,8,7,7,PASS,0.47127241109098705,0.46346350386738777,0.019578691026436338,0.46071553975343704,0.5151466242969036,4.563059524828012,4.63355502662075,0.17642772104226934,4.168684306008967,4.6611921298536565,,,,,,,,,,,,,,,,,,,,,,
RVV_8CORE,8x4,4,no,end_to_end,8,7,7,PASS,0.47378003544041086,0.47317587584257126,0.0037223800197641295,0.4693526662886143,0.4813661649823189,4.532897440819215,4.538447029185575,0.03531178014824356,4.461226825277342,4.575415891383196,,,,,,,,,,,,,,,,,,,,,,
RVV_8CORE,8x4,8,no,end_to_end,8,7,7,PASS,0.44119758903980255,0.43989037349820137,0.005779512559493289,0.4347680024802685,0.4513614997267723,4.868107465466902,4.881860975775094,0.0633146968640113,4.75779092656321,4.939378325334467,,,,,,,,,,,,,,,,,,,,,,
RVV_8CORE,8x8,1,no,end_to_end,8,7,7,PASS,0.17760865443519183,0.17773791775107384,0.0010428760159739308,0.17573466897010803,0.17890487611293793,12.091456574022363,12.082304525518307,0.07124492350001255,12.003494229214581,12.220034103602408,,,,,,,,,,,,,,,,,,,,,,
RVV_8CORE,8x8,2,no,end_to_end,8,7,7,PASS,0.19496753652180945,0.19535600021481514,0.0011170296398449488,0.19305375218391418,0.19627216830849648,11.014881397431392,10.992667978657469,0.06333860207176886,10.941355906480995,11.123760215518539,,,,,,,,,,,,,,,,,,,,,,
RVV_8CORE,8x8,4,no,end_to_end,8,7,7,PASS,0.1965818703174591,0.19655829295516014,0.0016846433700997564,0.1939706690609455,0.199304711073637,10.924805753006499,10.92542886750596,0.09356510852383279,10.77487650157236,11.071177195997924,,,,,,,,,,,,,,,,,,,,,,
RVV_8CORE,8x8,8,no,end_to_end,8,7,7,PASS,0.18312299411211694,0.1830417923629284,0.0017412317947816884,0.17991741746664047,0.18542928993701935,11.727915272945804,11.732203997118047,0.11210970410977306,11.581145830463937,11.93594082350686,,,,,,,,,,,,,,,,,,,,,,
