"comparison","tile_shape","unroll","M","N","K","threads","repetitions_requested","primary_accepted_runs","primary_validation","primary_total_mean_s","primary_total_median_s","primary_total_sd_s","primary_total_min_s","primary_total_max_s","primary_gops_mean","primary_gops_sd","profiled_accepted_runs","profiled_validation","profiled_total_mean_s","profiled_total_median_s","profiled_total_sd_s","profiled_total_min_s","profiled_total_max_s","profiled_gops_mean","profiled_gops_sd","profiled_input_packing_mean_s","profiled_input_packing_median_s","profiled_input_packing_sd_s","profiled_kernel_mean_s","profiled_kernel_median_s","profiled_kernel_sd_s","profiled_output_packing_mean_s","profiled_output_packing_sd_s","profiled_boundary_mean_s","profiled_boundary_sd_s","timing_mode","phase_aggregation","timing_scope","packing_in_scope","output_packing_status","validation_scope","hardware_platform","git_commit","source_campaign","dataset_quality"
"HETERO_DYNAMIC_4RVV_4IME","8x4","1","1024","1024","1024","8","7","7","PASS","0.159706142331873","0.160956498235464","0.002027757090318","0.156299665570259","0.161617834120989","13.4483427767062","0.172206911908873","7","PASS","0.159247113657849","0.159503169357777","0.00067990565698","0.15831658244133","0.160254582762718","13.4854388979026","0.057609006252723","0.483646578554596","0.486343998461962","0.005185345603063","0.658093104405063","0.658753048628569","0.008791304144714","","","","","end_to_end","sum_worker_elapsed","total_elapsed","True","NOT_REPORTED_IN_CURRENT_DRIVER","aligned_and_main","Linux/riscv64","79305876e3d912cd74ffc97b9eae744b1ccb8984","fig05_20261002T134311Z","PASS_TOTAL_PACKING_KERNEL_OUTPUT_UNTIMED"
"HETERO_DYNAMIC_4RVV_4IME","8x4","2","1024","1024","1024","8","7","7","PASS","0.231904042086431","0.232200499624014","0.001542284989938","0.229602918028831","0.234111916273832","9.26057653634891","0.061639174538306","7","PASS","0.233861094606774","0.234057292342186","0.000583673717158","0.232756543904543","0.234562914818525","9.18278065547343","0.022961928841259","0.450820517859289","0.451310954988003","0.00811572484332","0.958989713340998","0.962287846952677","0.005075058225455","","","","","end_to_end","sum_worker_elapsed","total_elapsed","True","NOT_REPORTED_IN_CURRENT_DRIVER","aligned_and_main","Linux/riscv64","79305876e3d912cd74ffc97b9eae744b1ccb8984","fig05_20261002T134311Z","PASS_TOTAL_PACKING_KERNEL_OUTPUT_UNTIMED"
"HETERO_DYNAMIC_4RVV_4IME","8x4","4","1024","1024","1024","8","7","7","PASS","0.12894687003323","0.129519753158092","0.001374199042935","0.127042751759291","0.130928292870522","16.655644853166","0.177974957688916","7","PASS","0.189828119107655","0.230505082756281","0.051524791418878","0.134039625525475","0.233304418623447","12.1390375094595","3.55172427712267","0.414508801485811","0.416840925812721","0.004975280410977","0.635557055473328","0.658425852656364","0.078527137380908","","","","","end_to_end","sum_worker_elapsed","total_elapsed","True","NOT_REPORTED_IN_CURRENT_DRIVER","aligned_and_main","Linux/riscv64","79305876e3d912cd74ffc97b9eae744b1ccb8984","fig05_20261002T134311Z","PASS_TOTAL_PACKING_KERNEL_OUTPUT_UNTIMED"
"HETERO_DYNAMIC_4RVV_4IME","8x4","8","1024","1024","1024","8","7","7","PASS","0.221982410443681","0.221882622689009","0.001414596779427","0.220532041043043","0.224994458258152","9.67445004144774","0.061107140128317","7","PASS","0.220854065247944","0.220680918544531","0.001401824752371","0.218981377780437","0.223531000316143","9.7238755939122","0.061427312562241","0.462604423718793","0.469444409012794","0.008553525572048","0.904306380344289","0.90531163290143","0.004068750902028","","","","","end_to_end","sum_worker_elapsed","total_elapsed","True","NOT_REPORTED_IN_CURRENT_DRIVER","aligned_and_main","Linux/riscv64","79305876e3d912cd74ffc97b9eae744b1ccb8984","fig05_20261002T134311Z","PASS_TOTAL_PACKING_KERNEL_OUTPUT_UNTIMED"
"HETERO_DYNAMIC_4RVV_4IME","8x8","1","1024","1024","1024","8","7","7","PASS","0.129627208092383","0.131233539432287","0.001913711625869","0.126835290342569","0.131642457097769","16.5697219571154","0.245785275527572","7","PASS","0.111836862883398","0.124747417867184","0.013935100861551","0.097015168517828","0.129194665700197","19.4540570447556","2.36306001194985","0.378947793905224","0.388151038438082","0.017406200921933","0.359655401004212","0.368344411253929","0.021644443126348","","","","","end_to_end","sum_worker_elapsed","total_elapsed","True","NOT_REPORTED_IN_CURRENT_DRIVER","aligned_and_main","Linux/riscv64","79305876e3d912cd74ffc97b9eae744b1ccb8984","fig05_20261002T134311Z","PASS_TOTAL_PACKING_KERNEL_OUTPUT_UNTIMED"
"HETERO_DYNAMIC_4RVV_4IME","8x8","2","1024","1024","1024","8","7","7","PASS","0.102457989539419","0.102190084755421","0.00309656584066","0.098805420100689","0.108685415238142","20.9755829047568","0.615341769583676","7","PASS","0.102374011916774","0.104002710431814","0.002029155156614","0.100135333836079","0.105188082903624","20.9838894867453","0.414746359662591","0.380319666649614","0.388973664492369","0.011158834123071","0.373367220163345","0.373687542974949","0.002960481148007","","","","","end_to_end","sum_worker_elapsed","total_elapsed","True","NOT_REPORTED_IN_CURRENT_DRIVER","aligned_and_main","Linux/riscv64","79305876e3d912cd74ffc97b9eae744b1ccb8984","fig05_20261002T134311Z","PASS_TOTAL_PACKING_KERNEL_OUTPUT_UNTIMED"
"HETERO_DYNAMIC_4RVV_4IME","8x8","4","1024","1024","1024","8","7","7","PASS","0.10803176675524","0.108659666031599","0.001083055532285","0.106386955827475","0.109180957078934","19.8799850928107","0.20064729319561","7","PASS","0.134078880505902","0.141320709139109","0.013873642331702","0.113559789955616","0.146986167877913","16.1785078856506","1.8270088887821","0.440690831946475","0.444995626807213","0.006653805317661","0.433570807533605","0.451663535088301","0.051635690154601","","","","","end_to_end","sum_worker_elapsed","total_elapsed","True","NOT_REPORTED_IN_CURRENT_DRIVER","aligned_and_main","Linux/riscv64","79305876e3d912cd74ffc97b9eae744b1ccb8984","fig05_20261002T134311Z","PASS_TOTAL_PACKING_KERNEL_OUTPUT_UNTIMED"
"HETERO_DYNAMIC_4RVV_4IME","8x8","8","1024","1024","1024","8","7","7","PASS","0.135340024318014","0.136000629514456","0.002053439456738","0.132030207663774","0.13819270953536","15.8704731056208","0.242380927025554","7","PASS","0.136344280626093","0.137172419577837","0.002708927346333","0.131694417446852","0.140677873045206","15.7557991699041","0.314261810519841","0.437845322702612","0.438298672437668","0.010362639413908","0.462829752692154","0.481218487024307","0.036083299560446","","","","","end_to_end","sum_worker_elapsed","total_elapsed","True","NOT_REPORTED_IN_CURRENT_DRIVER","aligned_and_main","Linux/riscv64","79305876e3d912cd74ffc97b9eae744b1ccb8984","fig05_20261002T134311Z","PASS_TOTAL_PACKING_KERNEL_OUTPUT_UNTIMED"
"HETERO_STATIC_4RVV_4IME","8x4","1","1024","1024","1024","8","7","7","PASS","0.152331060596875","0.152995958924294","0.001021484664575","0.150709126144648","0.153589375317097","14.098021853534","0.094767419733645","7","PASS","0.152404386550188","0.152922704815865","0.001346189888656","0.149593248963356","0.153923582285643","14.0916475221526","0.125883253216959","0.44195229826229","0.446823950856924","0.013642562114763","0.523338495620659","0.525274842977524","0.005235583828944","","","","","end_to_end","sum_worker_elapsed","total_elapsed","True","NOT_REPORTED_IN_CURRENT_DRIVER","aligned_and_main","Linux/riscv64","79305876e3d912cd74ffc97b9eae744b1ccb8984","fig05_20261002T134311Z","PASS_TOTAL_PACKING_KERNEL_OUTPUT_UNTIMED"
"HETERO_STATIC_4RVV_4IME","8x4","2","1024","1024","1024","8","7","7","PASS","0.229087648647172","0.229891873896122","0.001154279615104","0.227284166961908","0.230302002280951","9.37427435344077","0.047324131248241","7","PASS","0.228418186306953","0.228847667574883","0.000912618603948","0.226499252021313","0.229159668087959","9.40167342489262","0.037768411802462","0.432788533291646","0.437246453016996","0.005295533694895","0.74484914115497","0.745753847062588","0.003306097097394","","","","","end_to_end","sum_worker_elapsed","total_elapsed","True","NOT_REPORTED_IN_CURRENT_DRIVER","aligned_and_main","Linux/riscv64","79305876e3d912cd74ffc97b9eae744b1ccb8984","fig05_20261002T134311Z","PASS_TOTAL_PACKING_KERNEL_OUTPUT_UNTIMED"
"HETERO_STATIC_4RVV_4IME","8x4","4","1024","1024","1024","8","7","7","PASS","0.232354779860803","0.232228081673384","0.001004903192475","0.231243543326855","0.23403887450695","9.24240931526893","0.039860894247225","7","PASS","0.2322593703866","0.232519209384918","0.001227683503979","0.230570960789919","0.234125670045614","9.24627952144198","0.048857423701936","0.395074340381793","0.409900344908237","0.019674720401528","0.756475313433579","0.756013095378876","0.003517279714983","","","","","end_to_end","sum_worker_elapsed","total_elapsed","True","NOT_REPORTED_IN_CURRENT_DRIVER","aligned_and_main","Linux/riscv64","79305876e3d912cd74ffc97b9eae744b1ccb8984","fig05_20261002T134311Z","PASS_TOTAL_PACKING_KERNEL_OUTPUT_UNTIMED"
"HETERO_STATIC_4RVV_4IME","8x4","8","1024","1024","1024","8","7","7","PASS","0.216921529599598","0.217183083295822","0.000654722858899","0.215918626636267","0.217940080910921","9.89989523680501","0.029882389816419","7","PASS","0.216758649264063","0.217098210006952","0.000796290786573","0.21546820923686","0.217610500752926","9.90737179829235","0.036453613990162","0.446406909929855","0.450087126344442","0.004320149014259","0.70733695690121","0.708587266504765","0.002752997494158","","","","","end_to_end","sum_worker_elapsed","total_elapsed","True","NOT_REPORTED_IN_CURRENT_DRIVER","aligned_and_main","Linux/riscv64","79305876e3d912cd74ffc97b9eae744b1ccb8984","fig05_20261002T134311Z","PASS_TOTAL_PACKING_KERNEL_OUTPUT_UNTIMED"
"HETERO_STATIC_4RVV_4IME","8x8","1","1024","1024","1024","8","7","7","PASS","0.114299893911396","0.115019377321005","0.00475817475187","0.107765376567841","0.121224500238895","18.8158772225076","0.777545994238415","7","PASS","0.115481761949403","0.117844041436911","0.007577834223023","0.106075253337622","0.125366125255823","18.6642313918011","1.21688663517564","0.363848302513361","0.372351124882698","0.016904982865707","0.272103536341872","0.273683808743954","0.003928631118017","","","","","end_to_end","sum_worker_elapsed","total_elapsed","True","NOT_REPORTED_IN_CURRENT_DRIVER","aligned_and_main","Linux/riscv64","79305876e3d912cd74ffc97b9eae744b1ccb8984","fig05_20261002T134311Z","PASS_TOTAL_PACKING_KERNEL_OUTPUT_UNTIMED"
"HETERO_STATIC_4RVV_4IME","8x8","2","1024","1024","1024","8","7","7","PASS","0.112664601632527","0.117090165615082","0.007019618840219","0.103692624717951","0.120883293449879","19.1258644985542","1.21801739510612","7","PASS","0.116225166512387","0.12030216678977","0.006787912090964","0.106981873512268","0.124866709113121","18.5318429617868","1.0980659402977","0.370076126818146","0.379466757178307","0.010717867730818","0.29953656611698","0.300858192145824","0.003877882111101","","","","","end_to_end","sum_worker_elapsed","total_elapsed","True","NOT_REPORTED_IN_CURRENT_DRIVER","aligned_and_main","Linux/riscv64","79305876e3d912cd74ffc97b9eae744b1ccb8984","fig05_20261002T134311Z","PASS_TOTAL_PACKING_KERNEL_OUTPUT_UNTIMED"
"HETERO_STATIC_4RVV_4IME","8x8","4","1024","1024","1024","8","7","7","PASS","0.116144631057978","0.11645283550024","0.001673292660318","0.113927498459816","0.118846543133259","18.493017472651","0.265699863919633","7","PASS","0.126767071762255","0.126873832195997","0.00196966396597","0.124275542795658","0.130239501595497","16.943867076397","0.261103618835423","0.432249665260315","0.435152661055326","0.010527744566714","0.299348370837314","0.299494635313749","0.001609673627353","","","","","end_to_end","sum_worker_elapsed","total_elapsed","True","NOT_REPORTED_IN_CURRENT_DRIVER","aligned_and_main","Linux/riscv64","79305876e3d912cd74ffc97b9eae744b1ccb8984","fig05_20261002T134311Z","PASS_TOTAL_PACKING_KERNEL_OUTPUT_UNTIMED"
"HETERO_STATIC_4RVV_4IME","8x8","8","1024","1024","1024","8","7","7","PASS","0.124419309731041","0.125457167625427","0.002817173954988","0.120155833661556","0.128579583019018","17.2676565499294","0.391961876605762","7","PASS","0.126233504819018","0.126566622406244","0.001642651047403","0.124426499009132","0.129491500556469","17.0144324472938","0.218623580251622","0.431789929313319","0.433867789804935","0.005024824756973","0.280815145799092","0.279919929802418","0.0058563107832","","","","","end_to_end","sum_worker_elapsed","total_elapsed","True","NOT_REPORTED_IN_CURRENT_DRIVER","aligned_and_main","Linux/riscv64","79305876e3d912cd74ffc97b9eae744b1ccb8984","fig05_20261002T134311Z","PASS_TOTAL_PACKING_KERNEL_OUTPUT_UNTIMED"
"RVV_8CORE","8x4","1","1024","1024","1024","8","7","7","PASS","0.310306791216135","0.310499124228954","0.002085437418189","0.307191122323275","0.313929375261068","6.92078505280475","0.046409090886644","7","PASS","0.313329249620438","0.312612164765596","0.004162229855427","0.310278419405222","0.322594206780195","6.85477395460606","0.089005691199776","0.321856855281762","0.327953163534403","0.010001726909397","2.13348629006318","2.13504308462143","0.007784630095531","","","","","end_to_end","sum_worker_elapsed","total_elapsed","True","NOT_REPORTED_IN_CURRENT_DRIVER","aligned_and_main","Linux/riscv64","79305876e3d912cd74ffc97b9eae744b1ccb8984","fig05_20261002T134311Z","PASS_TOTAL_PACKING_KERNEL_OUTPUT_UNTIMED"
"RVV_8CORE","8x4","2","1024","1024","1024","8","7","7","PASS","0.469087494803326","0.472123749554157","0.004449565414259","0.464322250336409","0.475788291543722","4.57835428155894","0.043287529291471","7","PASS","0.466061945472445","0.466201957315207","0.003288202692011","0.462441209703684","0.472049124538898","4.60791719688446","0.032360774818543","0.32131862161415","0.323891248553991","0.012311420609088","3.3531267366239","3.35577378422022","0.003063681881686","","","","","end_to_end","sum_worker_elapsed","total_elapsed","True","NOT_REPORTED_IN_CURRENT_DRIVER","aligned_and_main","Linux/riscv64","79305876e3d912cd74ffc97b9eae744b1ccb8984","fig05_20261002T134311Z","PASS_TOTAL_PACKING_KERNEL_OUTPUT_UNTIMED"
"RVV_8CORE","8x4","4","1024","1024","1024","8","7","7","PASS","0.472707441342728","0.47359137609601","0.001386154084354","0.470786832273006","0.474630419164896","4.54297794822743","0.013326825875896","7","PASS","0.473231899419001","0.47240137308836","0.003381621998676","0.470461670309305","0.480594664812088","4.53810615079592","0.032066788445839","0.307420938674893","0.311798918992281","0.01142842088374","3.43534660392574","3.43786472082138","0.005256982716956","","","","","end_to_end","sum_worker_elapsed","total_elapsed","True","NOT_REPORTED_IN_CURRENT_DRIVER","aligned_and_main","Linux/riscv64","79305876e3d912cd74ffc97b9eae744b1ccb8984","fig05_20261002T134311Z","PASS_TOTAL_PACKING_KERNEL_OUTPUT_UNTIMED"
"RVV_8CORE","8x4","8","1024","1024","1024","8","7","7","PASS","0.436498249747923","0.436802957206964","0.001859241117896","0.434070624411106","0.440021373331547","4.91987526933688","0.020893386779737","7","PASS","0.45751005890114","0.448246497660875","0.030934514873819","0.438496459275484","0.523929372429848","4.7105929622489","0.289128182949429","0.315873369574547","0.322294387966394","0.020407277943455","3.1726564206183","3.15420526266098","0.048719646501744","","","","","end_to_end","sum_worker_elapsed","total_elapsed","True","NOT_REPORTED_IN_CURRENT_DRIVER","aligned_and_main","Linux/riscv64","79305876e3d912cd74ffc97b9eae744b1ccb8984","fig05_20261002T134311Z","PASS_TOTAL_PACKING_KERNEL_OUTPUT_UNTIMED"
"RVV_8CORE","8x8","1","1024","1024","1024","8","7","7","PASS","0.177727303866829","0.178674042224884","0.001435211460628","0.175335418432951","0.179069668054581","12.0837051236367","0.098104141820367","7","PASS","0.1764453984797","0.176438331604004","0.001334933042782","0.17450325191021","0.178201042115688","12.1714080782043","0.092029604444158","0.322232220321894","0.329072300344706","0.01150669107246","1.04834765036191","1.04723809286952","0.006613363939806","","","","","end_to_end","sum_worker_elapsed","total_elapsed","True","NOT_REPORTED_IN_CURRENT_DRIVER","aligned_and_main","Linux/riscv64","79305876e3d912cd74ffc97b9eae744b1ccb8984","fig05_20261002T134311Z","PASS_TOTAL_PACKING_KERNEL_OUTPUT_UNTIMED"
"RVV_8CORE","8x8","2","1024","1024","1024","8","7","7","PASS","0.194180822266","0.195032581686974","0.00125550682458","0.192888420075178","0.19618958234787","11.0595905126048","0.071302745198385","7","PASS","0.194653899009739","0.194646626710892","0.001569960574158","0.192632250487804","0.197372835129499","11.032930036519","0.088583109103371","0.316721798585994","0.322511874139309","0.013981701791524","1.21890569691147","1.21757328882813","0.006623925779852","","","","","end_to_end","sum_worker_elapsed","total_elapsed","True","NOT_REPORTED_IN_CURRENT_DRIVER","aligned_and_main","Linux/riscv64","79305876e3d912cd74ffc97b9eae744b1ccb8984","fig05_20261002T134311Z","PASS_TOTAL_PACKING_KERNEL_OUTPUT_UNTIMED"
"RVV_8CORE","8x8","4","1024","1024","1024","8","7","7","PASS","0.197668947279453","0.197499334812164","0.00192032584359","0.195324916392565","0.201479502022266","10.8649123260253","0.104583248262165","7","PASS","0.198978577341352","0.199112832546234","0.001821377282187","0.196607373654842","0.202061165124178","10.7933086161117","0.09835559106216","0.32423900653209","0.32622442021966","0.005283493863985","1.22698593139648","1.22703295946121","0.002098262537734","","","","","end_to_end","sum_worker_elapsed","total_elapsed","True","NOT_REPORTED_IN_CURRENT_DRIVER","aligned_and_main","Linux/riscv64","79305876e3d912cd74ffc97b9eae744b1ccb8984","fig05_20261002T134311Z","PASS_TOTAL_PACKING_KERNEL_OUTPUT_UNTIMED"
"RVV_8CORE","8x8","8","1024","1024","1024","8","7","7","PASS","0.180923404970339","0.181405499577522","0.000727092451647","0.179846294224262","0.181667748838663","11.8697380887533","0.047789066340744","7","PASS","0.181270136364869","0.180815499275923","0.001860885223388","0.179719790816307","0.184934876859188","11.8479275039637","0.120242268261556","0.312589221767017","0.313674788922071","0.005878175917923","1.11788604408503","1.11736257374287","0.005198969249301","","","","","end_to_end","sum_worker_elapsed","total_elapsed","True","NOT_REPORTED_IN_CURRENT_DRIVER","aligned_and_main","Linux/riscv64","79305876e3d912cd74ffc97b9eae744b1ccb8984","fig05_20261002T134311Z","PASS_TOTAL_PACKING_KERNEL_OUTPUT_UNTIMED"
