Tile,LMUL,Unroll,Mean_GOPS,Median_GOPS,Std_GOPS,Min_GOPS,Max_GOPS,Samples
8x4,1,1,1.0243020833333334,1.02555,0.004837903958979893,1.0089,1.0287,48
8x4,1,2,0.6475791666666667,0.6456999999999999,0.003266786978534166,0.643,0.6524,48
8x4,1,4,0.6325708333333333,0.633,0.0011381130956278989,0.6289,0.634,48
8x4,1,8,0.6890666666666667,0.6859,0.004757852784667419,0.6801,0.6954,48
8x4,2,1,0.27347083333333333,0.2736,0.0012761241741309501,0.2673,0.2746,48
8x4,2,2,0.26501041666666664,0.26505,0.0034161219510429105,0.26,0.2687,48
8x4,2,4,0.23314374999999998,0.23245,0.0036154459570134872,0.2285,0.2373,48
8x4,2,8,0.22388125,0.2241,0.0006453289611392938,0.2213,0.2245,48
8x4,mf2,1,3.548235416666667,3.54835,0.06696238540701209,3.4355,3.632,48
8x4,mf2,2,3.79869375,3.8026,0.040181092230953,3.6993,3.8604,48
8x4,mf2,4,3.7589229166666667,3.7559500000000003,0.024286001918479704,3.7085,3.7894,48
8x4,mf2,8,3.71451875,3.70955,0.0229348351255039,3.6673,3.7532,48
8x4,mf4,1,5.3498020833333335,5.3585,0.044741605605555894,5.2689,5.403,48
8x4,mf4,2,5.941152083333333,5.9585,0.07689012052185366,5.8044,6.0752,48
8x4,mf4,4,5.796347916666666,5.77585,0.061333236935728376,5.6181,5.9168,48
8x4,mf4,8,5.837872916666666,5.819100000000001,0.05314443482636899,5.7427,5.917,48
8x4,mf8,1,5.758754166666667,5.7562999999999995,0.05071714200255962,5.6801,5.8389,48
8x4,mf8,2,6.567708333333333,6.56955,0.08675646725131866,6.4343,6.7246,48
8x4,mf8,4,6.236091666666667,6.21205,0.05684988008121229,6.1322,6.3223,48
8x4,mf8,8,6.13338125,6.1530000000000005,0.06823309441079418,5.9388,6.2327,48
8x8,1,1,2.11839375,2.11605,0.06549603660657799,2.0485,2.1874,48
8x8,1,2,1.8140541666666667,1.8099,0.007888422929334974,1.7979,1.8265,48
8x8,1,4,1.8060833333333333,1.8022999999999998,0.017899272935826126,1.7821,1.8271,48
8x8,1,8,1.9686375,1.96275,0.015785336920766856,1.9384,1.9895,48
8x8,2,1,0.53083125,0.53005,0.005832745284443021,0.518,0.5371,48
8x8,2,2,0.543975,0.5441,0.0016737650258331514,0.5405,0.546,48
8x8,2,4,0.46284791666666664,0.46225,0.0021141860848606546,0.4582,0.4657,48
8x8,2,8,0.5658541666666667,0.566,0.001347962739136059,0.5623,0.5674,48
8x8,mf2,1,7.263977083333334,7.236599999999999,0.06530329645188111,7.1339,7.3703,48
8x8,mf2,2,8.534939583333333,8.4485,0.2031984605189446,8.2961,8.7987,48
8x8,mf2,4,8.957964583333334,8.9658,0.03873895444268091,8.8243,9.0155,48
8x8,mf2,8,8.58434375,8.530149999999999,0.09673921712686756,8.4627,8.7237,48
8x8,mf4,1,10.322979166666666,10.25675,0.23608556865456778,9.9593,10.618,48
8x8,mf4,2,11.253939583333334,11.1271,0.21568628788775893,10.9973,11.5904,48
8x8,mf4,4,11.694860416666666,11.6779,0.26583055692596197,11.3665,12.0271,48
8x8,mf4,8,11.61939375,11.5806,0.3853060465844953,10.8229,12.06,48
