experiment,series,parameter_name,parameter_value,mode,baseline,family,kernel,tile_shape,zvl,lmul,unroll,kind,core_group,requested_threads,M,N,K,tile_N,metric_name,static_tile_split,schedule_policy,schedule_chunk,ok_runs,mean_metric,median_metric,min_metric,max_metric,sample_std_metric,mean_time_sec,min_time_sec,max_time_sec,failed_runs,build_failed_runs
k1_kernel_tuning,RVV,tile_N,8,k1-rvv,GEMM_RVV_FP32_INT8_8x4_Baseline,RVV_IGEMM_INT8_I8I32_8x4,igemm_kernel_8x4_zvl256b_lmul1_unroll1_i8i32,8x4,256b,1,1,INT8_RVV,0-7,8,1024,1024,1024,8,GOPS,NA,static,0,6,5.364264667,5.3658005,5.251222,5.450395,0.07472918656,0.400396417,0.394005127,0.408949334,0,0
k1_kernel_tuning,RVV,tile_N,8,k1-rvv,GEMM_RVV_FP32_INT8_8x4_Baseline,RVV_IGEMM_INT8_I8I32_8x4,igemm_kernel_8x4_zvl256b_lmul1_unroll2_i8i32,8x4,256b,1,2,INT8_RVV,0-7,8,1024,1024,1024,8,GOPS,NA,static,0,6,3.852780167,3.908484,3.664244,3.968153,0.134804346,0.557966007,0.541179709,0.586064626,0,0
k1_kernel_tuning,RVV,tile_N,8,k1-rvv,GEMM_RVV_FP32_INT8_8x4_Baseline,RVV_IGEMM_INT8_I8I32_8x4,igemm_kernel_8x4_zvl256b_lmul1_unroll4_i8i32,8x4,256b,1,4,INT8_RVV,0-7,8,1024,1024,1024,8,GOPS,NA,static,0,6,3.8559435,3.867641,3.7966,3.901135,0.04449658499,0.5569902572,0.550476626,0.565633334,0,0
k1_kernel_tuning,RVV,tile_N,8,k1-rvv,GEMM_RVV_FP32_INT8_8x4_Baseline,RVV_IGEMM_INT8_I8I32_8x4,igemm_kernel_8x4_zvl256b_lmul1_unroll8_i8i32,8x4,256b,1,8,INT8_RVV,0-7,8,1024,1024,1024,8,GOPS,NA,static,0,6,4.137929167,4.1438805,4.086525,4.163302,0.0289438417,0.5189967645,0.515812665,0.525503669,0,0
k1_kernel_tuning,RVV,tile_N,8,k1-rvv,GEMM_RVV_FP32_INT8_8x4_Baseline,RVV_IGEMM_INT8_I8I32_8x4,igemm_kernel_8x4_zvl256b_lmul2_unroll1_i8i32,8x4,256b,2,1,INT8_RVV,0-7,8,1024,1024,1024,8,GOPS,NA,static,0,6,1.9194665,1.943808,1.799705,1.964212,0.06086427643,1.119773764,1.093305584,1.193241749,0,0
k1_kernel_tuning,RVV,tile_N,8,k1-rvv,GEMM_RVV_FP32_INT8_8x4_Baseline,RVV_IGEMM_INT8_I8I32_8x4,igemm_kernel_8x4_zvl256b_lmul2_unroll2_i8i32,8x4,256b,2,2,INT8_RVV,0-7,8,1024,1024,1024,8,GOPS,NA,static,0,6,1.876305,1.880058,1.852181,1.890147,0.01368221814,1.144579021,1.136146251,1.159435291,0,0
k1_kernel_tuning,RVV,tile_N,8,k1-rvv,GEMM_RVV_FP32_INT8_8x4_Baseline,RVV_IGEMM_INT8_I8I32_8x4,igemm_kernel_8x4_zvl256b_lmul2_unroll4_i8i32,8x4,256b,2,4,INT8_RVV,0-7,8,1024,1024,1024,8,GOPS,NA,static,0,6,1.632045167,1.632651,1.627809,1.635903,0.003172601735,1.315827731,1.3127205,1.319247793,0,0
k1_kernel_tuning,RVV,tile_N,8,k1-rvv,GEMM_RVV_FP32_INT8_8x4_Baseline,RVV_IGEMM_INT8_I8I32_8x4,igemm_kernel_8x4_zvl256b_lmul2_unroll8_i8i32,8x4,256b,2,8,INT8_RVV,0-7,8,1024,1024,1024,8,GOPS,NA,static,0,6,1.598384,1.598338,1.589199,1.610674,0.007410802683,1.343558349,1.333282545,1.35129967,0,0
k1_kernel_tuning,RVV,tile_N,8,k1-rvv,GEMM_RVV_FP32_INT8_8x4_Baseline,RVV_IGEMM_INT8_I8I32_8x4,igemm_kernel_8x4_zvl256b_lmulmf2_unroll1_i8i32,8x4,256b,mf2,1,INT8_RVV,0-7,8,1024,1024,1024,8,GOPS,NA,static,0,6,8.835224167,8.8655135,8.48874,9.106399,0.240543872,0.2432107568,0.235821377,0.252980251,0,0
k1_kernel_tuning,RVV,tile_N,8,k1-rvv,GEMM_RVV_FP32_INT8_8x4_Baseline,RVV_IGEMM_INT8_I8I32_8x4,igemm_kernel_8x4_zvl256b_lmulmf2_unroll2_i8i32,8x4,256b,mf2,2,INT8_RVV,0-7,8,1024,1024,1024,8,GOPS,NA,static,0,6,8.8700385,8.9410115,8.4045,9.15238,0.262665124,0.2422869727,0.234636623,0.255515918,0,0
k1_kernel_tuning,RVV,tile_N,8,k1-rvv,GEMM_RVV_FP32_INT8_8x4_Baseline,RVV_IGEMM_INT8_I8I32_8x4,igemm_kernel_8x4_zvl256b_lmulmf2_unroll4_i8i32,8x4,256b,mf2,4,INT8_RVV,0-7,8,1024,1024,1024,8,GOPS,NA,static,0,6,8.997011667,8.962441,8.845947,9.198234,0.1289032683,0.2387291112,0.233466957,0.242764708,0,0
k1_kernel_tuning,RVV,tile_N,8,k1-rvv,GEMM_RVV_FP32_INT8_8x4_Baseline,RVV_IGEMM_INT8_I8I32_8x4,igemm_kernel_8x4_zvl256b_lmulmf2_unroll8_i8i32,8x4,256b,mf2,8,INT8_RVV,0-7,8,1024,1024,1024,8,GOPS,NA,static,0,6,8.9317935,8.9340975,8.726253,9.094037,0.1431701924,0.240483069,0.236141957,0.246094581,0,0
k1_kernel_tuning,RVV,tile_N,8,k1-rvv,GEMM_RVV_FP32_INT8_8x4_Baseline,RVV_IGEMM_INT8_I8I32_8x4,igemm_kernel_8x4_zvl256b_lmulmf4_unroll1_i8i32,8x4,256b,mf4,1,INT8_RVV,0-7,8,1024,1024,1024,8,GOPS,NA,static,0,6,9.371554833,9.400694,9.060577,9.516694,0.1640709708,0.2292088817,0.225654375,0.237013999,0,0
k1_kernel_tuning,RVV,tile_N,8,k1-rvv,GEMM_RVV_FP32_INT8_8x4_Baseline,RVV_IGEMM_INT8_I8I32_8x4,igemm_kernel_8x4_zvl256b_lmulmf4_unroll2_i8i32,8x4,256b,mf4,2,INT8_RVV,0-7,8,1024,1024,1024,8,GOPS,NA,static,0,6,9.379273333,9.4383085,9.074423,9.554016,0.1762715389,0.2290290133,0.224772874,0.236652374,0,0
k1_kernel_tuning,RVV,tile_N,8,k1-rvv,GEMM_RVV_FP32_INT8_8x4_Baseline,RVV_IGEMM_INT8_I8I32_8x4,igemm_kernel_8x4_zvl256b_lmulmf4_unroll4_i8i32,8x4,256b,mf4,4,INT8_RVV,0-7,8,1024,1024,1024,8,GOPS,NA,static,0,6,9.431414,9.425103,9.221364,9.703449,0.1772232413,0.2277614237,0.221311375,0.232881334,0,0
k1_kernel_tuning,RVV,tile_N,8,k1-rvv,GEMM_RVV_FP32_INT8_8x4_Baseline,RVV_IGEMM_INT8_I8I32_8x4,igemm_kernel_8x4_zvl256b_lmulmf4_unroll8_i8i32,8x4,256b,mf4,8,INT8_RVV,0-7,8,1024,1024,1024,8,GOPS,NA,static,0,6,9.402640167,9.3630605,9.118423,9.715087,0.2563175374,0.2285324855,0.22104625,0.235510416,0,0
k1_kernel_tuning,RVV,tile_N,8,k1-rvv,GEMM_RVV_FP32_INT8_8x4_Baseline,RVV_IGEMM_INT8_I8I32_8x4,igemm_kernel_8x4_zvl256b_lmulmf8_unroll1_i8i32,8x4,256b,mf8,1,INT8_RVV,0-7,8,1024,1024,1024,8,GOPS,NA,static,0,6,9.451009833,9.4777765,9.259848,9.605359,0.1382388529,0.2272633618,0.22357142,0.2319135,0,0
k1_kernel_tuning,RVV,tile_N,8,k1-rvv,GEMM_RVV_FP32_INT8_8x4_Baseline,RVV_IGEMM_INT8_I8I32_8x4,igemm_kernel_8x4_zvl256b_lmulmf8_unroll2_i8i32,8x4,256b,mf8,2,INT8_RVV,0-7,8,1024,1024,1024,8,GOPS,NA,static,0,6,9.5437755,9.529442,9.213458,9.816019,0.2385395634,0.2251315345,0.218773376,0.233081169,0,0
k1_kernel_tuning,RVV,tile_N,8,k1-rvv,GEMM_RVV_FP32_INT8_8x4_Baseline,RVV_IGEMM_INT8_I8I32_8x4,igemm_kernel_8x4_zvl256b_lmulmf8_unroll4_i8i32,8x4,256b,mf8,4,INT8_RVV,0-7,8,1024,1024,1024,8,GOPS,NA,static,0,6,9.414921,9.439787,9.126181,9.612379,0.1738305226,0.2281591472,0.223408125,0.235310212,0,0
k1_kernel_tuning,RVV,tile_N,8,k1-rvv,GEMM_RVV_FP32_INT8_8x4_Baseline,RVV_IGEMM_INT8_I8I32_8x4,igemm_kernel_8x4_zvl256b_lmulmf8_unroll8_i8i32,8x4,256b,mf8,8,INT8_RVV,0-7,8,1024,1024,1024,8,GOPS,NA,static,0,6,9.5296,9.6135155,9.018716,9.760021,0.2846959778,0.2255213402,0.220028583,0.238114122,0,0
k1_kernel_tuning,RVV,tile_N,8,k1-rvv,GEMM_RVV_FP32_INT8_8x8_Baseline,RVV_IGEMM_INT8_I8I32_8x8,igemm_kernel_8x8_zvl256b_lmul1_unroll1_i8i32,8x8,256b,1,1,INT8_RVV,0-7,8,1024,1024,1024,8,GOPS,NA,static,0,6,7.6326945,7.7157885,7.226517,7.771298,0.2040511478,0.2815278062,0.276335251,0.297167167,0,0
k1_kernel_tuning,RVV,tile_N,8,k1-rvv,GEMM_RVV_FP32_INT8_8x8_Baseline,RVV_IGEMM_INT8_I8I32_8x8,igemm_kernel_8x8_zvl256b_lmul1_unroll2_i8i32,8x8,256b,1,2,INT8_RVV,0-7,8,1024,1024,1024,8,GOPS,NA,static,0,6,7.3471995,7.302673,7.19917,7.612122,0.1466433915,0.2923813258,0.282113664,0.298296001,0,0
k1_kernel_tuning,RVV,tile_N,8,k1-rvv,GEMM_RVV_FP32_INT8_8x8_Baseline,RVV_IGEMM_INT8_I8I32_8x8,igemm_kernel_8x8_zvl256b_lmul1_unroll4_i8i32,8x8,256b,1,4,INT8_RVV,0-7,8,1024,1024,1024,8,GOPS,NA,static,0,6,7.216315,7.2610455,6.986438,7.322412,0.129451018,0.2976684585,0.293275457,0.307378918,0,0
k1_kernel_tuning,RVV,tile_N,8,k1-rvv,GEMM_RVV_FP32_INT8_8x8_Baseline,RVV_IGEMM_INT8_I8I32_8x8,igemm_kernel_8x8_zvl256b_lmul1_unroll8_i8i32,8x8,256b,1,8,INT8_RVV,0-7,8,1024,1024,1024,8,GOPS,NA,static,0,6,7.4396195,7.3604335,7.250886,7.821646,0.2027477706,0.2888284928,0.274556499,0.296168458,0,0
k1_kernel_tuning,RVV,tile_N,8,k1-rvv,GEMM_RVV_FP32_INT8_8x8_Baseline,RVV_IGEMM_INT8_I8I32_8x8,igemm_kernel_8x8_zvl256b_lmul2_unroll1_i8i32,8x8,256b,2,1,INT8_RVV,0-7,8,1024,1024,1024,8,GOPS,NA,static,0,6,3.383586167,3.3919245,3.323695,3.442413,0.04518595597,0.634771313,0.623830959,0.646113377,0,0
k1_kernel_tuning,RVV,tile_N,8,k1-rvv,GEMM_RVV_FP32_INT8_8x8_Baseline,RVV_IGEMM_INT8_I8I32_8x8,igemm_kernel_8x8_zvl256b_lmul2_unroll2_i8i32,8x8,256b,2,2,INT8_RVV,0-7,8,1024,1024,1024,8,GOPS,NA,static,0,6,3.419577333,3.4125615,3.393326,3.460491,0.0242934091,0.6280230422,0.620571878,0.632855043,0,0
k1_kernel_tuning,RVV,tile_N,8,k1-rvv,GEMM_RVV_FP32_INT8_8x8_Baseline,RVV_IGEMM_INT8_I8I32_8x8,igemm_kernel_8x8_zvl256b_lmul2_unroll4_i8i32,8x8,256b,2,4,INT8_RVV,0-7,8,1024,1024,1024,8,GOPS,NA,static,0,6,3.027949333,3.021276,2.985531,3.079349,0.034880017,0.7092985902,0.69738229,0.719296958,0,0
k1_kernel_tuning,RVV,tile_N,8,k1-rvv,GEMM_RVV_FP32_INT8_8x8_Baseline,RVV_IGEMM_INT8_I8I32_8x8,igemm_kernel_8x8_zvl256b_lmul2_unroll8_i8i32,8x8,256b,2,8,INT8_RVV,0-7,8,1024,1024,1024,8,GOPS,NA,static,0,6,3.522672167,3.509225,3.475783,3.60233,0.04403937274,0.6096962988,0.596137416,0.617841624,0,0
k1_kernel_tuning,RVV,tile_N,8,k1-rvv,GEMM_RVV_FP32_INT8_8x8_Baseline,RVV_IGEMM_INT8_I8I32_8x8,igemm_kernel_8x8_zvl256b_lmulmf2_unroll1_i8i32,8x8,256b,mf2,1,INT8_RVV,0-7,8,1024,1024,1024,8,GOPS,NA,static,0,6,10.26048567,10.2297775,9.883172,10.650316,0.2750506546,0.2094216185,0.201635666,0.217286874,0,0
k1_kernel_tuning,RVV,tile_N,8,k1-rvv,GEMM_RVV_FP32_INT8_8x8_Baseline,RVV_IGEMM_INT8_I8I32_8x8,igemm_kernel_8x8_zvl256b_lmulmf2_unroll2_i8i32,8x8,256b,mf2,2,INT8_RVV,0-7,8,1024,1024,1024,8,GOPS,NA,static,0,6,10.40242233,10.3836395,10.13389,10.827241,0.2334692865,0.2065258123,0.198340792,0.211911082,0,0
k1_kernel_tuning,RVV,tile_N,8,k1-rvv,GEMM_RVV_FP32_INT8_8x8_Baseline,RVV_IGEMM_INT8_I8I32_8x8,igemm_kernel_8x8_zvl256b_lmulmf2_unroll4_i8i32,8x8,256b,mf2,4,INT8_RVV,0-7,8,1024,1024,1024,8,GOPS,NA,static,0,6,10.28139317,10.237266,9.873991,10.613823,0.2777846762,0.2089983338,0.202328958,0.217488915,0,0
k1_kernel_tuning,RVV,tile_N,8,k1-rvv,GEMM_RVV_FP32_INT8_8x8_Baseline,RVV_IGEMM_INT8_I8I32_8x8,igemm_kernel_8x8_zvl256b_lmulmf2_unroll8_i8i32,8x8,256b,mf2,8,INT8_RVV,0-7,8,1024,1024,1024,8,GOPS,NA,static,0,6,10.0311685,10.580176,8.60799,10.729903,0.9577585242,0.2158368682,0.200140081,0.249475624,0,0
k1_kernel_tuning,RVV,tile_N,8,k1-rvv,GEMM_RVV_FP32_INT8_8x8_Baseline,RVV_IGEMM_INT8_I8I32_8x8,igemm_kernel_8x8_zvl256b_lmulmf4_unroll1_i8i32,8x8,256b,mf4,1,INT8_RVV,0-7,8,1024,1024,1024,8,GOPS,NA,static,0,6,10.386698,10.352726,10.115836,10.746087,0.2612059523,0.2068616742,0.199838668,0.212289292,0,0
k1_kernel_tuning,RVV,tile_N,8,k1-rvv,GEMM_RVV_FP32_INT8_8x8_Baseline,RVV_IGEMM_INT8_I8I32_8x8,igemm_kernel_8x8_zvl256b_lmulmf4_unroll2_i8i32,8x8,256b,mf4,2,INT8_RVV,0-7,8,1024,1024,1024,8,GOPS,NA,static,0,6,10.705593,10.826713,10.127962,10.948391,0.3141999563,0.2007433193,0.196146041,0.212035123,0,0
k1_kernel_tuning,RVV,tile_N,8,k1-rvv,GEMM_RVV_FP32_INT8_8x8_Baseline,RVV_IGEMM_INT8_I8I32_8x8,igemm_kernel_8x8_zvl256b_lmulmf4_unroll4_i8i32,8x8,256b,mf4,4,INT8_RVV,0-7,8,1024,1024,1024,8,GOPS,NA,static,0,6,9.3601575,9.3158525,8.689988,10.185263,0.4898897218,0.2299432493,0.210842248,0.247121584,0,0
k1_kernel_tuning,RVV,tile_N,8,k1-rvv,GEMM_RVV_FP32_INT8_8x8_Baseline,RVV_IGEMM_INT8_I8I32_8x8,igemm_kernel_8x8_zvl256b_lmulmf4_unroll8_i8i32,8x8,256b,mf4,8,INT8_RVV,0-7,8,1024,1024,1024,8,GOPS,NA,static,0,6,10.53175067,10.5904595,10.031455,10.822765,0.2662863796,0.2040173752,0.198422834,0.214074999,0,0
k1_kernel_tuning,IME,tile_N,8,k1-ime,IME_NATIVE_KERNELS,IME_GEMM_INT8_I8I32_8x4_NATIVE,ime_kernel_8x4_zvl256b_lmul1_unroll1,8x4,256b,1,1,INT8_IME,0-3,4,1024,1024,1024,8,GOPS,NA,static,0,6,5.419903333,5.561243,4.984651,5.744162,0.3260137988,0.3974599665,0.373855002,0.430819292,0,0
k1_kernel_tuning,IME,tile_N,8,k1-ime,IME_NATIVE_KERNELS,IME_GEMM_INT8_I8I32_8x4_NATIVE,ime_kernel_8x4_zvl256b_lmul1_unroll2,8x4,256b,1,2,INT8_IME,0-3,4,1024,1024,1024,8,GOPS,NA,static,0,6,5.453927,5.58148,4.796954,5.732661,0.3474874704,0.395198167,0.374605045,0.447676543,0,0
k1_kernel_tuning,IME,tile_N,8,k1-ime,IME_NATIVE_KERNELS,IME_GEMM_INT8_I8I32_8x4_NATIVE,ime_kernel_8x4_zvl256b_lmul1_unroll4,8x4,256b,1,4,INT8_IME,0-3,4,1024,1024,1024,8,GOPS,NA,static,0,6,5.056208333,5.0564885,4.709332,5.517178,0.3001240368,0.4259545548,0.389235914,0.456006039,0,0
k1_kernel_tuning,IME,tile_N,8,k1-ime,IME_NATIVE_KERNELS,IME_GEMM_INT8_I8I32_8x4_NATIVE,ime_kernel_8x4_zvl256b_lmul1_unroll8,8x4,256b,1,8,INT8_IME,0-3,4,1024,1024,1024,8,GOPS,NA,static,0,6,5.1840165,5.0585485,4.874345,5.690633,0.3278371483,0.4155863958,0.377371665,0.440568626,0,0
k1_kernel_tuning,IME,tile_N,8,k1-ime,IME_NATIVE_KERNELS,IME_GEMM_INT8_I8I32_8x8_NATIVE,ime_kernel_8x8_zvl256b_lmul1_unroll1,8x8,256b,1,1,INT8_IME,0-3,4,1024,1024,1024,8,GOPS,NA,static,0,6,5.452458167,5.8378185,4.398926,6.158959,0.8020902262,0.401774118,0.348676417,0.48818367,0,0
k1_kernel_tuning,IME,tile_N,8,k1-ime,IME_NATIVE_KERNELS,IME_GEMM_INT8_I8I32_8x8_NATIVE,ime_kernel_8x8_zvl256b_lmul1_unroll2,8x8,256b,1,2,INT8_IME,0-3,4,1024,1024,1024,8,GOPS,NA,static,0,6,4.850434333,4.586312,4.441735,5.988389,0.5835735933,0.4474014502,0.358607914,0.483478542,0,0
k1_kernel_tuning,IME,tile_N,8,k1-ime,IME_NATIVE_KERNELS,IME_GEMM_INT8_I8I32_8x8_NATIVE,ime_kernel_8x8_zvl256b_lmul1_unroll4,8x8,256b,1,4,INT8_IME,0-3,4,1024,1024,1024,8,GOPS,NA,static,0,6,5.376289167,5.5184735,4.30137,6.373499,0.8901447193,0.4090407355,0.336939499,0.499255706,0,0
k1_kernel_tuning,IME,tile_N,8,k1-ime,IME_NATIVE_KERNELS,IME_GEMM_INT8_I8I32_8x8_NATIVE,ime_kernel_8x8_zvl256b_lmul1_unroll8,8x8,256b,1,8,INT8_IME,0-3,4,1024,1024,1024,8,GOPS,NA,static,0,6,4.939375667,4.6416385,4.244488,5.945532,0.7408446582,0.442483764,0.361192834,0.505946416,0,0
k1_kernel_tuning,RVV,tile_N,16,k1-rvv,GEMM_RVV_FP32_INT8_8x4_Baseline,RVV_IGEMM_INT8_I8I32_8x4,igemm_kernel_8x4_zvl256b_lmul1_unroll1_i8i32,8x4,256b,1,1,INT8_RVV,0-7,8,1024,1024,1024,16,GOPS,NA,static,0,6,6.231438667,6.2486935,6.037665,6.383797,0.1317452155,0.344750048,0.336395998,0.355681166,0,0
k1_kernel_tuning,RVV,tile_N,16,k1-rvv,GEMM_RVV_FP32_INT8_8x4_Baseline,RVV_IGEMM_INT8_I8I32_8x4,igemm_kernel_8x4_zvl256b_lmul1_unroll2_i8i32,8x4,256b,1,2,INT8_RVV,0-7,8,1024,1024,1024,16,GOPS,NA,static,0,6,4.346255833,4.3347675,4.295791,4.406084,0.04976678966,0.4941535352,0.4873905,0.499904126,0,0
k1_kernel_tuning,RVV,tile_N,16,k1-rvv,GEMM_RVV_FP32_INT8_8x4_Baseline,RVV_IGEMM_INT8_I8I32_8x4,igemm_kernel_8x4_zvl256b_lmul1_unroll4_i8i32,8x4,256b,1,4,INT8_RVV,0-7,8,1024,1024,1024,16,GOPS,NA,static,0,6,4.255314667,4.2881465,4.158195,4.321282,0.07601865227,0.5047946795,0.496955208,0.51644608,0,0
k1_kernel_tuning,RVV,tile_N,16,k1-rvv,GEMM_RVV_FP32_INT8_8x4_Baseline,RVV_IGEMM_INT8_I8I32_8x4,igemm_kernel_8x4_zvl256b_lmul1_unroll8_i8i32,8x4,256b,1,8,INT8_RVV,0-7,8,1024,1024,1024,16,GOPS,NA,static,0,6,4.574921667,4.584536,4.510958,4.604546,0.03276693099,0.4694236323,0.466383334,0.476059377,0,0
k1_kernel_tuning,RVV,tile_N,16,k1-rvv,GEMM_RVV_FP32_INT8_8x4_Baseline,RVV_IGEMM_INT8_I8I32_8x4,igemm_kernel_8x4_zvl256b_lmul2_unroll1_i8i32,8x4,256b,2,1,INT8_RVV,0-7,8,1024,1024,1024,16,GOPS,NA,static,0,6,2.0265,2.0298305,2.010729,2.043595,0.01308288528,1.059737695,1.050836336,1.068012543,0,0
k1_kernel_tuning,RVV,tile_N,16,k1-rvv,GEMM_RVV_FP32_INT8_8x4_Baseline,RVV_IGEMM_INT8_I8I32_8x4,igemm_kernel_8x4_zvl256b_lmul2_unroll2_i8i32,8x4,256b,2,2,INT8_RVV,0-7,8,1024,1024,1024,16,GOPS,NA,static,0,6,1.943544167,1.9486315,1.92686,1.953157,0.01091179797,1.10496093,1.099493708,1.114499249,0,0
k1_kernel_tuning,RVV,tile_N,16,k1-rvv,GEMM_RVV_FP32_INT8_8x4_Baseline,RVV_IGEMM_INT8_I8I32_8x4,igemm_kernel_8x4_zvl256b_lmul2_unroll4_i8i32,8x4,256b,2,4,INT8_RVV,0-7,8,1024,1024,1024,16,GOPS,NA,static,0,6,1.683704,1.6861235,1.668836,1.695923,0.01204245247,1.275506493,1.266262833,1.286815375,0,0
k1_kernel_tuning,RVV,tile_N,16,k1-rvv,GEMM_RVV_FP32_INT8_8x4_Baseline,RVV_IGEMM_INT8_I8I32_8x4,igemm_kernel_8x4_zvl256b_lmul2_unroll8_i8i32,8x4,256b,2,8,INT8_RVV,0-7,8,1024,1024,1024,16,GOPS,NA,static,0,6,1.657188333,1.659751,1.646993,1.664353,0.00644135227,1.295876174,1.290281001,1.303881209,0,0
k1_kernel_tuning,RVV,tile_N,16,k1-rvv,GEMM_RVV_FP32_INT8_8x4_Baseline,RVV_IGEMM_INT8_I8I32_8x4,igemm_kernel_8x4_zvl256b_lmulmf2_unroll1_i8i32,8x4,256b,mf2,1,INT8_RVV,0-7,8,1024,1024,1024,16,GOPS,NA,static,0,6,13.19578267,13.179261,12.812562,13.605371,0.2972596893,0.1628088603,0.157840874,0.167607665,0,0
k1_kernel_tuning,RVV,tile_N,16,k1-rvv,GEMM_RVV_FP32_INT8_8x4_Baseline,RVV_IGEMM_INT8_I8I32_8x4,igemm_kernel_8x4_zvl256b_lmulmf2_unroll2_i8i32,8x4,256b,mf2,2,INT8_RVV,0-7,8,1024,1024,1024,16,GOPS,NA,static,0,6,13.5527375,13.516563,13.256866,13.998241,0.2429439206,0.158495674,0.15341096,0.161990292,0,0
k1_kernel_tuning,RVV,tile_N,16,k1-rvv,GEMM_RVV_FP32_INT8_8x4_Baseline,RVV_IGEMM_INT8_I8I32_8x4,igemm_kernel_8x4_zvl256b_lmulmf2_unroll4_i8i32,8x4,256b,mf2,4,INT8_RVV,0-7,8,1024,1024,1024,16,GOPS,NA,static,0,6,13.60412517,13.609271,13.420546,13.730802,0.1202845244,0.1578656465,0.156399,0.160014626,0,0
k1_kernel_tuning,RVV,tile_N,16,k1-rvv,GEMM_RVV_FP32_INT8_8x4_Baseline,RVV_IGEMM_INT8_I8I32_8x4,igemm_kernel_8x4_zvl256b_lmulmf2_unroll8_i8i32,8x4,256b,mf2,8,INT8_RVV,0-7,8,1024,1024,1024,16,GOPS,NA,static,0,6,13.35407983,13.4709595,12.661876,13.957947,0.4681434386,0.160977785,0.153853834,0.169602334,0,0
k1_kernel_tuning,RVV,tile_N,16,k1-rvv,GEMM_RVV_FP32_INT8_8x4_Baseline,RVV_IGEMM_INT8_I8I32_8x4,igemm_kernel_8x4_zvl256b_lmulmf4_unroll1_i8i32,8x4,256b,mf4,1,INT8_RVV,0-7,8,1024,1024,1024,16,GOPS,NA,static,0,6,15.06052817,15.189443,14.161232,15.43811,0.4629501835,0.1427072852,0.139102753,0.151645251,0,0
k1_kernel_tuning,RVV,tile_N,16,k1-rvv,GEMM_RVV_FP32_INT8_8x4_Baseline,RVV_IGEMM_INT8_I8I32_8x4,igemm_kernel_8x4_zvl256b_lmulmf4_unroll2_i8i32,8x4,256b,mf4,2,INT8_RVV,0-7,8,1024,1024,1024,16,GOPS,NA,static,0,6,15.25457783,15.572027,13.725521,16.136328,0.926909078,0.14123109,0.133083791,0.156459168,0,0
k1_kernel_tuning,RVV,tile_N,16,k1-rvv,GEMM_RVV_FP32_INT8_8x4_Baseline,RVV_IGEMM_INT8_I8I32_8x4,igemm_kernel_8x4_zvl256b_lmulmf4_unroll4_i8i32,8x4,256b,mf4,4,INT8_RVV,0-7,8,1024,1024,1024,16,GOPS,NA,static,0,6,15.21603217,15.3138895,14.194329,15.803738,0.5515289649,0.141293576,0.135884542,0.151291665,0,0
k1_kernel_tuning,RVV,tile_N,16,k1-rvv,GEMM_RVV_FP32_INT8_8x4_Baseline,RVV_IGEMM_INT8_I8I32_8x4,igemm_kernel_8x4_zvl256b_lmulmf4_unroll8_i8i32,8x4,256b,mf4,8,INT8_RVV,0-7,8,1024,1024,1024,16,GOPS,NA,static,0,6,15.47009917,15.5674735,14.7205,16.183866,0.5037696237,0.1389386182,0.132692873,0.145883877,0,0
k1_kernel_tuning,RVV,tile_N,16,k1-rvv,GEMM_RVV_FP32_INT8_8x4_Baseline,RVV_IGEMM_INT8_I8I32_8x4,igemm_kernel_8x4_zvl256b_lmulmf8_unroll1_i8i32,8x4,256b,mf8,1,INT8_RVV,0-7,8,1024,1024,1024,16,GOPS,NA,static,0,6,15.49858333,15.5226355,15.010082,16.121755,0.3836436144,0.1386302082,0.133204084,0.143069416,0,0
k1_kernel_tuning,RVV,tile_N,16,k1-rvv,GEMM_RVV_FP32_INT8_8x4_Baseline,RVV_IGEMM_INT8_I8I32_8x4,igemm_kernel_8x4_zvl256b_lmulmf8_unroll2_i8i32,8x4,256b,mf8,2,INT8_RVV,0-7,8,1024,1024,1024,16,GOPS,NA,static,0,6,15.88496517,15.957528,15.335107,16.312335,0.3654349261,0.1352498625,0.131647836,0.140037086,0,0
k1_kernel_tuning,RVV,tile_N,16,k1-rvv,GEMM_RVV_FP32_INT8_8x4_Baseline,RVV_IGEMM_INT8_I8I32_8x4,igemm_kernel_8x4_zvl256b_lmulmf8_unroll4_i8i32,8x4,256b,mf8,4,INT8_RVV,0-7,8,1024,1024,1024,16,GOPS,NA,static,0,6,15.36629367,15.5598055,14.387367,16.042009,0.5784275835,0.1399224867,0.133866251,0.14926175,0,0
k1_kernel_tuning,RVV,tile_N,16,k1-rvv,GEMM_RVV_FP32_INT8_8x4_Baseline,RVV_IGEMM_INT8_I8I32_8x4,igemm_kernel_8x4_zvl256b_lmulmf8_unroll8_i8i32,8x4,256b,mf8,8,INT8_RVV,0-7,8,1024,1024,1024,16,GOPS,NA,static,0,6,15.62835,15.5417135,15.157518,16.102378,0.3685122409,0.1374729028,0.133364376,0.141677789,0,0
k1_kernel_tuning,RVV,tile_N,16,k1-rvv,GEMM_RVV_FP32_INT8_8x8_Baseline,RVV_IGEMM_INT8_I8I32_8x8,igemm_kernel_8x8_zvl256b_lmul1_unroll1_i8i32,8x8,256b,1,1,INT8_RVV,0-7,8,1024,1024,1024,16,GOPS,NA,static,0,6,10.33643867,10.33138,10.069915,10.576603,0.1932203442,0.2078191948,0.203040961,0.213257376,0,0
k1_kernel_tuning,RVV,tile_N,16,k1-rvv,GEMM_RVV_FP32_INT8_8x8_Baseline,RVV_IGEMM_INT8_I8I32_8x8,igemm_kernel_8x8_zvl256b_lmul1_unroll2_i8i32,8x8,256b,1,2,INT8_RVV,0-7,8,1024,1024,1024,16,GOPS,NA,static,0,6,9.146675167,9.2086145,8.848706,9.365605,0.1830549985,0.2348622717,0.22929471,0.242688999,0,0
k1_kernel_tuning,RVV,tile_N,16,k1-rvv,GEMM_RVV_FP32_INT8_8x8_Baseline,RVV_IGEMM_INT8_I8I32_8x8,igemm_kernel_8x8_zvl256b_lmul1_unroll4_i8i32,8x8,256b,1,4,INT8_RVV,0-7,8,1024,1024,1024,16,GOPS,NA,static,0,6,9.308102667,9.346342,9.045142,9.582651,0.2039501526,0.2308037785,0.224101208,0.237418458,0,0
k1_kernel_tuning,RVV,tile_N,16,k1-rvv,GEMM_RVV_FP32_INT8_8x8_Baseline,RVV_IGEMM_INT8_I8I32_8x8,igemm_kernel_8x8_zvl256b_lmul1_unroll8_i8i32,8x8,256b,1,8,INT8_RVV,0-7,8,1024,1024,1024,16,GOPS,NA,static,0,6,10.02436883,10.097201,9.733659,10.264725,0.2272084864,0.2143188888,0.209210042,0.220624499,0,0
k1_kernel_tuning,RVV,tile_N,16,k1-rvv,GEMM_RVV_FP32_INT8_8x8_Baseline,RVV_IGEMM_INT8_I8I32_8x8,igemm_kernel_8x8_zvl256b_lmul2_unroll1_i8i32,8x8,256b,2,1,INT8_RVV,0-7,8,1024,1024,1024,16,GOPS,NA,static,0,6,3.681141,3.6989,3.623372,3.71262,0.03571675363,0.5834205623,0.578428041,0.592675418,0,0
k1_kernel_tuning,RVV,tile_N,16,k1-rvv,GEMM_RVV_FP32_INT8_8x8_Baseline,RVV_IGEMM_INT8_I8I32_8x8,igemm_kernel_8x8_zvl256b_lmul2_unroll2_i8i32,8x8,256b,2,2,INT8_RVV,0-7,8,1024,1024,1024,16,GOPS,NA,static,0,6,3.702179,3.725299,3.579836,3.755267,0.06417957133,0.5802077837,0.571859084,0.599883247,0,0
k1_kernel_tuning,RVV,tile_N,16,k1-rvv,GEMM_RVV_FP32_INT8_8x8_Baseline,RVV_IGEMM_INT8_I8I32_8x8,igemm_kernel_8x8_zvl256b_lmul2_unroll4_i8i32,8x8,256b,2,4,INT8_RVV,0-7,8,1024,1024,1024,16,GOPS,NA,static,0,6,3.236687833,3.2403815,3.200099,3.256768,0.01952892599,0.6635020623,0.659391001,0.671067793,0,0
k1_kernel_tuning,RVV,tile_N,16,k1-rvv,GEMM_RVV_FP32_INT8_8x8_Baseline,RVV_IGEMM_INT8_I8I32_8x8,igemm_kernel_8x8_zvl256b_lmul2_unroll8_i8i32,8x8,256b,2,8,INT8_RVV,0-7,8,1024,1024,1024,16,GOPS,NA,static,0,6,3.8599145,3.8627385,3.828625,3.882888,0.02230026906,0.556370716,0.553063501,0.560902003,0,0
k1_kernel_tuning,RVV,tile_N,16,k1-rvv,GEMM_RVV_FP32_INT8_8x8_Baseline,RVV_IGEMM_INT8_I8I32_8x8,igemm_kernel_8x8_zvl256b_lmulmf2_unroll1_i8i32,8x8,256b,mf2,1,INT8_RVV,0-7,8,1024,1024,1024,16,GOPS,NA,static,0,6,17.52286417,17.6929825,16.89255,18.118638,0.5043813168,0.1226387012,0.11852346,0.127126083,0,0
k1_kernel_tuning,RVV,tile_N,16,k1-rvv,GEMM_RVV_FP32_INT8_8x8_Baseline,RVV_IGEMM_INT8_I8I32_8x8,igemm_kernel_8x8_zvl256b_lmulmf2_unroll2_i8i32,8x8,256b,mf2,2,INT8_RVV,0-7,8,1024,1024,1024,16,GOPS,NA,static,0,6,17.83778117,17.870938,17.606492,18.034456,0.1787731751,0.120399722,0.119076706,0.121971127,0,0
k1_kernel_tuning,RVV,tile_N,16,k1-rvv,GEMM_RVV_FP32_INT8_8x8_Baseline,RVV_IGEMM_INT8_I8I32_8x8,igemm_kernel_8x8_zvl256b_lmulmf2_unroll4_i8i32,8x8,256b,mf2,4,INT8_RVV,0-7,8,1024,1024,1024,16,GOPS,NA,static,0,6,17.84269467,17.9224725,17.428139,18.124595,0.2523710616,0.1203767157,0.118484501,0.123219334,0,0
k1_kernel_tuning,RVV,tile_N,16,k1-rvv,GEMM_RVV_FP32_INT8_8x8_Baseline,RVV_IGEMM_INT8_I8I32_8x8,igemm_kernel_8x8_zvl256b_lmulmf2_unroll8_i8i32,8x8,256b,mf2,8,INT8_RVV,0-7,8,1024,1024,1024,16,GOPS,NA,static,0,6,17.7715595,17.7887385,17.340389,18.223596,0.332900646,0.1208735683,0.11784083,0.123842876,0,0
k1_kernel_tuning,RVV,tile_N,16,k1-rvv,GEMM_RVV_FP32_INT8_8x8_Baseline,RVV_IGEMM_INT8_I8I32_8x8,igemm_kernel_8x8_zvl256b_lmulmf4_unroll1_i8i32,8x8,256b,mf4,1,INT8_RVV,0-7,8,1024,1024,1024,16,GOPS,NA,static,0,6,18.31527683,18.763391,16.994678,19.01606,0.8433468848,0.11746566,0.11293,0.126362126,0,0
k1_kernel_tuning,RVV,tile_N,16,k1-rvv,GEMM_RVV_FP32_INT8_8x8_Baseline,RVV_IGEMM_INT8_I8I32_8x8,igemm_kernel_8x8_zvl256b_lmulmf4_unroll2_i8i32,8x8,256b,mf4,2,INT8_RVV,0-7,8,1024,1024,1024,16,GOPS,NA,static,0,6,16.52554717,16.401719,14.210331,18.933023,1.510888859,0.1308651378,0.113425292,0.151121292,0,0
k1_kernel_tuning,RVV,tile_N,16,k1-rvv,GEMM_RVV_FP32_INT8_8x8_Baseline,RVV_IGEMM_INT8_I8I32_8x8,igemm_kernel_8x8_zvl256b_lmulmf4_unroll4_i8i32,8x8,256b,mf4,4,INT8_RVV,0-7,8,1024,1024,1024,16,GOPS,NA,static,0,6,18.11365517,18.5312305,15.852848,18.802438,1.131693798,0.1189830633,0.114213042,0.135463584,0,0
k1_kernel_tuning,RVV,tile_N,16,k1-rvv,GEMM_RVV_FP32_INT8_8x8_Baseline,RVV_IGEMM_INT8_I8I32_8x8,igemm_kernel_8x8_zvl256b_lmulmf4_unroll8_i8i32,8x8,256b,mf4,8,INT8_RVV,0-7,8,1024,1024,1024,16,GOPS,NA,static,0,6,17.80317283,18.2766785,16.544654,18.729702,0.9395547562,0.1209127642,0.114656582,0.129799251,0,0
k1_kernel_tuning,IME,tile_N,16,k1-ime,IME_NATIVE_KERNELS,IME_GEMM_INT8_I8I32_8x4_NATIVE,ime_kernel_8x4_zvl256b_lmul1_unroll1,8x4,256b,1,1,INT8_IME,0-3,4,1024,1024,1024,16,GOPS,NA,static,0,6,9.8701525,10.2639895,8.791143,10.358057,0.6767833781,0.2184775,0.207324959,0.244278081,0,0
k1_kernel_tuning,IME,tile_N,16,k1-ime,IME_NATIVE_KERNELS,IME_GEMM_INT8_I8I32_8x4_NATIVE,ime_kernel_8x4_zvl256b_lmul1_unroll2,8x4,256b,1,2,INT8_IME,0-3,4,1024,1024,1024,16,GOPS,NA,static,0,6,9.454565667,9.6780025,8.391702,10.284046,0.7040326954,0.2282316037,0.208817001,0.255905624,0,0
k1_kernel_tuning,IME,tile_N,16,k1-ime,IME_NATIVE_KERNELS,IME_GEMM_INT8_I8I32_8x4_NATIVE,ime_kernel_8x4_zvl256b_lmul1_unroll4,8x4,256b,1,4,INT8_IME,0-3,4,1024,1024,1024,16,GOPS,NA,static,0,6,9.4624005,9.5268705,9.096777,9.756729,0.2916750149,0.2271306465,0.220102832,0.236070834,0,0
k1_kernel_tuning,IME,tile_N,16,k1-ime,IME_NATIVE_KERNELS,IME_GEMM_INT8_I8I32_8x4_NATIVE,ime_kernel_8x4_zvl256b_lmul1_unroll8,8x4,256b,1,8,INT8_IME,0-3,4,1024,1024,1024,16,GOPS,NA,static,0,6,9.4721075,9.473602,8.743064,10.183137,0.6355369537,0.2275714092,0.210886247,0.245621417,0,0
k1_kernel_tuning,IME,tile_N,16,k1-ime,IME_NATIVE_KERNELS,IME_GEMM_INT8_I8I32_8x8_NATIVE,ime_kernel_8x8_zvl256b_lmul1_unroll1,8x8,256b,1,1,INT8_IME,0-3,4,1024,1024,1024,16,GOPS,NA,static,0,6,9.0543515,8.8636545,8.167996,10.87806,0.9857471929,0.2393179733,0.197414208,0.262914374,0,0
k1_kernel_tuning,IME,tile_N,16,k1-ime,IME_NATIVE_KERNELS,IME_GEMM_INT8_I8I32_8x8_NATIVE,ime_kernel_8x8_zvl256b_lmul1_unroll2,8x8,256b,1,2,INT8_IME,0-3,4,1024,1024,1024,16,GOPS,NA,static,0,6,9.932150333,10.1923035,7.444015,11.273985,1.521030323,0.2210259853,0.190481331,0.288484585,0,0
k1_kernel_tuning,IME,tile_N,16,k1-ime,IME_NATIVE_KERNELS,IME_GEMM_INT8_I8I32_8x8_NATIVE,ime_kernel_8x8_zvl256b_lmul1_unroll4,8x8,256b,1,4,INT8_IME,0-3,4,1024,1024,1024,16,GOPS,NA,static,0,6,9.533172,8.6339175,8.194155,11.903299,1.650456385,0.2304528753,0.180410791,0.262075044,0,0
k1_kernel_tuning,IME,tile_N,16,k1-ime,IME_NATIVE_KERNELS,IME_GEMM_INT8_I8I32_8x8_NATIVE,ime_kernel_8x8_zvl256b_lmul1_unroll8,8x8,256b,1,8,INT8_IME,0-3,4,1024,1024,1024,16,GOPS,NA,static,0,6,9.802965833,9.8181885,8.334274,11.306969,1.196711701,0.2218410553,0.189925667,0.257668957,0,0
k1_kernel_tuning,RVV,tile_N,32,k1-rvv,GEMM_RVV_FP32_INT8_8x4_Baseline,RVV_IGEMM_INT8_I8I32_8x4,igemm_kernel_8x4_zvl256b_lmul1_unroll1_i8i32,8x4,256b,1,1,INT8_RVV,0-7,8,1024,1024,1024,32,GOPS,NA,static,0,6,6.930667167,6.9281985,6.872598,7.000206,0.05489746794,0.3098685553,0.306774333,0.312470417,0,0
k1_kernel_tuning,RVV,tile_N,32,k1-rvv,GEMM_RVV_FP32_INT8_8x4_Baseline,RVV_IGEMM_INT8_I8I32_8x4,igemm_kernel_8x4_zvl256b_lmul1_unroll2_i8i32,8x4,256b,1,2,INT8_RVV,0-7,8,1024,1024,1024,32,GOPS,NA,static,0,6,4.6273585,4.639741,4.585301,4.663546,0.03116908647,0.4641017425,0.460483041,0.468340792,0,0
k1_kernel_tuning,RVV,tile_N,32,k1-rvv,GEMM_RVV_FP32_INT8_8x4_Baseline,RVV_IGEMM_INT8_I8I32_8x4,igemm_kernel_8x4_zvl256b_lmul1_unroll4_i8i32,8x4,256b,1,4,INT8_RVV,0-7,8,1024,1024,1024,32,GOPS,NA,static,0,6,4.52224,4.525216,4.467507,4.565003,0.0342064327,0.4748943735,0.470423289,0.480689459,0,0
k1_kernel_tuning,RVV,tile_N,32,k1-rvv,GEMM_RVV_FP32_INT8_8x4_Baseline,RVV_IGEMM_INT8_I8I32_8x4,igemm_kernel_8x4_zvl256b_lmul1_unroll8_i8i32,8x4,256b,1,8,INT8_RVV,0-7,8,1024,1024,1024,32,GOPS,NA,static,0,6,4.868272833,4.878445,4.809711,4.891122,0.03018917999,0.4411324373,0.439057458,0.446489125,0,0
k1_kernel_tuning,RVV,tile_N,32,k1-rvv,GEMM_RVV_FP32_INT8_8x4_Baseline,RVV_IGEMM_INT8_I8I32_8x4,igemm_kernel_8x4_zvl256b_lmul2_unroll1_i8i32,8x4,256b,2,1,INT8_RVV,0-7,8,1024,1024,1024,32,GOPS,NA,static,0,6,2.081219667,2.0870135,2.05517,2.091518,0.01382353247,1.031877208,1.02675825,1.044917792,0,0
k1_kernel_tuning,RVV,tile_N,32,k1-rvv,GEMM_RVV_FP32_INT8_8x4_Baseline,RVV_IGEMM_INT8_I8I32_8x4,igemm_kernel_8x4_zvl256b_lmul2_unroll2_i8i32,8x4,256b,2,2,INT8_RVV,0-7,8,1024,1024,1024,32,GOPS,NA,static,0,6,1.992504,1.990757,1.981617,2.011388,0.01018036041,1.077804598,1.067662336,1.083702669,0,0
k1_kernel_tuning,RVV,tile_N,32,k1-rvv,GEMM_RVV_FP32_INT8_8x4_Baseline,RVV_IGEMM_INT8_I8I32_8x4,igemm_kernel_8x4_zvl256b_lmul2_unroll4_i8i32,8x4,256b,2,4,INT8_RVV,0-7,8,1024,1024,1024,32,GOPS,NA,static,0,6,1.717740833,1.715122,1.71166,1.726566,0.006099901095,1.25019232,1.24378917,1.254620418,0,0
k1_kernel_tuning,RVV,tile_N,32,k1-rvv,GEMM_RVV_FP32_INT8_8x4_Baseline,RVV_IGEMM_INT8_I8I32_8x4,igemm_kernel_8x4_zvl256b_lmul2_unroll8_i8i32,8x4,256b,2,8,INT8_RVV,0-7,8,1024,1024,1024,32,GOPS,NA,static,0,6,1.6828685,1.6821745,1.672433,1.692109,0.007802631473,1.276108153,1.269116666,1.284047626,0,0
k1_kernel_tuning,RVV,tile_N,32,k1-rvv,GEMM_RVV_FP32_INT8_8x4_Baseline,RVV_IGEMM_INT8_I8I32_8x4,igemm_kernel_8x4_zvl256b_lmulmf2_unroll1_i8i32,8x4,256b,mf2,1,INT8_RVV,0-7,8,1024,1024,1024,32,GOPS,NA,static,0,6,16.5521255,16.658425,15.73092,17.099445,0.4544935864,0.1298241677,0.125587918,0.136513542,0,0
k1_kernel_tuning,RVV,tile_N,32,k1-rvv,GEMM_RVV_FP32_INT8_8x4_Baseline,RVV_IGEMM_INT8_I8I32_8x4,igemm_kernel_8x4_zvl256b_lmulmf2_unroll2_i8i32,8x4,256b,mf2,2,INT8_RVV,0-7,8,1024,1024,1024,32,GOPS,NA,static,0,6,17.86532167,17.9387715,17.001613,18.558173,0.5363629331,0.1202955278,0.115716331,0.126310583,0,0
k1_kernel_tuning,RVV,tile_N,32,k1-rvv,GEMM_RVV_FP32_INT8_8x4_Baseline,RVV_IGEMM_INT8_I8I32_8x4,igemm_kernel_8x4_zvl256b_lmulmf2_unroll4_i8i32,8x4,256b,mf2,4,INT8_RVV,0-7,8,1024,1024,1024,32,GOPS,NA,static,0,6,18.0731715,18.0198235,17.777703,18.502349,0.2544476741,0.1188410898,0.116065457,0.120796461,0,0
k1_kernel_tuning,RVV,tile_N,32,k1-rvv,GEMM_RVV_FP32_INT8_8x4_Baseline,RVV_IGEMM_INT8_I8I32_8x4,igemm_kernel_8x4_zvl256b_lmulmf2_unroll8_i8i32,8x4,256b,mf2,8,INT8_RVV,0-7,8,1024,1024,1024,32,GOPS,NA,static,0,6,17.63438817,17.8210805,16.651828,17.990227,0.4947344217,0.1218615002,0.119369458,0.128963836,0,0
k1_kernel_tuning,RVV,tile_N,32,k1-rvv,GEMM_RVV_FP32_INT8_8x4_Baseline,RVV_IGEMM_INT8_I8I32_8x4,igemm_kernel_8x4_zvl256b_lmulmf4_unroll1_i8i32,8x4,256b,mf4,1,INT8_RVV,0-7,8,1024,1024,1024,32,GOPS,NA,static,0,6,20.7355105,20.6397205,19.750434,22.157195,0.8098730383,0.1036940777,0.096920375,0.108730961,0,0
k1_kernel_tuning,RVV,tile_N,32,k1-rvv,GEMM_RVV_FP32_INT8_8x4_Baseline,RVV_IGEMM_INT8_I8I32_8x4,igemm_kernel_8x4_zvl256b_lmulmf4_unroll2_i8i32,8x4,256b,mf4,2,INT8_RVV,0-7,8,1024,1024,1024,32,GOPS,NA,static,0,6,21.81444933,21.7501845,21.218587,22.424602,0.461902486,0.098479882,0.095764626,0.101207666,0,0
k1_kernel_tuning,RVV,tile_N,32,k1-rvv,GEMM_RVV_FP32_INT8_8x4_Baseline,RVV_IGEMM_INT8_I8I32_8x4,igemm_kernel_8x4_zvl256b_lmulmf4_unroll4_i8i32,8x4,256b,mf4,4,INT8_RVV,0-7,8,1024,1024,1024,32,GOPS,NA,static,0,6,22.52639967,22.9103965,20.480695,23.290896,1.069014388,0.095522466,0.092202708,0.104854044,0,0
k1_kernel_tuning,RVV,tile_N,32,k1-rvv,GEMM_RVV_FP32_INT8_8x4_Baseline,RVV_IGEMM_INT8_I8I32_8x4,igemm_kernel_8x4_zvl256b_lmulmf4_unroll8_i8i32,8x4,256b,mf4,8,INT8_RVV,0-7,8,1024,1024,1024,32,GOPS,NA,static,0,6,21.64461533,22.2226535,19.921853,22.789315,1.303830173,0.09952711667,0.094232041,0.107795376,0,0
k1_kernel_tuning,RVV,tile_N,32,k1-rvv,GEMM_RVV_FP32_INT8_8x4_Baseline,RVV_IGEMM_INT8_I8I32_8x4,igemm_kernel_8x4_zvl256b_lmulmf8_unroll1_i8i32,8x4,256b,mf8,1,INT8_RVV,0-7,8,1024,1024,1024,32,GOPS,NA,static,0,6,21.78642267,22.0266565,20.344223,23.115362,0.9912294949,0.09874217333,0.092902876,0.105557416,0,0
k1_kernel_tuning,RVV,tile_N,32,k1-rvv,GEMM_RVV_FP32_INT8_8x4_Baseline,RVV_IGEMM_INT8_I8I32_8x4,igemm_kernel_8x4_zvl256b_lmulmf8_unroll2_i8i32,8x4,256b,mf8,2,INT8_RVV,0-7,8,1024,1024,1024,32,GOPS,NA,static,0,6,23.084266,23.0054325,21.871939,24.043336,0.7754425331,0.09311639567,0.08931721,0.098184418,0,0
k1_kernel_tuning,RVV,tile_N,32,k1-rvv,GEMM_RVV_FP32_INT8_8x4_Baseline,RVV_IGEMM_INT8_I8I32_8x4,igemm_kernel_8x4_zvl256b_lmulmf8_unroll4_i8i32,8x4,256b,mf8,4,INT8_RVV,0-7,8,1024,1024,1024,32,GOPS,NA,static,0,6,22.38341333,22.8100565,19.472393,23.863481,1.533978631,0.0963514795,0.089990377,0.110283498,0,0
k1_kernel_tuning,RVV,tile_N,32,k1-rvv,GEMM_RVV_FP32_INT8_8x4_Baseline,RVV_IGEMM_INT8_I8I32_8x4,igemm_kernel_8x4_zvl256b_lmulmf8_unroll8_i8i32,8x4,256b,mf8,8,INT8_RVV,0-7,8,1024,1024,1024,32,GOPS,NA,static,0,6,21.25695667,21.352377,19.076915,23.31727,2.197655641,0.1019343548,0.092098415,0.112569753,0,0
k1_kernel_tuning,RVV,tile_N,32,k1-rvv,GEMM_RVV_FP32_INT8_8x8_Baseline,RVV_IGEMM_INT8_I8I32_8x8,igemm_kernel_8x8_zvl256b_lmul1_unroll1_i8i32,8x8,256b,1,1,INT8_RVV,0-7,8,1024,1024,1024,32,GOPS,NA,static,0,6,12.4662875,12.4565375,12.342026,12.63182,0.09840310923,0.1722721943,0.170005877,0.173997667,0,0
k1_kernel_tuning,RVV,tile_N,32,k1-rvv,GEMM_RVV_FP32_INT8_8x8_Baseline,RVV_IGEMM_INT8_I8I32_8x8,igemm_kernel_8x8_zvl256b_lmul1_unroll2_i8i32,8x8,256b,1,2,INT8_RVV,0-7,8,1024,1024,1024,32,GOPS,NA,static,0,6,11.26113617,11.280403,11.151229,11.367049,0.07806451788,0.1907063122,0.188921832,0.192578208,0,0
k1_kernel_tuning,RVV,tile_N,32,k1-rvv,GEMM_RVV_FP32_INT8_8x8_Baseline,RVV_IGEMM_INT8_I8I32_8x8,igemm_kernel_8x8_zvl256b_lmul1_unroll4_i8i32,8x8,256b,1,4,INT8_RVV,0-7,8,1024,1024,1024,32,GOPS,NA,static,0,6,10.85969,11.014433,10.096068,11.320276,0.4861202732,0.198087883,0.189702418,0.212704957,0,0
k1_kernel_tuning,RVV,tile_N,32,k1-rvv,GEMM_RVV_FP32_INT8_8x8_Baseline,RVV_IGEMM_INT8_I8I32_8x8,igemm_kernel_8x8_zvl256b_lmul1_unroll8_i8i32,8x8,256b,1,8,INT8_RVV,0-7,8,1024,1024,1024,32,GOPS,NA,static,0,6,11.68730367,11.616252,11.520894,11.920382,0.1842562778,0.1837827715,0.180152249,0.186399043,0,0
k1_kernel_tuning,RVV,tile_N,32,k1-rvv,GEMM_RVV_FP32_INT8_8x8_Baseline,RVV_IGEMM_INT8_I8I32_8x8,igemm_kernel_8x8_zvl256b_lmul2_unroll1_i8i32,8x8,256b,2,1,INT8_RVV,0-7,8,1024,1024,1024,32,GOPS,NA,static,0,6,3.832897167,3.833618,3.777173,3.882557,0.03751259292,0.5603216937,0.553110708,0.568542581,0,0
k1_kernel_tuning,RVV,tile_N,32,k1-rvv,GEMM_RVV_FP32_INT8_8x8_Baseline,RVV_IGEMM_INT8_I8I32_8x8,igemm_kernel_8x8_zvl256b_lmul2_unroll2_i8i32,8x8,256b,2,2,INT8_RVV,0-7,8,1024,1024,1024,32,GOPS,NA,static,0,6,3.878501333,3.867338,3.858524,3.908775,0.02367839766,0.5537061523,0.549400706,0.556555748,0,0
k1_kernel_tuning,RVV,tile_N,32,k1-rvv,GEMM_RVV_FP32_INT8_8x8_Baseline,RVV_IGEMM_INT8_I8I32_8x8,igemm_kernel_8x8_zvl256b_lmul2_unroll4_i8i32,8x8,256b,2,4,INT8_RVV,0-7,8,1024,1024,1024,32,GOPS,NA,static,0,6,3.3774395,3.3883405,3.325164,3.415313,0.03908889116,0.6359031535,0.628780834,0.645827793,0,0
k1_kernel_tuning,RVV,tile_N,32,k1-rvv,GEMM_RVV_FP32_INT8_8x8_Baseline,RVV_IGEMM_INT8_I8I32_8x8,igemm_kernel_8x8_zvl256b_lmul2_unroll8_i8i32,8x8,256b,2,8,INT8_RVV,0-7,8,1024,1024,1024,32,GOPS,NA,static,0,6,4.028772167,4.0244525,3.983063,4.088365,0.03683733566,0.53307375,0.525267083,0.539153837,0,0
k1_kernel_tuning,RVV,tile_N,32,k1-rvv,GEMM_RVV_FP32_INT8_8x8_Baseline,RVV_IGEMM_INT8_I8I32_8x8,igemm_kernel_8x8_zvl256b_lmulmf2_unroll1_i8i32,8x8,256b,mf2,1,INT8_RVV,0-7,8,1024,1024,1024,32,GOPS,NA,static,0,6,26.51815983,26.7627565,25.580559,27.155523,0.5996388686,0.08101661817,0.079080917,0.083949834,0,0
k1_kernel_tuning,RVV,tile_N,32,k1-rvv,GEMM_RVV_FP32_INT8_8x8_Baseline,RVV_IGEMM_INT8_I8I32_8x8,igemm_kernel_8x8_zvl256b_lmulmf2_unroll2_i8i32,8x8,256b,mf2,2,INT8_RVV,0-7,8,1024,1024,1024,32,GOPS,NA,static,0,6,27.966756,28.436393,25.356867,29.268651,1.384425615,0.07695372283,0.073371459,0.084690418,0,0
k1_kernel_tuning,RVV,tile_N,32,k1-rvv,GEMM_RVV_FP32_INT8_8x8_Baseline,RVV_IGEMM_INT8_I8I32_8x8,igemm_kernel_8x8_zvl256b_lmulmf2_unroll4_i8i32,8x8,256b,mf2,4,INT8_RVV,0-7,8,1024,1024,1024,32,GOPS,NA,static,0,6,27.856617,28.3105825,25.363169,29.320902,1.538622719,0.077294125,0.073240709,0.084669374,0,0
k1_kernel_tuning,RVV,tile_N,32,k1-rvv,GEMM_RVV_FP32_INT8_8x8_Baseline,RVV_IGEMM_INT8_I8I32_8x8,igemm_kernel_8x8_zvl256b_lmulmf2_unroll8_i8i32,8x8,256b,mf2,8,INT8_RVV,0-7,8,1024,1024,1024,32,GOPS,NA,static,0,6,27.81116967,28.407302,24.54073,28.871999,1.638217746,0.07746215283,0.074379459,0.087506916,0,0
k1_kernel_tuning,RVV,tile_N,32,k1-rvv,GEMM_RVV_FP32_INT8_8x8_Baseline,RVV_IGEMM_INT8_I8I32_8x8,igemm_kernel_8x8_zvl256b_lmulmf4_unroll1_i8i32,8x8,256b,mf4,1,INT8_RVV,0-7,8,1024,1024,1024,32,GOPS,NA,static,0,6,27.64666017,27.4331975,26.079815,28.970428,1.12791076,0.07778388817,0.07412675,0.082342748,0,0
k1_kernel_tuning,RVV,tile_N,32,k1-rvv,GEMM_RVV_FP32_INT8_8x8_Baseline,RVV_IGEMM_INT8_I8I32_8x8,igemm_kernel_8x8_zvl256b_lmulmf4_unroll2_i8i32,8x8,256b,mf4,2,INT8_RVV,0-7,8,1024,1024,1024,32,GOPS,NA,static,0,6,29.055555,29.879904,25.946643,30.916709,2.065085372,0.07423649367,0.069460291,0.082765374,0,0
k1_kernel_tuning,RVV,tile_N,32,k1-rvv,GEMM_RVV_FP32_INT8_8x8_Baseline,RVV_IGEMM_INT8_I8I32_8x8,igemm_kernel_8x8_zvl256b_lmulmf4_unroll4_i8i32,8x8,256b,mf4,4,INT8_RVV,0-7,8,1024,1024,1024,32,GOPS,NA,static,0,6,28.78555017,28.9505415,27.08605,29.775055,0.914579833,0.07466775733,0.072123583,0.079283752,0,0
k1_kernel_tuning,RVV,tile_N,32,k1-rvv,GEMM_RVV_FP32_INT8_8x8_Baseline,RVV_IGEMM_INT8_I8I32_8x8,igemm_kernel_8x8_zvl256b_lmulmf4_unroll8_i8i32,8x8,256b,mf4,8,INT8_RVV,0-7,8,1024,1024,1024,32,GOPS,NA,static,0,6,29.63204067,29.4821415,28.805887,30.864572,0.7511563953,0.07250999367,0.069577627,0.074550167,0,0
k1_kernel_tuning,IME,tile_N,32,k1-ime,IME_NATIVE_KERNELS,IME_GEMM_INT8_I8I32_8x4_NATIVE,ime_kernel_8x4_zvl256b_lmul1_unroll1,8x4,256b,1,1,INT8_IME,0-3,4,1024,1024,1024,32,GOPS,NA,static,0,6,16.18497633,16.3469105,15.034558,16.908721,0.7234895362,0.1329107848,0.1270045,0.1428365,0,0
k1_kernel_tuning,IME,tile_N,32,k1-ime,IME_NATIVE_KERNELS,IME_GEMM_INT8_I8I32_8x4_NATIVE,ime_kernel_8x4_zvl256b_lmul1_unroll2,8x4,256b,1,2,INT8_IME,0-3,4,1024,1024,1024,32,GOPS,NA,static,0,6,15.39710767,15.399836,14.093659,16.340024,0.824819491,0.139815333,0.131424751,0.152372334,0,0
k1_kernel_tuning,IME,tile_N,32,k1-ime,IME_NATIVE_KERNELS,IME_GEMM_INT8_I8I32_8x4_NATIVE,ime_kernel_8x4_zvl256b_lmul1_unroll4,8x4,256b,1,4,INT8_IME,0-3,4,1024,1024,1024,32,GOPS,NA,static,0,6,16.63110417,16.641031,16.218797,16.967135,0.2433223146,0.1291477295,0.126567252,0.132407084,0,0
k1_kernel_tuning,IME,tile_N,32,k1-ime,IME_NATIVE_KERNELS,IME_GEMM_INT8_I8I32_8x4_NATIVE,ime_kernel_8x4_zvl256b_lmul1_unroll8,8x4,256b,1,8,INT8_IME,0-3,4,1024,1024,1024,32,GOPS,NA,static,0,6,15.779194,15.739874,14.960013,16.798263,0.7582684111,0.1363568542,0.127839625,0.14354825,0,0
k1_kernel_tuning,IME,tile_N,32,k1-ime,IME_NATIVE_KERNELS,IME_GEMM_INT8_I8I32_8x8_NATIVE,ime_kernel_8x8_zvl256b_lmul1_unroll1,8x8,256b,1,1,INT8_IME,0-3,4,1024,1024,1024,32,GOPS,NA,static,0,6,17.48070117,17.1946545,14.524017,20.544111,2.583807624,0.1251172157,0.104530375,0.147857416,0,0
k1_kernel_tuning,IME,tile_N,32,k1-ime,IME_NATIVE_KERNELS,IME_GEMM_INT8_I8I32_8x8_NATIVE,ime_kernel_8x8_zvl256b_lmul1_unroll2,8x8,256b,1,2,INT8_IME,0-3,4,1024,1024,1024,32,GOPS,NA,static,0,6,16.9761075,17.1099695,14.352431,18.928663,1.753792763,0.1276794928,0.113451418,0.149625082,0,0
k1_kernel_tuning,IME,tile_N,32,k1-ime,IME_NATIVE_KERNELS,IME_GEMM_INT8_I8I32_8x8_NATIVE,ime_kernel_8x8_zvl256b_lmul1_unroll4,8x8,256b,1,4,INT8_IME,0-3,4,1024,1024,1024,32,GOPS,NA,static,0,6,19.80212717,20.411302,15.129375,21.94513,2.368400345,0.1100276998,0.097856957,0.141941331,0,0
k1_kernel_tuning,IME,tile_N,32,k1-ime,IME_NATIVE_KERNELS,IME_GEMM_INT8_I8I32_8x8_NATIVE,ime_kernel_8x8_zvl256b_lmul1_unroll8,8x8,256b,1,8,INT8_IME,0-3,4,1024,1024,1024,32,GOPS,NA,static,0,6,18.24768567,18.593772,15.140797,20.641678,2.303982442,0.1193326185,0.10403629,0.141834252,0,0
k1_kernel_tuning,RVV,tile_N,64,k1-rvv,GEMM_RVV_FP32_INT8_8x4_Baseline,RVV_IGEMM_INT8_I8I32_8x4,igemm_kernel_8x4_zvl256b_lmul1_unroll1_i8i32,8x4,256b,1,1,INT8_RVV,0-7,8,1024,1024,1024,64,GOPS,NA,static,0,6,7.383548,7.38603,7.364161,7.408234,0.01638497948,0.2908483123,0.289877959,0.291612793,0,0
k1_kernel_tuning,RVV,tile_N,64,k1-rvv,GEMM_RVV_FP32_INT8_8x4_Baseline,RVV_IGEMM_INT8_I8I32_8x4,igemm_kernel_8x4_zvl256b_lmul1_unroll2_i8i32,8x4,256b,1,2,INT8_RVV,0-7,8,1024,1024,1024,64,GOPS,NA,static,0,6,4.826166833,4.834608,4.784934,4.845687,0.02156484457,0.4449741528,0.443174209,0.448801126,0,0
k1_kernel_tuning,RVV,tile_N,64,k1-rvv,GEMM_RVV_FP32_INT8_8x4_Baseline,RVV_IGEMM_INT8_I8I32_8x4,igemm_kernel_8x4_zvl256b_lmul1_unroll4_i8i32,8x4,256b,1,4,INT8_RVV,0-7,8,1024,1024,1024,64,GOPS,NA,static,0,6,4.689680333,4.7020395,4.627907,4.73345,0.03847442932,0.4579426672,0.453682583,0.464029167,0,0
k1_kernel_tuning,RVV,tile_N,64,k1-rvv,GEMM_RVV_FP32_INT8_8x4_Baseline,RVV_IGEMM_INT8_I8I32_8x4,igemm_kernel_8x4_zvl256b_lmul1_unroll8_i8i32,8x4,256b,1,8,INT8_RVV,0-7,8,1024,1024,1024,64,GOPS,NA,static,0,6,5.106932667,5.1101915,5.067425,5.131859,0.02192153253,0.4205100752,0.418461166,0.423781998,0,0
k1_kernel_tuning,RVV,tile_N,64,k1-rvv,GEMM_RVV_FP32_INT8_8x4_Baseline,RVV_IGEMM_INT8_I8I32_8x4,igemm_kernel_8x4_zvl256b_lmul2_unroll1_i8i32,8x4,256b,2,1,INT8_RVV,0-7,8,1024,1024,1024,64,GOPS,NA,static,0,6,2.093429667,2.095484,2.076046,2.111839,0.012560638,1.025851458,1.016878251,1.034410376,0,0
k1_kernel_tuning,RVV,tile_N,64,k1-rvv,GEMM_RVV_FP32_INT8_8x4_Baseline,RVV_IGEMM_INT8_I8I32_8x4,igemm_kernel_8x4_zvl256b_lmul2_unroll2_i8i32,8x4,256b,2,2,INT8_RVV,0-7,8,1024,1024,1024,64,GOPS,NA,static,0,6,1.952513,2.011622,1.768931,2.035509,0.1121170582,1.103031702,1.055010419,1.214000918,0,0
k1_kernel_tuning,RVV,tile_N,64,k1-rvv,GEMM_RVV_FP32_INT8_8x4_Baseline,RVV_IGEMM_INT8_I8I32_8x4,igemm_kernel_8x4_zvl256b_lmul2_unroll4_i8i32,8x4,256b,2,4,INT8_RVV,0-7,8,1024,1024,1024,64,GOPS,NA,static,0,6,1.7444555,1.7444195,1.739963,1.749381,0.003323345889,1.231037507,1.227567416,1.23421254,0,0
k1_kernel_tuning,RVV,tile_N,64,k1-rvv,GEMM_RVV_FP32_INT8_8x4_Baseline,RVV_IGEMM_INT8_I8I32_8x4,igemm_kernel_8x4_zvl256b_lmul2_unroll8_i8i32,8x4,256b,2,8,INT8_RVV,0-7,8,1024,1024,1024,64,GOPS,NA,static,0,6,1.696503833,1.694318,1.69191,1.707201,0.005853240963,1.265841541,1.257897291,1.269265916,0,0
k1_kernel_tuning,RVV,tile_N,64,k1-rvv,GEMM_RVV_FP32_INT8_8x4_Baseline,RVV_IGEMM_INT8_I8I32_8x4,igemm_kernel_8x4_zvl256b_lmulmf2_unroll1_i8i32,8x4,256b,mf2,1,INT8_RVV,0-7,8,1024,1024,1024,64,GOPS,NA,static,0,6,20.457338,20.5433075,20.045906,20.682839,0.2510380528,0.1049870427,0.10382925,0.107128292,0,0
k1_kernel_tuning,RVV,tile_N,64,k1-rvv,GEMM_RVV_FP32_INT8_8x4_Baseline,RVV_IGEMM_INT8_I8I32_8x4,igemm_kernel_8x4_zvl256b_lmulmf2_unroll2_i8i32,8x4,256b,mf2,2,INT8_RVV,0-7,8,1024,1024,1024,64,GOPS,NA,static,0,6,21.0056725,20.8445595,20.558304,21.985383,0.510331882,0.1022823752,0.09767779,0.104458209,0,0
k1_kernel_tuning,RVV,tile_N,64,k1-rvv,GEMM_RVV_FP32_INT8_8x4_Baseline,RVV_IGEMM_INT8_I8I32_8x4,igemm_kernel_8x4_zvl256b_lmulmf2_unroll4_i8i32,8x4,256b,mf2,4,INT8_RVV,0-7,8,1024,1024,1024,64,GOPS,NA,static,0,6,21.419007,21.478924,20.914001,21.898043,0.3943338642,0.1002890482,0.098067377,0.102681626,0,0
k1_kernel_tuning,RVV,tile_N,64,k1-rvv,GEMM_RVV_FP32_INT8_8x4_Baseline,RVV_IGEMM_INT8_I8I32_8x4,igemm_kernel_8x4_zvl256b_lmulmf2_unroll8_i8i32,8x4,256b,mf2,8,INT8_RVV,0-7,8,1024,1024,1024,64,GOPS,NA,static,0,6,21.11114917,21.436231,19.617313,21.745101,0.8022780257,0.1018508485,0.098757125,0.109468795,0,0
k1_kernel_tuning,RVV,tile_N,64,k1-rvv,GEMM_RVV_FP32_INT8_8x4_Baseline,RVV_IGEMM_INT8_I8I32_8x4,igemm_kernel_8x4_zvl256b_lmulmf4_unroll1_i8i32,8x4,256b,mf4,1,INT8_RVV,0-7,8,1024,1024,1024,64,GOPS,NA,static,0,6,26.845467,26.978894,25.620666,27.490562,0.6795600131,0.08003803483,0.078117125,0.083818417,0,0
k1_kernel_tuning,RVV,tile_N,64,k1-rvv,GEMM_RVV_FP32_INT8_8x4_Baseline,RVV_IGEMM_INT8_I8I32_8x4,igemm_kernel_8x4_zvl256b_lmulmf4_unroll2_i8i32,8x4,256b,mf4,2,INT8_RVV,0-7,8,1024,1024,1024,64,GOPS,NA,static,0,6,29.0045835,29.0178615,28.10539,29.892486,0.8027076864,0.07408676283,0.071840249,0.076408248,0,0
k1_kernel_tuning,RVV,tile_N,64,k1-rvv,GEMM_RVV_FP32_INT8_8x4_Baseline,RVV_IGEMM_INT8_I8I32_8x4,igemm_kernel_8x4_zvl256b_lmulmf4_unroll4_i8i32,8x4,256b,mf4,4,INT8_RVV,0-7,8,1024,1024,1024,64,GOPS,NA,static,0,6,28.46454217,28.3301705,27.289286,29.752041,0.8737402368,0.07550313817,0.072179373,0.078693289,0,0
k1_kernel_tuning,RVV,tile_N,64,k1-rvv,GEMM_RVV_FP32_INT8_8x4_Baseline,RVV_IGEMM_INT8_I8I32_8x4,igemm_kernel_8x4_zvl256b_lmulmf4_unroll8_i8i32,8x4,256b,mf4,8,INT8_RVV,0-7,8,1024,1024,1024,64,GOPS,NA,static,0,6,29.33326517,29.240661,28.726844,30.134005,0.5517348824,0.07323131967,0.071264461,0.074755292,0,0
k1_kernel_tuning,RVV,tile_N,64,k1-rvv,GEMM_RVV_FP32_INT8_8x4_Baseline,RVV_IGEMM_INT8_I8I32_8x4,igemm_kernel_8x4_zvl256b_lmulmf8_unroll1_i8i32,8x4,256b,mf8,1,INT8_RVV,0-7,8,1024,1024,1024,64,GOPS,NA,static,0,6,28.84397183,28.8053405,28.490236,29.302816,0.2825197473,0.07445765967,0.073285915,0.075376127,0,0
k1_kernel_tuning,RVV,tile_N,64,k1-rvv,GEMM_RVV_FP32_INT8_8x4_Baseline,RVV_IGEMM_INT8_I8I32_8x4,igemm_kernel_8x4_zvl256b_lmulmf8_unroll2_i8i32,8x4,256b,mf8,2,INT8_RVV,0-7,8,1024,1024,1024,64,GOPS,NA,static,0,6,30.94671867,31.143682,29.615869,31.60514,0.7697103989,0.06942944417,0.067947291,0.072511248,0,0
k1_kernel_tuning,RVV,tile_N,64,k1-rvv,GEMM_RVV_FP32_INT8_8x4_Baseline,RVV_IGEMM_INT8_I8I32_8x4,igemm_kernel_8x4_zvl256b_lmulmf8_unroll4_i8i32,8x4,256b,mf8,4,INT8_RVV,0-7,8,1024,1024,1024,64,GOPS,NA,static,0,6,28.70953667,30.473538,24.523693,31.032851,3.16661977,0.07562391617,0.069200333,0.087567709,0,0
k1_kernel_tuning,RVV,tile_N,64,k1-rvv,GEMM_RVV_FP32_INT8_8x4_Baseline,RVV_IGEMM_INT8_I8I32_8x4,igemm_kernel_8x4_zvl256b_lmulmf8_unroll8_i8i32,8x4,256b,mf8,8,INT8_RVV,0-7,8,1024,1024,1024,64,GOPS,NA,static,0,6,29.10082467,29.7281045,25.572752,30.518751,1.813298903,0.07405611767,0.07036604,0.08397546,0,0
k1_kernel_tuning,RVV,tile_N,64,k1-rvv,GEMM_RVV_FP32_INT8_8x8_Baseline,RVV_IGEMM_INT8_I8I32_8x8,igemm_kernel_8x8_zvl256b_lmul1_unroll1_i8i32,8x8,256b,1,1,INT8_RVV,0-7,8,1024,1024,1024,64,GOPS,NA,static,0,6,13.528857,13.651772,13.084669,13.761962,0.2865766821,0.1587937295,0.156044874,0.164122127,0,0
k1_kernel_tuning,RVV,tile_N,64,k1-rvv,GEMM_RVV_FP32_INT8_8x8_Baseline,RVV_IGEMM_INT8_I8I32_8x8,igemm_kernel_8x8_zvl256b_lmul1_unroll2_i8i32,8x8,256b,1,2,INT8_RVV,0-7,8,1024,1024,1024,64,GOPS,NA,static,0,6,12.34662867,12.3351725,12.221695,12.51987,0.1002004582,0.1739422985,0.171526041,0.17571079,0,0
k1_kernel_tuning,RVV,tile_N,64,k1-rvv,GEMM_RVV_FP32_INT8_8x8_Baseline,RVV_IGEMM_INT8_I8I32_8x8,igemm_kernel_8x8_zvl256b_lmul1_unroll4_i8i32,8x8,256b,1,4,INT8_RVV,0-7,8,1024,1024,1024,64,GOPS,NA,static,0,6,12.196171,12.254945,11.880252,12.333446,0.1639101734,0.1761054795,0.174118705,0.18076079,0,0
k1_kernel_tuning,RVV,tile_N,64,k1-rvv,GEMM_RVV_FP32_INT8_8x8_Baseline,RVV_IGEMM_INT8_I8I32_8x8,igemm_kernel_8x8_zvl256b_lmul1_unroll8_i8i32,8x8,256b,1,8,INT8_RVV,0-7,8,1024,1024,1024,64,GOPS,NA,static,0,6,13.20944533,13.203317,13.00581,13.407893,0.1293390695,0.1625848203,0.160165627,0.165117249,0,0
k1_kernel_tuning,RVV,tile_N,64,k1-rvv,GEMM_RVV_FP32_INT8_8x8_Baseline,RVV_IGEMM_INT8_I8I32_8x8,igemm_kernel_8x8_zvl256b_lmul2_unroll1_i8i32,8x8,256b,2,1,INT8_RVV,0-7,8,1024,1024,1024,64,GOPS,NA,static,0,6,3.864888333,3.9381565,3.484353,3.9612,0.1872309105,0.5568199452,0.542129543,0.616322,0,0
k1_kernel_tuning,RVV,tile_N,64,k1-rvv,GEMM_RVV_FP32_INT8_8x8_Baseline,RVV_IGEMM_INT8_I8I32_8x8,igemm_kernel_8x8_zvl256b_lmul2_unroll2_i8i32,8x8,256b,2,2,INT8_RVV,0-7,8,1024,1024,1024,64,GOPS,NA,static,0,6,4.031213833,4.032503,4.001372,4.046332,0.01650164489,0.5327213687,0.530723542,0.536686793,0,0
k1_kernel_tuning,RVV,tile_N,64,k1-rvv,GEMM_RVV_FP32_INT8_8x8_Baseline,RVV_IGEMM_INT8_I8I32_8x8,igemm_kernel_8x8_zvl256b_lmul2_unroll4_i8i32,8x8,256b,2,4,INT8_RVV,0-7,8,1024,1024,1024,64,GOPS,NA,static,0,6,3.4755075,3.4804685,3.445952,3.484509,0.0147452741,0.6178999655,0.61629454,0.623190168,0,0
k1_kernel_tuning,RVV,tile_N,64,k1-rvv,GEMM_RVV_FP32_INT8_8x8_Baseline,RVV_IGEMM_INT8_I8I32_8x8,igemm_kernel_8x8_zvl256b_lmul2_unroll8_i8i32,8x8,256b,2,8,INT8_RVV,0-7,8,1024,1024,1024,64,GOPS,NA,static,0,6,4.068690833,4.178519,3.809994,4.197547,0.1843669287,0.5287394177,0.511604458,0.56364492,0,0
k1_kernel_tuning,RVV,tile_N,64,k1-rvv,GEMM_RVV_FP32_INT8_8x8_Baseline,RVV_IGEMM_INT8_I8I32_8x8,igemm_kernel_8x8_zvl256b_lmulmf2_unroll1_i8i32,8x8,256b,mf2,1,INT8_RVV,0-7,8,1024,1024,1024,64,GOPS,NA,static,0,6,34.1525965,34.090464,33.15713,35.415644,0.8772689875,0.06291347867,0.060636584,0.064766873,0,0
k1_kernel_tuning,RVV,tile_N,64,k1-rvv,GEMM_RVV_FP32_INT8_8x8_Baseline,RVV_IGEMM_INT8_I8I32_8x8,igemm_kernel_8x8_zvl256b_lmulmf2_unroll2_i8i32,8x8,256b,mf2,2,INT8_RVV,0-7,8,1024,1024,1024,64,GOPS,NA,static,0,6,36.68799583,37.611436,31.369417,38.214854,2.616890114,0.05881527,0.056194998,0.068457875,0,0
k1_kernel_tuning,RVV,tile_N,64,k1-rvv,GEMM_RVV_FP32_INT8_8x8_Baseline,RVV_IGEMM_INT8_I8I32_8x8,igemm_kernel_8x8_zvl256b_lmulmf2_unroll4_i8i32,8x8,256b,mf2,4,INT8_RVV,0-7,8,1024,1024,1024,64,GOPS,NA,static,0,6,33.91441817,32.081727,30.895712,38.890391,3.675703203,0.063909076,0.055218875,0.069507498,0,0
k1_kernel_tuning,RVV,tile_N,64,k1-rvv,GEMM_RVV_FP32_INT8_8x8_Baseline,RVV_IGEMM_INT8_I8I32_8x8,igemm_kernel_8x8_zvl256b_lmulmf2_unroll8_i8i32,8x8,256b,mf2,8,INT8_RVV,0-7,8,1024,1024,1024,64,GOPS,NA,static,0,6,38.4179405,38.247721,37.635123,39.795759,0.8879787652,0.05592259017,0.053962626,0.057060625,0,0
k1_kernel_tuning,RVV,tile_N,64,k1-rvv,GEMM_RVV_FP32_INT8_8x8_Baseline,RVV_IGEMM_INT8_I8I32_8x8,igemm_kernel_8x8_zvl256b_lmulmf4_unroll1_i8i32,8x8,256b,mf4,1,INT8_RVV,0-7,8,1024,1024,1024,64,GOPS,NA,static,0,6,41.09732867,40.9435825,40.396862,41.932256,0.6053832872,0.052263014,0.051213168,0.053159665,0,0
k1_kernel_tuning,RVV,tile_N,64,k1-rvv,GEMM_RVV_FP32_INT8_8x8_Baseline,RVV_IGEMM_INT8_I8I32_8x8,igemm_kernel_8x8_zvl256b_lmulmf4_unroll2_i8i32,8x8,256b,mf4,2,INT8_RVV,0-7,8,1024,1024,1024,64,GOPS,NA,static,0,6,41.02718483,42.92935,30.839917,44.784806,5.114723896,0.05318909633,0.047951166,0.069633249,0,0
k1_kernel_tuning,RVV,tile_N,64,k1-rvv,GEMM_RVV_FP32_INT8_8x8_Baseline,RVV_IGEMM_INT8_I8I32_8x8,igemm_kernel_8x8_zvl256b_lmulmf4_unroll4_i8i32,8x8,256b,mf4,4,INT8_RVV,0-7,8,1024,1024,1024,64,GOPS,NA,static,0,6,41.74807767,42.1949475,38.261748,43.527207,1.841717597,0.05152717283,0.049336582,0.056126125,0,0
k1_kernel_tuning,RVV,tile_N,64,k1-rvv,GEMM_RVV_FP32_INT8_8x8_Baseline,RVV_IGEMM_INT8_I8I32_8x8,igemm_kernel_8x8_zvl256b_lmulmf4_unroll8_i8i32,8x8,256b,mf4,8,INT8_RVV,0-7,8,1024,1024,1024,64,GOPS,NA,static,0,6,41.29321433,42.637077,34.2414,43.941955,3.541021158,0.05237333233,0.048870917,0.062716,0,0
k1_kernel_tuning,IME,tile_N,64,k1-ime,IME_NATIVE_KERNELS,IME_GEMM_INT8_I8I32_8x4_NATIVE,ime_kernel_8x4_zvl256b_lmul1_unroll1,8x4,256b,1,1,INT8_IME,0-3,4,1024,1024,1024,64,GOPS,NA,static,0,6,24.4513155,24.448393,23.338366,25.414897,0.7738799219,0.0879006385,0.084497042,0.092015166,0,0
k1_kernel_tuning,IME,tile_N,64,k1-ime,IME_NATIVE_KERNELS,IME_GEMM_INT8_I8I32_8x4_NATIVE,ime_kernel_8x4_zvl256b_lmul1_unroll2,8x4,256b,1,2,INT8_IME,0-3,4,1024,1024,1024,64,GOPS,NA,static,0,6,23.75755717,23.7892535,22.898819,24.333621,0.4973603494,0.09042509767,0.08825171,0.093781415,0,0
k1_kernel_tuning,IME,tile_N,64,k1-ime,IME_NATIVE_KERNELS,IME_GEMM_INT8_I8I32_8x4_NATIVE,ime_kernel_8x4_zvl256b_lmul1_unroll4,8x4,256b,1,4,INT8_IME,0-3,4,1024,1024,1024,64,GOPS,NA,static,0,6,23.018742,23.083899,21.891021,23.982384,0.6979192257,0.0933650975,0.089544211,0.098098833,0,0
k1_kernel_tuning,IME,tile_N,64,k1-ime,IME_NATIVE_KERNELS,IME_GEMM_INT8_I8I32_8x4_NATIVE,ime_kernel_8x4_zvl256b_lmul1_unroll8,8x4,256b,1,8,INT8_IME,0-3,4,1024,1024,1024,64,GOPS,NA,static,0,6,23.65679133,23.829655,22.734459,24.522131,0.637341338,0.09083190933,0.08757329,0.094459414,0,0
k1_kernel_tuning,IME,tile_N,64,k1-ime,IME_NATIVE_KERNELS,IME_GEMM_INT8_I8I32_8x8_NATIVE,ime_kernel_8x8_zvl256b_lmul1_unroll1,8x8,256b,1,1,INT8_IME,0-3,4,1024,1024,1024,64,GOPS,NA,static,0,6,30.00261117,29.0658825,27.938259,33.029952,2.356361188,0.071932083,0.065016251,0.076865334,0,0
k1_kernel_tuning,IME,tile_N,64,k1-ime,IME_NATIVE_KERNELS,IME_GEMM_INT8_I8I32_8x8_NATIVE,ime_kernel_8x8_zvl256b_lmul1_unroll2,8x8,256b,1,2,INT8_IME,0-3,4,1024,1024,1024,64,GOPS,NA,static,0,6,32.007004,32.106661,31.05821,32.680815,0.5393608487,0.06711024917,0.065710835,0.069143832,0,0
k1_kernel_tuning,IME,tile_N,64,k1-ime,IME_NATIVE_KERNELS,IME_GEMM_INT8_I8I32_8x8_NATIVE,ime_kernel_8x8_zvl256b_lmul1_unroll4,8x8,256b,1,4,INT8_IME,0-3,4,1024,1024,1024,64,GOPS,NA,static,0,6,31.05484617,31.514745,27.529372,32.628141,1.905924667,0.06938450617,0.065816917,0.078006998,0,0
k1_kernel_tuning,IME,tile_N,64,k1-ime,IME_NATIVE_KERNELS,IME_GEMM_INT8_I8I32_8x8_NATIVE,ime_kernel_8x8_zvl256b_lmul1_unroll8,8x8,256b,1,8,INT8_IME,0-3,4,1024,1024,1024,64,GOPS,NA,static,0,6,28.5988315,28.903385,25.825807,31.309162,2.427273223,0.07554701367,0.068589624,0.083152626,0,0
k1_kernel_tuning,RVV,tile_N,128,k1-rvv,GEMM_RVV_FP32_INT8_8x4_Baseline,RVV_IGEMM_INT8_I8I32_8x4,igemm_kernel_8x4_zvl256b_lmul1_unroll1_i8i32,8x4,256b,1,1,INT8_RVV,0-7,8,1024,1024,1024,128,GOPS,NA,static,0,6,7.5834715,7.608675,7.422685,7.666912,0.08493398909,0.283209486,0.280097581,0.289313585,0,0
k1_kernel_tuning,RVV,tile_N,128,k1-rvv,GEMM_RVV_FP32_INT8_8x4_Baseline,RVV_IGEMM_INT8_I8I32_8x4,igemm_kernel_8x4_zvl256b_lmul1_unroll2_i8i32,8x4,256b,1,2,INT8_RVV,0-7,8,1024,1024,1024,128,GOPS,NA,static,0,6,4.8821175,4.8715525,4.795941,4.950472,0.05462142928,0.4399132922,0.433793709,0.447771084,0,0
k1_kernel_tuning,RVV,tile_N,128,k1-rvv,GEMM_RVV_FP32_INT8_8x4_Baseline,RVV_IGEMM_INT8_I8I32_8x4,igemm_kernel_8x4_zvl256b_lmul1_unroll4_i8i32,8x4,256b,1,4,INT8_RVV,0-7,8,1024,1024,1024,128,GOPS,NA,static,0,6,4.771878167,4.7731515,4.705318,4.827497,0.05208852048,0.4500737295,0.444844082,0.456395,0,0
k1_kernel_tuning,RVV,tile_N,128,k1-rvv,GEMM_RVV_FP32_INT8_8x4_Baseline,RVV_IGEMM_INT8_I8I32_8x4,igemm_kernel_8x4_zvl256b_lmul1_unroll8_i8i32,8x4,256b,1,8,INT8_RVV,0-7,8,1024,1024,1024,128,GOPS,NA,static,0,6,5.187558,5.195031,5.123953,5.242881,0.05061212834,0.4140010135,0.40959996,0.419106834,0,0
k1_kernel_tuning,RVV,tile_N,128,k1-rvv,GEMM_RVV_FP32_INT8_8x4_Baseline,RVV_IGEMM_INT8_I8I32_8x4,igemm_kernel_8x4_zvl256b_lmul2_unroll1_i8i32,8x4,256b,2,1,INT8_RVV,0-7,8,1024,1024,1024,128,GOPS,NA,static,0,6,2.108022167,2.1085135,2.097493,2.120687,0.008925584562,1.018734945,1.012635626,1.023833752,0,0
k1_kernel_tuning,RVV,tile_N,128,k1-rvv,GEMM_RVV_FP32_INT8_8x4_Baseline,RVV_IGEMM_INT8_I8I32_8x4,igemm_kernel_8x4_zvl256b_lmul2_unroll2_i8i32,8x4,256b,2,2,INT8_RVV,0-7,8,1024,1024,1024,128,GOPS,NA,static,0,6,2.033845333,2.0321375,2.014782,2.048305,0.01215280528,1.055905035,1.048419625,1.06586425,0,0
k1_kernel_tuning,RVV,tile_N,128,k1-rvv,GEMM_RVV_FP32_INT8_8x4_Baseline,RVV_IGEMM_INT8_I8I32_8x4,igemm_kernel_8x4_zvl256b_lmul2_unroll4_i8i32,8x4,256b,2,4,INT8_RVV,0-7,8,1024,1024,1024,128,GOPS,NA,static,0,6,1.756275833,1.760669,1.738342,1.76165,0.009126176032,1.222776238,1.219018377,1.235363375,0,0
k1_kernel_tuning,RVV,tile_N,128,k1-rvv,GEMM_RVV_FP32_INT8_8x4_Baseline,RVV_IGEMM_INT8_I8I32_8x4,igemm_kernel_8x4_zvl256b_lmul2_unroll8_i8i32,8x4,256b,2,8,INT8_RVV,0-7,8,1024,1024,1024,128,GOPS,NA,static,0,6,1.700949167,1.7003205,1.69364,1.706216,0.004740590614,1.262528937,1.258623209,1.267969251,0,0
k1_kernel_tuning,RVV,tile_N,128,k1-rvv,GEMM_RVV_FP32_INT8_8x4_Baseline,RVV_IGEMM_INT8_I8I32_8x4,igemm_kernel_8x4_zvl256b_lmulmf2_unroll1_i8i32,8x4,256b,mf2,1,INT8_RVV,0-7,8,1024,1024,1024,128,GOPS,NA,static,0,6,22.13110633,22.6490295,19.276886,23.046605,1.422344598,0.0974063135,0.093180042,0.111402001,0,0
k1_kernel_tuning,RVV,tile_N,128,k1-rvv,GEMM_RVV_FP32_INT8_8x4_Baseline,RVV_IGEMM_INT8_I8I32_8x4,igemm_kernel_8x4_zvl256b_lmulmf2_unroll2_i8i32,8x4,256b,mf2,2,INT8_RVV,0-7,8,1024,1024,1024,128,GOPS,NA,static,0,6,23.80238867,23.7706765,23.252584,24.364484,0.3927359347,0.09024181267,0.088139918,0.092354625,0,0
k1_kernel_tuning,RVV,tile_N,128,k1-rvv,GEMM_RVV_FP32_INT8_8x4_Baseline,RVV_IGEMM_INT8_I8I32_8x4,igemm_kernel_8x4_zvl256b_lmulmf2_unroll4_i8i32,8x4,256b,mf2,4,INT8_RVV,0-7,8,1024,1024,1024,128,GOPS,NA,static,0,6,23.84385433,23.8226695,22.87327,24.514571,0.5752916205,0.090108758,0.087600295,0.093886167,0,0
k1_kernel_tuning,RVV,tile_N,128,k1-rvv,GEMM_RVV_FP32_INT8_8x4_Baseline,RVV_IGEMM_INT8_I8I32_8x4,igemm_kernel_8x4_zvl256b_lmulmf2_unroll8_i8i32,8x4,256b,mf2,8,INT8_RVV,0-7,8,1024,1024,1024,128,GOPS,NA,static,0,6,23.86959233,23.8664305,23.513904,24.370406,0.3166418436,0.08998047183,0.088118501,0.091328248,0,0
k1_kernel_tuning,RVV,tile_N,128,k1-rvv,GEMM_RVV_FP32_INT8_8x4_Baseline,RVV_IGEMM_INT8_I8I32_8x4,igemm_kernel_8x4_zvl256b_lmulmf4_unroll1_i8i32,8x4,256b,mf4,1,INT8_RVV,0-7,8,1024,1024,1024,128,GOPS,NA,static,0,6,30.7305225,30.907809,29.495329,31.370199,0.7132058642,0.0699130905,0.068456169,0.072807584,0,0
k1_kernel_tuning,RVV,tile_N,128,k1-rvv,GEMM_RVV_FP32_INT8_8x4_Baseline,RVV_IGEMM_INT8_I8I32_8x4,igemm_kernel_8x4_zvl256b_lmulmf4_unroll2_i8i32,8x4,256b,mf4,2,INT8_RVV,0-7,8,1024,1024,1024,128,GOPS,NA,static,0,6,33.65516917,33.573087,32.564644,34.711364,0.7271176367,0.0638332865,0.061866876,0.065945253,0,0
k1_kernel_tuning,RVV,tile_N,128,k1-rvv,GEMM_RVV_FP32_INT8_8x4_Baseline,RVV_IGEMM_INT8_I8I32_8x4,igemm_kernel_8x4_zvl256b_lmulmf4_unroll4_i8i32,8x4,256b,mf4,4,INT8_RVV,0-7,8,1024,1024,1024,128,GOPS,NA,static,0,6,32.33422533,33.443457,26.627007,34.115201,2.844237457,0.066913708,0.062948,0.080650583,0,0
k1_kernel_tuning,RVV,tile_N,128,k1-rvv,GEMM_RVV_FP32_INT8_8x4_Baseline,RVV_IGEMM_INT8_I8I32_8x4,igemm_kernel_8x4_zvl256b_lmulmf4_unroll8_i8i32,8x4,256b,mf4,8,INT8_RVV,0-7,8,1024,1024,1024,128,GOPS,NA,static,0,6,31.01968733,31.814549,26.621588,32.605807,2.214367779,0.06955952067,0.065862,0.080667,0,0
k1_kernel_tuning,RVV,tile_N,128,k1-rvv,GEMM_RVV_FP32_INT8_8x4_Baseline,RVV_IGEMM_INT8_I8I32_8x4,igemm_kernel_8x4_zvl256b_lmulmf8_unroll1_i8i32,8x4,256b,mf8,1,INT8_RVV,0-7,8,1024,1024,1024,128,GOPS,NA,static,0,6,32.5931725,32.3999535,31.52204,33.982713,0.9427850638,0.0659330825,0.063193414,0.068126418,0,0
k1_kernel_tuning,RVV,tile_N,128,k1-rvv,GEMM_RVV_FP32_INT8_8x4_Baseline,RVV_IGEMM_INT8_I8I32_8x4,igemm_kernel_8x4_zvl256b_lmulmf8_unroll2_i8i32,8x4,256b,mf8,2,INT8_RVV,0-7,8,1024,1024,1024,128,GOPS,NA,static,0,6,33.97429867,33.6747975,33.437986,35.05695,0.6185031403,0.0632262435,0.061257001,0.064222876,0,0
k1_kernel_tuning,RVV,tile_N,128,k1-rvv,GEMM_RVV_FP32_INT8_8x4_Baseline,RVV_IGEMM_INT8_I8I32_8x4,igemm_kernel_8x4_zvl256b_lmulmf8_unroll4_i8i32,8x4,256b,mf8,4,INT8_RVV,0-7,8,1024,1024,1024,128,GOPS,NA,static,0,6,33.73404733,34.0053075,32.756754,34.613571,0.7525138422,0.0636858605,0.062041666,0.065558501,0,0
k1_kernel_tuning,RVV,tile_N,128,k1-rvv,GEMM_RVV_FP32_INT8_8x4_Baseline,RVV_IGEMM_INT8_I8I32_8x4,igemm_kernel_8x4_zvl256b_lmulmf8_unroll8_i8i32,8x4,256b,mf8,8,INT8_RVV,0-7,8,1024,1024,1024,128,GOPS,NA,static,0,6,34.36106617,34.412666,32.85098,35.663648,0.9479651071,0.06253758317,0.060214918,0.065370459,0,0
k1_kernel_tuning,RVV,tile_N,128,k1-rvv,GEMM_RVV_FP32_INT8_8x8_Baseline,RVV_IGEMM_INT8_I8I32_8x8,igemm_kernel_8x8_zvl256b_lmul1_unroll1_i8i32,8x8,256b,1,1,INT8_RVV,0-7,8,1024,1024,1024,128,GOPS,NA,static,0,6,14.7294295,14.725615,14.570584,14.825343,0.09243211266,0.1458002423,0.144852206,0.147384875,0,0
k1_kernel_tuning,RVV,tile_N,128,k1-rvv,GEMM_RVV_FP32_INT8_8x8_Baseline,RVV_IGEMM_INT8_I8I32_8x8,igemm_kernel_8x8_zvl256b_lmul1_unroll2_i8i32,8x8,256b,1,2,INT8_RVV,0-7,8,1024,1024,1024,128,GOPS,NA,static,0,6,13.08029917,13.1153135,12.823985,13.210095,0.1400788201,0.1641928113,0.162563831,0.167458378,0,0
k1_kernel_tuning,RVV,tile_N,128,k1-rvv,GEMM_RVV_FP32_INT8_8x8_Baseline,RVV_IGEMM_INT8_I8I32_8x8,igemm_kernel_8x8_zvl256b_lmul1_unroll4_i8i32,8x8,256b,1,4,INT8_RVV,0-7,8,1024,1024,1024,128,GOPS,NA,static,0,6,12.95078033,12.9408535,12.767638,13.120774,0.1323735005,0.1658332983,0.163670499,0.168197416,0,0
k1_kernel_tuning,RVV,tile_N,128,k1-rvv,GEMM_RVV_FP32_INT8_8x8_Baseline,RVV_IGEMM_INT8_I8I32_8x8,igemm_kernel_8x8_zvl256b_lmul1_unroll8_i8i32,8x8,256b,1,8,INT8_RVV,0-7,8,1024,1024,1024,128,GOPS,NA,static,0,6,13.9021945,13.908681,13.766744,14.023273,0.1066615053,0.1544784233,0.153137125,0.155990668,0,0
k1_kernel_tuning,RVV,tile_N,128,k1-rvv,GEMM_RVV_FP32_INT8_8x8_Baseline,RVV_IGEMM_INT8_I8I32_8x8,igemm_kernel_8x8_zvl256b_lmul2_unroll1_i8i32,8x8,256b,2,1,INT8_RVV,0-7,8,1024,1024,1024,128,GOPS,NA,static,0,6,3.962284833,3.9693905,3.935818,3.977698,0.01678435728,0.5419892362,0.539881002,0.545625709,0,0
k1_kernel_tuning,RVV,tile_N,128,k1-rvv,GEMM_RVV_FP32_INT8_8x8_Baseline,RVV_IGEMM_INT8_I8I32_8x8,igemm_kernel_8x8_zvl256b_lmul2_unroll2_i8i32,8x8,256b,2,2,INT8_RVV,0-7,8,1024,1024,1024,128,GOPS,NA,static,0,6,4.072667833,4.0856925,4.034207,4.094742,0.0254792373,0.527308895,0.524449125,0.532318667,0,0
k1_kernel_tuning,RVV,tile_N,128,k1-rvv,GEMM_RVV_FP32_INT8_8x8_Baseline,RVV_IGEMM_INT8_I8I32_8x8,igemm_kernel_8x8_zvl256b_lmul2_unroll4_i8i32,8x8,256b,2,4,INT8_RVV,0-7,8,1024,1024,1024,128,GOPS,NA,static,0,6,3.5199195,3.5298095,3.467178,3.548225,0.03083847059,0.610133792,0.605227541,0.619375002,0,0
k1_kernel_tuning,RVV,tile_N,128,k1-rvv,GEMM_RVV_FP32_INT8_8x8_Baseline,RVV_IGEMM_INT8_I8I32_8x8,igemm_kernel_8x8_zvl256b_lmul2_unroll8_i8i32,8x8,256b,2,8,INT8_RVV,0-7,8,1024,1024,1024,128,GOPS,NA,static,0,6,4.266258,4.281052,4.180474,4.307059,0.0471698552,0.5034165563,0.498596292,0.513693836,0,0
k1_kernel_tuning,RVV,tile_N,128,k1-rvv,GEMM_RVV_FP32_INT8_8x8_Baseline,RVV_IGEMM_INT8_I8I32_8x8,igemm_kernel_8x8_zvl256b_lmulmf2_unroll1_i8i32,8x8,256b,mf2,1,INT8_RVV,0-7,8,1024,1024,1024,128,GOPS,NA,static,0,6,38.8074245,39.5781155,33.916606,40.808292,2.510919667,0.05554918767,0.052623708,0.063316584,0,0
k1_kernel_tuning,RVV,tile_N,128,k1-rvv,GEMM_RVV_FP32_INT8_8x8_Baseline,RVV_IGEMM_INT8_I8I32_8x8,igemm_kernel_8x8_zvl256b_lmulmf2_unroll2_i8i32,8x8,256b,mf2,2,INT8_RVV,0-7,8,1024,1024,1024,128,GOPS,NA,static,0,6,44.79172017,44.9632405,42.359221,45.833641,1.271101937,0.04797710367,0.046853874,0.050696958,0,0
k1_kernel_tuning,RVV,tile_N,128,k1-rvv,GEMM_RVV_FP32_INT8_8x8_Baseline,RVV_IGEMM_INT8_I8I32_8x8,igemm_kernel_8x8_zvl256b_lmulmf2_unroll4_i8i32,8x8,256b,mf2,4,INT8_RVV,0-7,8,1024,1024,1024,128,GOPS,NA,static,0,6,46.28972883,46.3976585,45.25345,46.88991,0.5849101446,0.0463984665,0.045798417,0.047454584,0,0
k1_kernel_tuning,RVV,tile_N,128,k1-rvv,GEMM_RVV_FP32_INT8_8x8_Baseline,RVV_IGEMM_INT8_I8I32_8x8,igemm_kernel_8x8_zvl256b_lmulmf2_unroll8_i8i32,8x8,256b,mf2,8,INT8_RVV,0-7,8,1024,1024,1024,128,GOPS,NA,static,0,6,45.60668933,45.65149,44.043268,46.839199,1.044408408,0.04710774983,0.045848001,0.048758499,0,0
k1_kernel_tuning,RVV,tile_N,128,k1-rvv,GEMM_RVV_FP32_INT8_8x8_Baseline,RVV_IGEMM_INT8_I8I32_8x8,igemm_kernel_8x8_zvl256b_lmulmf4_unroll1_i8i32,8x8,256b,mf4,1,INT8_RVV,0-7,8,1024,1024,1024,128,GOPS,NA,static,0,6,49.44676567,49.7585735,48.521063,49.867209,0.5745452035,0.04343514583,0.043064043,0.044258792,0,0
k1_kernel_tuning,RVV,tile_N,128,k1-rvv,GEMM_RVV_FP32_INT8_8x8_Baseline,RVV_IGEMM_INT8_I8I32_8x8,igemm_kernel_8x8_zvl256b_lmulmf4_unroll2_i8i32,8x8,256b,mf4,2,INT8_RVV,0-7,8,1024,1024,1024,128,GOPS,NA,static,0,6,50.673352,51.8132815,46.17938,53.181646,2.790215732,0.04249055633,0.040380165,0.046503086,0,0
k1_kernel_tuning,RVV,tile_N,128,k1-rvv,GEMM_RVV_FP32_INT8_8x8_Baseline,RVV_IGEMM_INT8_I8I32_8x8,igemm_kernel_8x8_zvl256b_lmulmf4_unroll4_i8i32,8x8,256b,mf4,4,INT8_RVV,0-7,8,1024,1024,1024,128,GOPS,NA,static,0,6,53.15760167,53.046721,52.058054,54.278215,0.9158217996,0.04040840217,0.039564375,0.041251708,0,0
k1_kernel_tuning,RVV,tile_N,128,k1-rvv,GEMM_RVV_FP32_INT8_8x8_Baseline,RVV_IGEMM_INT8_I8I32_8x8,igemm_kernel_8x8_zvl256b_lmulmf4_unroll8_i8i32,8x8,256b,mf4,8,INT8_RVV,0-7,8,1024,1024,1024,128,GOPS,NA,static,0,6,53.81782767,54.1680095,51.093158,55.432937,1.532870598,0.0399305005,0.03874021,0.042030748,0,0
k1_kernel_tuning,IME,tile_N,128,k1-ime,IME_NATIVE_KERNELS,IME_GEMM_INT8_I8I32_8x4_NATIVE,ime_kernel_8x4_zvl256b_lmul1_unroll1,8x4,256b,1,1,INT8_IME,0-3,4,1024,1024,1024,128,GOPS,NA,static,0,6,27.08825317,27.30468,25.99505,28.035964,0.7820244113,0.07933295233,0.07659746,0.082611252,0,0
k1_kernel_tuning,IME,tile_N,128,k1-ime,IME_NATIVE_KERNELS,IME_GEMM_INT8_I8I32_8x4_NATIVE,ime_kernel_8x4_zvl256b_lmul1_unroll2,8x4,256b,1,2,INT8_IME,0-3,4,1024,1024,1024,128,GOPS,NA,static,0,6,27.4037895,27.416874,25.706103,28.728382,0.9852913336,0.0784507435,0.074751291,0.083539836,0,0
k1_kernel_tuning,IME,tile_N,128,k1-ime,IME_NATIVE_KERNELS,IME_GEMM_INT8_I8I32_8x4_NATIVE,ime_kernel_8x4_zvl256b_lmul1_unroll4,8x4,256b,1,4,INT8_IME,0-3,4,1024,1024,1024,128,GOPS,NA,static,0,6,27.81760967,27.953372,25.658932,30.421152,1.644051222,0.07742153483,0.070591792,0.083693415,0,0
k1_kernel_tuning,IME,tile_N,128,k1-ime,IME_NATIVE_KERNELS,IME_GEMM_INT8_I8I32_8x4_NATIVE,ime_kernel_8x4_zvl256b_lmul1_unroll8,8x4,256b,1,8,INT8_IME,0-3,4,1024,1024,1024,128,GOPS,NA,static,0,6,27.63583567,27.531755,25.875193,29.212397,1.366116259,0.07786486867,0.073512752,0.082993917,0,0
k1_kernel_tuning,IME,tile_N,128,k1-ime,IME_NATIVE_KERNELS,IME_GEMM_INT8_I8I32_8x8_NATIVE,ime_kernel_8x8_zvl256b_lmul1_unroll1,8x8,256b,1,1,INT8_IME,0-3,4,1024,1024,1024,128,GOPS,NA,static,0,6,42.2266405,42.563156,40.077797,43.699853,1.472356105,0.05090839,0.049141668,0.053582877,0,0
k1_kernel_tuning,IME,tile_N,128,k1-ime,IME_NATIVE_KERNELS,IME_GEMM_INT8_I8I32_8x8_NATIVE,ime_kernel_8x8_zvl256b_lmul1_unroll2,8x8,256b,1,2,INT8_IME,0-3,4,1024,1024,1024,128,GOPS,NA,static,0,6,40.87216367,40.0439405,38.111145,43.932966,2.304717406,0.05267852783,0.048880916,0.056347918,0,0
k1_kernel_tuning,IME,tile_N,128,k1-ime,IME_NATIVE_KERNELS,IME_GEMM_INT8_I8I32_8x8_NATIVE,ime_kernel_8x8_zvl256b_lmul1_unroll4,8x8,256b,1,4,INT8_IME,0-3,4,1024,1024,1024,128,GOPS,NA,static,0,6,39.8834565,39.572829,37.862584,43.630564,1.993390828,0.05395075,0.049219709,0.056717832,0,0
k1_kernel_tuning,IME,tile_N,128,k1-ime,IME_NATIVE_KERNELS,IME_GEMM_INT8_I8I32_8x8_NATIVE,ime_kernel_8x8_zvl256b_lmul1_unroll8,8x8,256b,1,8,INT8_IME,0-3,4,1024,1024,1024,128,GOPS,NA,static,0,6,41.61486017,42.4464035,36.177539,45.228355,3.428335975,0.051911479,0.047480915,0.059359584,0,0
